id,shipgirl,skin,tag,category,shipyard_url
100000,범용형 부린,범용형 부린,X,,https://raw.githubusercontent.com/JforPlay/data_for_toy/main/skin_shipyard/100000.webp
100001,범용형 부린,범용형 강화 장비(업무용),X,기타,https://raw.githubusercontent.com/JforPlay/data_for_toy/main/skin_shipyard/100001.webp
100002,범용형 부린,변신! 마법소녀 ★ 부린!,배경,동화 속 세계,https://raw.githubusercontent.com/JforPlay/data_for_toy/main/skin_shipyard/100002.webp
100010,시제형 부린 MKⅡ,시제형 부린 MKⅡ,X,,https://raw.githubusercontent.com/JforPlay/data_for_toy/main/skin_shipyard/100010.webp
100011,시제형 부린 MKⅡ,시제형 첨단 장비(촬영용),X,기타,https://raw.githubusercontent.com/JforPlay/data_for_toy/main/skin_shipyard/100011.webp
100020,특장형 부린 MKIII,특장형 부린 MKIII,X,,https://raw.githubusercontent.com/JforPlay/data_for_toy/main/skin_shipyard/100020.webp
100021,특장형 부린 MKIII,정의의 대행자 푸링★,배경,기타,https://raw.githubusercontent.com/JforPlay/data_for_toy/main/skin_shipyard/100021.webp
101020,듀이,듀이,X,,https://raw.githubusercontent.com/JforPlay/data_for_toy/main/skin_shipyard/101020.webp
101021,듀이,여름의 동경,배경,수영복,https://raw.githubusercontent.com/JforPlay/data_for_toy/main/skin_shipyard/101021.webp
101022,듀이,겨울밤의 감사,특수배경 (움짤),크리스마스,https://raw.githubusercontent.com/JforPlay/data_for_toy/main/skin_shipyard/101022.webp
101030,캐신,캐신,X,,https://raw.githubusercontent.com/JforPlay/data_for_toy/main/skin_shipyard/101030.webp
101031,캐신,쇼핑 카트 아씨,배경,학교,https://raw.githubusercontent.com/JforPlay/data_for_toy/main/skin_shipyard/101031.webp
101039,캐신,캐신·改,X,개조,https://raw.githubusercontent.com/JforPlay/data_for_toy/main/skin_shipyard/101039.webp
101040,다운즈,다운즈,X,,https://raw.githubusercontent.com/JforPlay/data_for_toy/main/skin_shipyard/101040.webp
101041,다운즈,파트 타임 봄버,배경,학교,https://raw.githubusercontent.com/JforPlay/data_for_toy/main/skin_shipyard/101041.webp
101049,다운즈,다운즈·改,X,개조,https://raw.githubusercontent.com/JforPlay/data_for_toy/main/skin_shipyard/101049.webp
101050,그리들리,그리들리,X,,https://raw.githubusercontent.com/JforPlay/data_for_toy/main/skin_shipyard/101050.webp
101051,그리들리,성야의 촬영회!,배경,크리스마스,https://raw.githubusercontent.com/JforPlay/data_for_toy/main/skin_shipyard/101051.webp
101060,크레이븐,크레이븐,X,,https://raw.githubusercontent.com/JforPlay/data_for_toy/main/skin_shipyard/101060.webp
101061,크레이븐,장외의 치어리더,배경,학교,https://raw.githubusercontent.com/JforPlay/data_for_toy/main/skin_shipyard/101061.webp
101070,맥콜,맥콜,X,,https://raw.githubusercontent.com/JforPlay/data_for_toy/main/skin_shipyard/101070.webp
101080,모리,모리,X,,https://raw.githubusercontent.com/JforPlay/data_for_toy/main/skin_shipyard/101080.webp
101089,모리,모리·改,X,개조,https://raw.githubusercontent.com/JforPlay/data_for_toy/main/skin_shipyard/101089.webp
101090,플레처,플레처,X,,https://raw.githubusercontent.com/JforPlay/data_for_toy/main/skin_shipyard/101090.webp
101100,윌리엄 D 포터,윌리엄 D 포터,X,,https://raw.githubusercontent.com/JforPlay/data_for_toy/main/skin_shipyard/101100.webp
101101,윌리엄 D 포터,전대미문의 메이드 서비스,"중파 일러, 배경",메이드 타임,https://raw.githubusercontent.com/JforPlay/data_for_toy/main/skin_shipyard/101101.webp
101110,찰스 오스본,찰스 오스본,X,,https://raw.githubusercontent.com/JforPlay/data_for_toy/main/skin_shipyard/101110.webp
101119,찰스 오스본,찰스 오스본•改,X,개조,https://raw.githubusercontent.com/JforPlay/data_for_toy/main/skin_shipyard/101119.webp
101120,대처,대처,X,,https://raw.githubusercontent.com/JforPlay/data_for_toy/main/skin_shipyard/101120.webp
101130,얼릭,얼릭,X,,https://raw.githubusercontent.com/JforPlay/data_for_toy/main/skin_shipyard/101130.webp
101140,푸트,푸트,X,,https://raw.githubusercontent.com/JforPlay/data_for_toy/main/skin_shipyard/101140.webp
101150,스펜스,스펜스,X,,https://raw.githubusercontent.com/JforPlay/data_for_toy/main/skin_shipyard/101150.webp
101160,벤슨,벤슨,X,,https://raw.githubusercontent.com/JforPlay/data_for_toy/main/skin_shipyard/101160.webp
101161,벤슨,핼러윈 토끼 미소녀!,배경,할로윈,https://raw.githubusercontent.com/JforPlay/data_for_toy/main/skin_shipyard/101161.webp
101170,라피,라피,X,,https://raw.githubusercontent.com/JforPlay/data_for_toy/main/skin_shipyard/101170.webp
101172,라피,눈토끼와 사과 사탕,배경,정월,https://raw.githubusercontent.com/JforPlay/data_for_toy/main/skin_shipyard/101172.webp
101173,라피,봄을 기다리는 토끼,"L2D, 배경",이스트 글림 스타일,https://raw.githubusercontent.com/JforPlay/data_for_toy/main/skin_shipyard/101173.webp
101174,라피,토끼 직원?,X,기타,https://raw.githubusercontent.com/JforPlay/data_for_toy/main/skin_shipyard/101174.webp
101175,라피,피크닉 해프닝?,배경,사복,https://raw.githubusercontent.com/JforPlay/data_for_toy/main/skin_shipyard/101175.webp
101176,라피,토끼 아이돌・나른나른,특수배경 (움짤),Live,https://raw.githubusercontent.com/JforPlay/data_for_toy/main/skin_shipyard/101176.webp
101177,라피,대청소의 시작과 끝,배경,홈웨어,https://raw.githubusercontent.com/JforPlay/data_for_toy/main/skin_shipyard/101177.webp
101178,라피,토끼와 서약,X,서약,https://raw.githubusercontent.com/JforPlay/data_for_toy/main/skin_shipyard/101178.webp
101179,라피,라피·改,X,개조,https://raw.githubusercontent.com/JforPlay/data_for_toy/main/skin_shipyard/101179.webp
101240,심즈,심즈,X,,https://raw.githubusercontent.com/JforPlay/data_for_toy/main/skin_shipyard/101240.webp
101249,심즈,심즈·改,X,개조,https://raw.githubusercontent.com/JforPlay/data_for_toy/main/skin_shipyard/101249.webp
101250,허먼,허먼,X,,https://raw.githubusercontent.com/JforPlay/data_for_toy/main/skin_shipyard/101250.webp
101251,허먼,새침데기 섬머,배경,수영복,https://raw.githubusercontent.com/JforPlay/data_for_toy/main/skin_shipyard/101251.webp
101252,허먼,무도회의 새침한 요정,특수배경 (움짤),파티,https://raw.githubusercontent.com/JforPlay/data_for_toy/main/skin_shipyard/101252.webp
101253,허먼,냥냥 아이돌 펀치!,특수배경 (움짤),Live,https://raw.githubusercontent.com/JforPlay/data_for_toy/main/skin_shipyard/101253.webp
101254,허먼,성야의 서프라이즈!,특수배경 (움짤),크리스마스,https://raw.githubusercontent.com/JforPlay/data_for_toy/main/skin_shipyard/101254.webp
101255,허먼,Blushing Fellow,배경,극속광열,https://raw.githubusercontent.com/JforPlay/data_for_toy/main/skin_shipyard/101255.webp
101259,허먼,허먼·改,X,개조,https://raw.githubusercontent.com/JforPlay/data_for_toy/main/skin_shipyard/101259.webp
101260,엘드릿지,엘드릿지,X,,https://raw.githubusercontent.com/JforPlay/data_for_toy/main/skin_shipyard/101260.webp
101261,엘드릿지,성야의 포옹,배경,크리스마스,https://raw.githubusercontent.com/JforPlay/data_for_toy/main/skin_shipyard/101261.webp
101262,엘드릿지,빈 교실의 불가사의,배경,학교,https://raw.githubusercontent.com/JforPlay/data_for_toy/main/skin_shipyard/101262.webp
101263,엘드릿지,정월의 손길,"L2D, 배경",정월,https://raw.githubusercontent.com/JforPlay/data_for_toy/main/skin_shipyard/101263.webp
101264,엘드릿지,냥냥 아이돌?,"L2D, 특수배경 (움짤)",Live,https://raw.githubusercontent.com/JforPlay/data_for_toy/main/skin_shipyard/101264.webp
101265,엘드릿지,우주 추석,X,기타,https://raw.githubusercontent.com/JforPlay/data_for_toy/main/skin_shipyard/101265.webp
101266,엘드릿지,오늘도 착한 아이의 방과후,배경,학교,https://raw.githubusercontent.com/JforPlay/data_for_toy/main/skin_shipyard/101266.webp
101268,엘드릿지,한낮의 포레스트 채플,X,서약,https://raw.githubusercontent.com/JforPlay/data_for_toy/main/skin_shipyard/101268.webp
101269,엘드릿지,엘드릿지·改,X,개조,https://raw.githubusercontent.com/JforPlay/data_for_toy/main/skin_shipyard/101269.webp
101270,베일리,베일리,X,,https://raw.githubusercontent.com/JforPlay/data_for_toy/main/skin_shipyard/101270.webp
101271,베일리,장난스러운 베일리,X,할로윈,https://raw.githubusercontent.com/JforPlay/data_for_toy/main/skin_shipyard/101271.webp
101272,베일리,토끼토끼 산타!,특수배경 (움짤),크리스마스,https://raw.githubusercontent.com/JforPlay/data_for_toy/main/skin_shipyard/101272.webp
101279,베일리,베일리·改,X,개조,https://raw.githubusercontent.com/JforPlay/data_for_toy/main/skin_shipyard/101279.webp
101290,래드포드,래드포드,X,,https://raw.githubusercontent.com/JforPlay/data_for_toy/main/skin_shipyard/101290.webp
101291,래드포드,Candy Magic！,배경,할로윈,https://raw.githubusercontent.com/JforPlay/data_for_toy/main/skin_shipyard/101291.webp
101300,젠킨스,젠킨스,X,,https://raw.githubusercontent.com/JforPlay/data_for_toy/main/skin_shipyard/101300.webp
101301,젠킨스,별빛과 흰눈의 이브,특수배경 (움짤),크리스마스,https://raw.githubusercontent.com/JforPlay/data_for_toy/main/skin_shipyard/101301.webp
101310,니콜라스,니콜라스,X,,https://raw.githubusercontent.com/JforPlay/data_for_toy/main/skin_shipyard/101310.webp
101311,니콜라스,니콜너스,X,병원,https://raw.githubusercontent.com/JforPlay/data_for_toy/main/skin_shipyard/101311.webp
101312,니콜라스,미스 패키징?,배경,크리스마스,https://raw.githubusercontent.com/JforPlay/data_for_toy/main/skin_shipyard/101312.webp
101313,니콜라스,여름 청소 운동,배경,수영복,https://raw.githubusercontent.com/JforPlay/data_for_toy/main/skin_shipyard/101313.webp
101314,니콜라스,방과후의 서프라이즈?,배경,학교,https://raw.githubusercontent.com/JforPlay/data_for_toy/main/skin_shipyard/101314.webp
101319,니콜라스,니콜라스·改,X,개조,https://raw.githubusercontent.com/JforPlay/data_for_toy/main/skin_shipyard/101319.webp
101330,부시,부시,X,,https://raw.githubusercontent.com/JforPlay/data_for_toy/main/skin_shipyard/101330.webp
101331,부시,꼬마 화가,X,기타,https://raw.githubusercontent.com/JforPlay/data_for_toy/main/skin_shipyard/101331.webp
101340,헤이즐우드,헤이즐우드,X,,https://raw.githubusercontent.com/JforPlay/data_for_toy/main/skin_shipyard/101340.webp
101350,배시,배시,X,,https://raw.githubusercontent.com/JforPlay/data_for_toy/main/skin_shipyard/101350.webp
101351,배시,럭셔리 스피드 스타,배경,사복,https://raw.githubusercontent.com/JforPlay/data_for_toy/main/skin_shipyard/101351.webp
101352,배시,눈부신 경기장의 별,특수배경 (움짤),스포츠,https://raw.githubusercontent.com/JforPlay/data_for_toy/main/skin_shipyard/101352.webp
101360,하비,하비,X,,https://raw.githubusercontent.com/JforPlay/data_for_toy/main/skin_shipyard/101360.webp
101361,하비,리틀 스쿨 스타,배경,학교,https://raw.githubusercontent.com/JforPlay/data_for_toy/main/skin_shipyard/101361.webp
101370,커크,커크,X,,https://raw.githubusercontent.com/JforPlay/data_for_toy/main/skin_shipyard/101370.webp
101371,커크,학원의 눈꽃 요정,배경,학교,https://raw.githubusercontent.com/JforPlay/data_for_toy/main/skin_shipyard/101371.webp
101380,킴벌리,킴벌리,X,,https://raw.githubusercontent.com/JforPlay/data_for_toy/main/skin_shipyard/101380.webp
101382,킴벌리,안양의 이문화 공부,배경,이스트 글림 스타일,https://raw.githubusercontent.com/JforPlay/data_for_toy/main/skin_shipyard/101382.webp
101390,멀라니,멀라니,X,,https://raw.githubusercontent.com/JforPlay/data_for_toy/main/skin_shipyard/101390.webp
101392,멀라니,칭양의 요리 특훈,배경,이스트 글림 스타일,https://raw.githubusercontent.com/JforPlay/data_for_toy/main/skin_shipyard/101392.webp
101400,아일윈,아일윈,X,,https://raw.githubusercontent.com/JforPlay/data_for_toy/main/skin_shipyard/101400.webp
101401,아일윈,일요일의 아쿠아리움,X,사복,https://raw.githubusercontent.com/JforPlay/data_for_toy/main/skin_shipyard/101401.webp
101410,스탠리,스탠리,X,,https://raw.githubusercontent.com/JforPlay/data_for_toy/main/skin_shipyard/101410.webp
101420,스몰리,스몰리,X,,https://raw.githubusercontent.com/JforPlay/data_for_toy/main/skin_shipyard/101420.webp
101421,스몰리,위치 딜리버리,배경,할로윈,https://raw.githubusercontent.com/JforPlay/data_for_toy/main/skin_shipyard/101421.webp
101430,할시 파웰,할시 파웰,X,,https://raw.githubusercontent.com/JforPlay/data_for_toy/main/skin_shipyard/101430.webp
101431,할시 파웰,새해의 럭키스타!,특수배경 (움짤),이스트 글림 스타일,https://raw.githubusercontent.com/JforPlay/data_for_toy/main/skin_shipyard/101431.webp
101440,쿠퍼,쿠퍼,X,,https://raw.githubusercontent.com/JforPlay/data_for_toy/main/skin_shipyard/101440.webp
101441,쿠퍼,뜨거운 테니스장,"L2D, 특수배경 (움짤)",스포츠,https://raw.githubusercontent.com/JforPlay/data_for_toy/main/skin_shipyard/101441.webp
101442,쿠퍼,성야의 따뜻한 선물,배경,크리스마스,https://raw.githubusercontent.com/JforPlay/data_for_toy/main/skin_shipyard/101442.webp
101450,알렌 M. 섬너,알렌 M. 섬너,X,,https://raw.githubusercontent.com/JforPlay/data_for_toy/main/skin_shipyard/101450.webp
101451,알렌 M. 섬너,Charming Rabbit,"L2D, 배경",카니발,https://raw.githubusercontent.com/JforPlay/data_for_toy/main/skin_shipyard/101451.webp
101452,알렌 M. 섬너,트윈 페이스 미스틱,"배경, 쁘띠모션",특수 훈련,https://raw.githubusercontent.com/JforPlay/data_for_toy/main/skin_shipyard/101452.webp
101460,스테판 포터,스테판 포터,X,,https://raw.githubusercontent.com/JforPlay/data_for_toy/main/skin_shipyard/101460.webp
101461,스테판 포터,느긋한 핑크 바니,배경,카니발,https://raw.githubusercontent.com/JforPlay/data_for_toy/main/skin_shipyard/101461.webp
101470,모리슨,모리슨,X,,https://raw.githubusercontent.com/JforPlay/data_for_toy/main/skin_shipyard/101470.webp
101471,모리슨,Sleeping Bunny,배경,카니발,https://raw.githubusercontent.com/JforPlay/data_for_toy/main/skin_shipyard/101471.webp
101472,모리슨,하이테크? 인술?,"중파 일러, 배경",닌자의 성,https://raw.githubusercontent.com/JforPlay/data_for_toy/main/skin_shipyard/101472.webp
101480,잉그레이엄,잉그레이엄,X,,https://raw.githubusercontent.com/JforPlay/data_for_toy/main/skin_shipyard/101480.webp
101481,잉그레이엄,음료 연구원?,배경,카니발,https://raw.githubusercontent.com/JforPlay/data_for_toy/main/skin_shipyard/101481.webp
101490,브리스톨,브리스톨,X,,https://raw.githubusercontent.com/JforPlay/data_for_toy/main/skin_shipyard/101490.webp
101491,브리스톨,이스트 글림의 괴담,특수배경 (움짤),이스트 글림 스타일,https://raw.githubusercontent.com/JforPlay/data_for_toy/main/skin_shipyard/101491.webp
101492,브리스톨,토플리스 인베스티게이터,배경,할로윈,https://raw.githubusercontent.com/JforPlay/data_for_toy/main/skin_shipyard/101492.webp
101500,허먼Ⅱ,허먼Ⅱ,X,,https://raw.githubusercontent.com/JforPlay/data_for_toy/main/skin_shipyard/101500.webp
101501,허먼Ⅱ,다시 찾아온 여름의 전쟁,배경,수영복,https://raw.githubusercontent.com/JforPlay/data_for_toy/main/skin_shipyard/101501.webp
101502,허먼Ⅱ,허먼의 맛있는 마법,배경,메이드 타임,https://raw.githubusercontent.com/JforPlay/data_for_toy/main/skin_shipyard/101502.webp
101510,라피Ⅱ,라피Ⅱ,X,,https://raw.githubusercontent.com/JforPlay/data_for_toy/main/skin_shipyard/101510.webp
101511,라피Ⅱ,꾸벅꾸벅 바쁜 날,"L2D, 배경",카니발,https://raw.githubusercontent.com/JforPlay/data_for_toy/main/skin_shipyard/101511.webp
101512,라피Ⅱ,토끼토끼성 성주의 순찰 휴식,"쁘띠모션, 배경",여름 축제,https://raw.githubusercontent.com/JforPlay/data_for_toy/main/skin_shipyard/101512.webp
101520,벨,벨,X,,https://raw.githubusercontent.com/JforPlay/data_for_toy/main/skin_shipyard/101520.webp
101521,벨,살룬 엑시던트,배경,웨스턴,https://raw.githubusercontent.com/JforPlay/data_for_toy/main/skin_shipyard/101521.webp
101530,밀러,밀러,X,,https://raw.githubusercontent.com/JforPlay/data_for_toy/main/skin_shipyard/101530.webp
101531,밀러,괴인 실험체 M01,배경,병원,https://raw.githubusercontent.com/JforPlay/data_for_toy/main/skin_shipyard/101531.webp
101550,클래런스 K 브론슨,클래런스 K 브론슨,X,,https://raw.githubusercontent.com/JforPlay/data_for_toy/main/skin_shipyard/101550.webp
101551,클래런스 K 브론슨,스페셜 커넥션?,배경,메이드 타임,https://raw.githubusercontent.com/JforPlay/data_for_toy/main/skin_shipyard/101551.webp
102010,오마하,오마하,X,,https://raw.githubusercontent.com/JforPlay/data_for_toy/main/skin_shipyard/102010.webp
102020,롤리,롤리,X,,https://raw.githubusercontent.com/JforPlay/data_for_toy/main/skin_shipyard/102020.webp
102030,브루클린,브루클린,X,,https://raw.githubusercontent.com/JforPlay/data_for_toy/main/skin_shipyard/102030.webp
102040,피닉스,피닉스,X,,https://raw.githubusercontent.com/JforPlay/data_for_toy/main/skin_shipyard/102040.webp
102050,헬레나,헬레나,X,,https://raw.githubusercontent.com/JforPlay/data_for_toy/main/skin_shipyard/102050.webp
102051,헬레나,파랑새의 정월,배경,정월,https://raw.githubusercontent.com/JforPlay/data_for_toy/main/skin_shipyard/102051.webp
102052,헬레나,지휘관과의 춤,배경,파티,https://raw.githubusercontent.com/JforPlay/data_for_toy/main/skin_shipyard/102052.webp
102053,헬레나,광휘의 트라이앵글 웨이브,"L2D, 배경",수영복,https://raw.githubusercontent.com/JforPlay/data_for_toy/main/skin_shipyard/102053.webp
102054,헬레나,편백욕조와 따뜻한 시간,"쁘띠모션, 배경",온천 타임,https://raw.githubusercontent.com/JforPlay/data_for_toy/main/skin_shipyard/102054.webp
102058,헬레나,순백의 기적,X,서약,https://raw.githubusercontent.com/JforPlay/data_for_toy/main/skin_shipyard/102058.webp
102059,헬레나,헬레나·改,X,개조,https://raw.githubusercontent.com/JforPlay/data_for_toy/main/skin_shipyard/102059.webp
102060,애틀란타,애틀란타,X,,https://raw.githubusercontent.com/JforPlay/data_for_toy/main/skin_shipyard/102060.webp
102070,쥬노,쥬노,X,,https://raw.githubusercontent.com/JforPlay/data_for_toy/main/skin_shipyard/102070.webp
102071,쥬노,백조의 화원으로,특수배경 (움짤),파티,https://raw.githubusercontent.com/JforPlay/data_for_toy/main/skin_shipyard/102071.webp
102079,쥬노,쥬노·改,X,개조,https://raw.githubusercontent.com/JforPlay/data_for_toy/main/skin_shipyard/102079.webp
102080,샌디에이고,샌디에이고,X,,https://raw.githubusercontent.com/JforPlay/data_for_toy/main/skin_shipyard/102080.webp
102081,샌디에이고,메리 크리디에이고!,배경,크리스마스,https://raw.githubusercontent.com/JforPlay/data_for_toy/main/skin_shipyard/102081.webp
102088,샌디에이고,June Bride No.1！,X,서약,https://raw.githubusercontent.com/JforPlay/data_for_toy/main/skin_shipyard/102088.webp
102089,샌디에이고,샌디에이고·改,X,개조,https://raw.githubusercontent.com/JforPlay/data_for_toy/main/skin_shipyard/102089.webp
102090,클리블랜드,클리블랜드,X,,https://raw.githubusercontent.com/JforPlay/data_for_toy/main/skin_shipyard/102090.webp
102091,클리블랜드,데빌 피버,X,할로윈,https://raw.githubusercontent.com/JforPlay/data_for_toy/main/skin_shipyard/102091.webp
102092,클리블랜드,비스티 나이트,"L2D, 배경",파티,https://raw.githubusercontent.com/JforPlay/data_for_toy/main/skin_shipyard/102092.webp
102093,클리블랜드,Road·Traveler,배경,사복,https://raw.githubusercontent.com/JforPlay/data_for_toy/main/skin_shipyard/102093.webp
102094,클리블랜드,신년 배틀!,배경,정월,https://raw.githubusercontent.com/JforPlay/data_for_toy/main/skin_shipyard/102094.webp
102095,클리블랜드,남방의 여행길,배경,기타,https://raw.githubusercontent.com/JforPlay/data_for_toy/main/skin_shipyard/102095.webp
102096,클리블랜드,골든 컨덕터,배경,파티,https://raw.githubusercontent.com/JforPlay/data_for_toy/main/skin_shipyard/102096.webp
102097,클리블랜드,가게의 기사,"L2D, 배경",카니발,https://raw.githubusercontent.com/JforPlay/data_for_toy/main/skin_shipyard/102097.webp
102098,클리블랜드,가슴 떨리는 순간,X,서약,https://raw.githubusercontent.com/JforPlay/data_for_toy/main/skin_shipyard/102098.webp
102100,컬럼비아,컬럼비아,X,,https://raw.githubusercontent.com/JforPlay/data_for_toy/main/skin_shipyard/102100.webp
102101,컬럼비아,방학 전의 Odette,배경,학교,https://raw.githubusercontent.com/JforPlay/data_for_toy/main/skin_shipyard/102101.webp
102102,컬럼비아,종횡무진 초원 여행,배경,기타,https://raw.githubusercontent.com/JforPlay/data_for_toy/main/skin_shipyard/102102.webp
102110,리치몬드,리치몬드,X,,https://raw.githubusercontent.com/JforPlay/data_for_toy/main/skin_shipyard/102110.webp
102120,호놀룰루,호놀룰루,X,,https://raw.githubusercontent.com/JforPlay/data_for_toy/main/skin_shipyard/102120.webp
102121,호놀룰루,양산을 쓴 그녀,배경,학교,https://raw.githubusercontent.com/JforPlay/data_for_toy/main/skin_shipyard/102121.webp
102122,호놀룰루,여름의 수난,"L2D, 배경",수영복,https://raw.githubusercontent.com/JforPlay/data_for_toy/main/skin_shipyard/102122.webp
102123,호놀룰루,대담한(?) 루돌프 아가씨,배경,크리스마스,https://raw.githubusercontent.com/JforPlay/data_for_toy/main/skin_shipyard/102123.webp
102124,호놀룰루,둘만의 여름 축제,"L2D, 배경",여름 축제,https://raw.githubusercontent.com/JforPlay/data_for_toy/main/skin_shipyard/102124.webp
102130,세인트루이스,세인트루이스,X,,https://raw.githubusercontent.com/JforPlay/data_for_toy/main/skin_shipyard/102130.webp
102131,세인트루이스,봄의 꽃,"L2D, 배경",이스트 글림 스타일,https://raw.githubusercontent.com/JforPlay/data_for_toy/main/skin_shipyard/102131.webp
102132,세인트루이스,"눈 내린 그날 밤, 잊지 못할 그 한 잔의 술","L2D, 배경",정월,https://raw.githubusercontent.com/JforPlay/data_for_toy/main/skin_shipyard/102132.webp
102133,세인트루이스,Luxury Handle,"L2D, 배경",파티,https://raw.githubusercontent.com/JforPlay/data_for_toy/main/skin_shipyard/102133.webp
102134,세인트루이스,풀 데크 애프터눈,"L2D, 배경",수영복,https://raw.githubusercontent.com/JforPlay/data_for_toy/main/skin_shipyard/102134.webp
102140,몬트필리어,몬트필리어,X,,https://raw.githubusercontent.com/JforPlay/data_for_toy/main/skin_shipyard/102140.webp
102141,몬트필리어,눈 내린 밤에 핀 꽃,배경,정월,https://raw.githubusercontent.com/JforPlay/data_for_toy/main/skin_shipyard/102141.webp
102142,몬트필리어,마경의 프린세스？,배경,파티,https://raw.githubusercontent.com/JforPlay/data_for_toy/main/skin_shipyard/102142.webp
102143,몬트필리어,살짝 취했을 때의 해열법,배경,,https://raw.githubusercontent.com/JforPlay/data_for_toy/main/skin_shipyard/102143.webp
102150,덴버,덴버,X,,https://raw.githubusercontent.com/JforPlay/data_for_toy/main/skin_shipyard/102150.webp
102151,덴버,수증기 속의 여유,X,온천 타임,https://raw.githubusercontent.com/JforPlay/data_for_toy/main/skin_shipyard/102151.webp
102160,멤피스,멤피스,X,,https://raw.githubusercontent.com/JforPlay/data_for_toy/main/skin_shipyard/102160.webp
102161,멤피스,바다 여행,X,사복,https://raw.githubusercontent.com/JforPlay/data_for_toy/main/skin_shipyard/102161.webp
102162,멤피스,Mystical Night,배경,할로윈,https://raw.githubusercontent.com/JforPlay/data_for_toy/main/skin_shipyard/102162.webp
102163,멤피스,수업 중의 미풍,배경,학교,https://raw.githubusercontent.com/JforPlay/data_for_toy/main/skin_shipyard/102163.webp
102180,콩코드,콩코드,X,,https://raw.githubusercontent.com/JforPlay/data_for_toy/main/skin_shipyard/102180.webp
102181,콩코드,스위티 애플,배경,정월,https://raw.githubusercontent.com/JforPlay/data_for_toy/main/skin_shipyard/102181.webp
102182,콩코드,성탄☆당분천국,특수배경 (움짤),크리스마스,https://raw.githubusercontent.com/JforPlay/data_for_toy/main/skin_shipyard/102182.webp
102190,꼬마 헬레나,꼬마 헬레나,X,,https://raw.githubusercontent.com/JforPlay/data_for_toy/main/skin_shipyard/102190.webp
102200,꼬마 클리블랜드,꼬마 클리블랜드,X,,https://raw.githubusercontent.com/JforPlay/data_for_toy/main/skin_shipyard/102200.webp
102210,꼬마 샌디에이고,꼬마 샌디에이고,X,,https://raw.githubusercontent.com/JforPlay/data_for_toy/main/skin_shipyard/102210.webp
102220,산후안,산후안,X,,https://raw.githubusercontent.com/JforPlay/data_for_toy/main/skin_shipyard/102220.webp
102221,산후안,Loinging Princess,배경,파티,https://raw.githubusercontent.com/JforPlay/data_for_toy/main/skin_shipyard/102221.webp
102230,버밍햄,버밍햄,X,,https://raw.githubusercontent.com/JforPlay/data_for_toy/main/skin_shipyard/102230.webp
102231,버밍햄,적색의 기수,배경,학교,https://raw.githubusercontent.com/JforPlay/data_for_toy/main/skin_shipyard/102231.webp
102232,버밍햄,풍년의 서설,특수배경 (움짤),이스트 글림 스타일,https://raw.githubusercontent.com/JforPlay/data_for_toy/main/skin_shipyard/102232.webp
102233,버밍햄,도착지는 바람 따라,배경,수영복,https://raw.githubusercontent.com/JforPlay/data_for_toy/main/skin_shipyard/102233.webp
102234,버밍햄,Briar Maid,배경,메이드 타임,https://raw.githubusercontent.com/JforPlay/data_for_toy/main/skin_shipyard/102234.webp
102240,클리블랜드(μ장비),클리블랜드(μ장비),X,,https://raw.githubusercontent.com/JforPlay/data_for_toy/main/skin_shipyard/102240.webp
102250,빌럭시,빌럭시,X,,https://raw.githubusercontent.com/JforPlay/data_for_toy/main/skin_shipyard/102250.webp
102251,빌럭시,뷰티풀 갱스터,특수배경 (움짤),이스트 글림 스타일,https://raw.githubusercontent.com/JforPlay/data_for_toy/main/skin_shipyard/102251.webp
102252,빌럭시,LA 엠프레스,특수배경 (움짤),파티,https://raw.githubusercontent.com/JforPlay/data_for_toy/main/skin_shipyard/102252.webp
102253,빌럭시,찬란한 불꽃놀이의 밤,특수배경 (움짤),정월,https://raw.githubusercontent.com/JforPlay/data_for_toy/main/skin_shipyard/102253.webp
102254,빌럭시,로미오 혹은 줄리엣?,배경,동화 속 세계,https://raw.githubusercontent.com/JforPlay/data_for_toy/main/skin_shipyard/102254.webp
102260,리노,리노,X,,https://raw.githubusercontent.com/JforPlay/data_for_toy/main/skin_shipyard/102260.webp
102261,리노,파도의 치어리더 단장!,특수배경 (움짤),스포츠,https://raw.githubusercontent.com/JforPlay/data_for_toy/main/skin_shipyard/102261.webp
102262,리노,여름 번외편,배경,수영복,https://raw.githubusercontent.com/JforPlay/data_for_toy/main/skin_shipyard/102262.webp
102263,리노,Bunny·Reno!,"L2D, 배경",카니발,https://raw.githubusercontent.com/JforPlay/data_for_toy/main/skin_shipyard/102263.webp
102264,리노,빛나는 이스트 글림의 봄,특수배경 (움짤),이스트 글림 스타일,https://raw.githubusercontent.com/JforPlay/data_for_toy/main/skin_shipyard/102264.webp
102270,마블헤드,마블헤드,X,,https://raw.githubusercontent.com/JforPlay/data_for_toy/main/skin_shipyard/102270.webp
102271,마블헤드,Boxing Girl！,X,스포츠,https://raw.githubusercontent.com/JforPlay/data_for_toy/main/skin_shipyard/102271.webp
102272,마블헤드,눈의 차밍 타임,X,크리스마스,https://raw.githubusercontent.com/JforPlay/data_for_toy/main/skin_shipyard/102272.webp
102273,마블헤드,29.5일의 달구경 시간,특수배경 (움짤),이스트 글림 스타일,https://raw.githubusercontent.com/JforPlay/data_for_toy/main/skin_shipyard/102273.webp
102274,마블헤드,비오는 날의 우연한 만남?,"배경, 쁘띠모션",학교,https://raw.githubusercontent.com/JforPlay/data_for_toy/main/skin_shipyard/102274.webp
102290,보이시,보이시,X,,https://raw.githubusercontent.com/JforPlay/data_for_toy/main/skin_shipyard/102290.webp
102291,보이시,수줍은 사파이어,"L2D, 배경",카니발,https://raw.githubusercontent.com/JforPlay/data_for_toy/main/skin_shipyard/102291.webp
102292,보이시,오래된 성의 기담,배경,할로윈,https://raw.githubusercontent.com/JforPlay/data_for_toy/main/skin_shipyard/102292.webp
102293,보이시,취옥의 바다인어,배경,이스트 글림 스타일,https://raw.githubusercontent.com/JforPlay/data_for_toy/main/skin_shipyard/102293.webp
102294,보이시,실수해도 맛있게,배경,메이드 타임,https://raw.githubusercontent.com/JforPlay/data_for_toy/main/skin_shipyard/102294.webp
102310,휴스턴Ⅱ,휴스턴Ⅱ,X,,https://raw.githubusercontent.com/JforPlay/data_for_toy/main/skin_shipyard/102310.webp
102311,휴스턴Ⅱ,레디 투 서비스!,배경,카니발,https://raw.githubusercontent.com/JforPlay/data_for_toy/main/skin_shipyard/102311.webp
102320,보이시(μ장비),보이시(μ장비),X,,https://raw.githubusercontent.com/JforPlay/data_for_toy/main/skin_shipyard/102320.webp
102330,파고,파고,X,,https://raw.githubusercontent.com/JforPlay/data_for_toy/main/skin_shipyard/102330.webp
102331,파고,이노센트 핫웨이브,"쁘띠모션, 배경",웨스턴,https://raw.githubusercontent.com/JforPlay/data_for_toy/main/skin_shipyard/102331.webp
102340,산타페,산타페,X,,https://raw.githubusercontent.com/JforPlay/data_for_toy/main/skin_shipyard/102340.webp
102341,산타페,밤에도 계속 되는 가십 타임!,배경,병원,https://raw.githubusercontent.com/JforPlay/data_for_toy/main/skin_shipyard/102341.webp
102350,패서디나,패서디나,X,,https://raw.githubusercontent.com/JforPlay/data_for_toy/main/skin_shipyard/102350.webp
102351,패서디나,서프라이징 게임,"쁘띠모션, 배경",메이드 타임,https://raw.githubusercontent.com/JforPlay/data_for_toy/main/skin_shipyard/102351.webp
103010,펜사콜라,펜사콜라,X,,https://raw.githubusercontent.com/JforPlay/data_for_toy/main/skin_shipyard/103010.webp
103020,솔트레이크시티,솔트레이크시티,X,,https://raw.githubusercontent.com/JforPlay/data_for_toy/main/skin_shipyard/103020.webp
103030,노샘프턴,노샘프턴,X,,https://raw.githubusercontent.com/JforPlay/data_for_toy/main/skin_shipyard/103030.webp
103040,시카고,시카고,X,,https://raw.githubusercontent.com/JforPlay/data_for_toy/main/skin_shipyard/103040.webp
103050,휴스턴,휴스턴,X,,https://raw.githubusercontent.com/JforPlay/data_for_toy/main/skin_shipyard/103050.webp
103060,포틀랜드,포틀랜드,X,,https://raw.githubusercontent.com/JforPlay/data_for_toy/main/skin_shipyard/103060.webp
103061,포틀랜드,학원에서 인디랑!,배경,학교,https://raw.githubusercontent.com/JforPlay/data_for_toy/main/skin_shipyard/103061.webp
103069,포틀랜드,포틀랜드·改,X,개조,https://raw.githubusercontent.com/JforPlay/data_for_toy/main/skin_shipyard/103069.webp
103070,인디애나폴리스,인디애나폴리스,X,,https://raw.githubusercontent.com/JforPlay/data_for_toy/main/skin_shipyard/103070.webp
103071,인디애나폴리스,학원에서 언니랑……,배경,학교,https://raw.githubusercontent.com/JforPlay/data_for_toy/main/skin_shipyard/103071.webp
103072,인디애나폴리스,라이트 오브 서클 시티,특수배경 (움짤),파티,https://raw.githubusercontent.com/JforPlay/data_for_toy/main/skin_shipyard/103072.webp
103080,아스토리아,아스토리아,X,,https://raw.githubusercontent.com/JforPlay/data_for_toy/main/skin_shipyard/103080.webp
103081,아스토리아,"청순, 큐티, 발랄, 여고생?",배경,학교,https://raw.githubusercontent.com/JforPlay/data_for_toy/main/skin_shipyard/103081.webp
103082,아스토리아,블랙 바니 카니발,배경,카니발,https://raw.githubusercontent.com/JforPlay/data_for_toy/main/skin_shipyard/103082.webp
103090,퀸시,퀸시,X,,https://raw.githubusercontent.com/JforPlay/data_for_toy/main/skin_shipyard/103090.webp
103091,퀸시,무더운 여름의 시원한 바람,배경,수영복,https://raw.githubusercontent.com/JforPlay/data_for_toy/main/skin_shipyard/103091.webp
103100,빈센스,빈센스,X,,https://raw.githubusercontent.com/JforPlay/data_for_toy/main/skin_shipyard/103100.webp
103101,빈센스,꿈꾸는 냥냥이,X,홈웨어,https://raw.githubusercontent.com/JforPlay/data_for_toy/main/skin_shipyard/103101.webp
103102,빈센스,여유로운 행진곡,배경,학교,https://raw.githubusercontent.com/JforPlay/data_for_toy/main/skin_shipyard/103102.webp
103110,위치타,위치타,X,,https://raw.githubusercontent.com/JforPlay/data_for_toy/main/skin_shipyard/103110.webp
103111,위치타,"""장군""의 저녁 만찬",특수배경 (움짤),파티,https://raw.githubusercontent.com/JforPlay/data_for_toy/main/skin_shipyard/103111.webp
103112,위치타,핼러윈의 지배자?,배경,할로윈,https://raw.githubusercontent.com/JforPlay/data_for_toy/main/skin_shipyard/103112.webp
103120,뉴올리언스,뉴올리언스,X,,https://raw.githubusercontent.com/JforPlay/data_for_toy/main/skin_shipyard/103120.webp
103121,뉴올리언스,만취하여 잔을 비우는 밤,배경,카니발,https://raw.githubusercontent.com/JforPlay/data_for_toy/main/skin_shipyard/103121.webp
103130,미니애폴리스,미니애폴리스,X,,https://raw.githubusercontent.com/JforPlay/data_for_toy/main/skin_shipyard/103130.webp
103131,미니애폴리스,와일드 스튜던트,배경,학교,https://raw.githubusercontent.com/JforPlay/data_for_toy/main/skin_shipyard/103131.webp
103132,미니애폴리스,익스트림 스포츠 X,특수배경 (움짤),스포츠,https://raw.githubusercontent.com/JforPlay/data_for_toy/main/skin_shipyard/103132.webp
103133,미니애폴리스,성야의 모빌 드라이브,특수배경 (움짤),크리스마스,https://raw.githubusercontent.com/JforPlay/data_for_toy/main/skin_shipyard/103133.webp
103138,미니애폴리스,Trapper white,X,서약,https://raw.githubusercontent.com/JforPlay/data_for_toy/main/skin_shipyard/103138.webp
103140,샌프란시스코,샌프란시스코,X,,https://raw.githubusercontent.com/JforPlay/data_for_toy/main/skin_shipyard/103140.webp
103141,샌프란시스코,Funny Bunny！,배경,카니발,https://raw.githubusercontent.com/JforPlay/data_for_toy/main/skin_shipyard/103141.webp
103142,샌프란시스코,It's showtime!,특수배경 (움짤),댄스,https://raw.githubusercontent.com/JforPlay/data_for_toy/main/skin_shipyard/103142.webp
103160,볼티모어,볼티모어,X,,https://raw.githubusercontent.com/JforPlay/data_for_toy/main/skin_shipyard/103160.webp
103161,볼티모어,방과 후의 에이스,배경,학교,https://raw.githubusercontent.com/JforPlay/data_for_toy/main/skin_shipyard/103161.webp
103162,볼티모어,Black Ace,특수배경 (움짤),스포츠,https://raw.githubusercontent.com/JforPlay/data_for_toy/main/skin_shipyard/103162.webp
103163,볼티모어,나이트 윈드 Minuet,"L2D, 특수배경 (움짤)",파티,https://raw.githubusercontent.com/JforPlay/data_for_toy/main/skin_shipyard/103163.webp
103164,볼티모어,에이스의 여행기,배경,정월,https://raw.githubusercontent.com/JforPlay/data_for_toy/main/skin_shipyard/103164.webp
103165,볼티모어,스플렌디드 기어,"L2D, 특수배경 (움짤)",극속광열,https://raw.githubusercontent.com/JforPlay/data_for_toy/main/skin_shipyard/103165.webp
103168,볼티모어,산들바람이 불 때,X,서약,https://raw.githubusercontent.com/JforPlay/data_for_toy/main/skin_shipyard/103168.webp
103240,브레머튼,브레머튼,X,,https://raw.githubusercontent.com/JforPlay/data_for_toy/main/skin_shipyard/103240.webp
103241,브레머튼,열정의 테니스 연습,배경,스포츠,https://raw.githubusercontent.com/JforPlay/data_for_toy/main/skin_shipyard/103241.webp
103242,브레머튼,쿵푸소녀!,"L2D, 특수배경 (움짤)",이스트 글림 스타일,https://raw.githubusercontent.com/JforPlay/data_for_toy/main/skin_shipyard/103242.webp
103243,브레머튼,Happy Dating!,"L2D, 배경",사복,https://raw.githubusercontent.com/JforPlay/data_for_toy/main/skin_shipyard/103243.webp
103244,브레머튼,릴렉스 휴식 타임,"L2D, 배경",홈웨어,https://raw.githubusercontent.com/JforPlay/data_for_toy/main/skin_shipyard/103244.webp
103245,브레머튼,필로 컨설팅,"쁘띠모션, 배경",동화 속 세계,https://raw.githubusercontent.com/JforPlay/data_for_toy/main/skin_shipyard/103245.webp
103248,브레머튼,행복의 궤적,X,서약,https://raw.githubusercontent.com/JforPlay/data_for_toy/main/skin_shipyard/103248.webp
103250,볼티모어(μ장비),볼티모어(μ장비),X,,https://raw.githubusercontent.com/JforPlay/data_for_toy/main/skin_shipyard/103250.webp
103260,노샘프턴Ⅱ,노샘프턴Ⅱ,X,,https://raw.githubusercontent.com/JforPlay/data_for_toy/main/skin_shipyard/103260.webp
103261,노샘프턴Ⅱ,스타 아쿠아틱,"L2D, 배경",수영복,https://raw.githubusercontent.com/JforPlay/data_for_toy/main/skin_shipyard/103261.webp
103262,노샘프턴Ⅱ,떠도는 레이지 크레인,배경,이스트 글림 스타일,https://raw.githubusercontent.com/JforPlay/data_for_toy/main/skin_shipyard/103262.webp
103270,루이빌,루이빌,X,,https://raw.githubusercontent.com/JforPlay/data_for_toy/main/skin_shipyard/103270.webp
103271,루이빌,판타지 추천,"배경, 쁘띠모션",카니발,https://raw.githubusercontent.com/JforPlay/data_for_toy/main/skin_shipyard/103271.webp
103280,피츠버그,피츠버그,X,,https://raw.githubusercontent.com/JforPlay/data_for_toy/main/skin_shipyard/103280.webp
103281,피츠버그,걸즈 카운터,"L2D, 배경",웨스턴,https://raw.githubusercontent.com/JforPlay/data_for_toy/main/skin_shipyard/103281.webp
103290,꼬마 앵커리지,꼬마 앵커리지,X,,https://raw.githubusercontent.com/JforPlay/data_for_toy/main/skin_shipyard/103290.webp
104010,컨스텔레이션,컨스텔레이션,X,,https://raw.githubusercontent.com/JforPlay/data_for_toy/main/skin_shipyard/104010.webp
104011,컨스텔레이션,셀렉트 갤럭시,"배경, 쁘띠모션",카니발,https://raw.githubusercontent.com/JforPlay/data_for_toy/main/skin_shipyard/104011.webp
105010,네바다,네바다,X,,https://raw.githubusercontent.com/JforPlay/data_for_toy/main/skin_shipyard/105010.webp
105011,네바다,화려한 연회,특수배경 (움짤),파티,https://raw.githubusercontent.com/JforPlay/data_for_toy/main/skin_shipyard/105011.webp
105019,네바다,네바다·改,X,개조,https://raw.githubusercontent.com/JforPlay/data_for_toy/main/skin_shipyard/105019.webp
105020,오클라호마,오클라호마,X,,https://raw.githubusercontent.com/JforPlay/data_for_toy/main/skin_shipyard/105020.webp
105021,오클라호마,변신 대작전 작렬!,배경,할로윈,https://raw.githubusercontent.com/JforPlay/data_for_toy/main/skin_shipyard/105021.webp
105029,오클라호마,오클라호마·改,X,개조,https://raw.githubusercontent.com/JforPlay/data_for_toy/main/skin_shipyard/105029.webp
105030,펜실베이니아,펜실베이니아,X,,https://raw.githubusercontent.com/JforPlay/data_for_toy/main/skin_shipyard/105030.webp
105031,펜실베이니아,석주비장,배경,이스트 글림 스타일,https://raw.githubusercontent.com/JforPlay/data_for_toy/main/skin_shipyard/105031.webp
105040,애리조나,애리조나,X,,https://raw.githubusercontent.com/JforPlay/data_for_toy/main/skin_shipyard/105040.webp
105041,애리조나,서방의 무희,특수배경 (움짤),이스트 글림 스타일,https://raw.githubusercontent.com/JforPlay/data_for_toy/main/skin_shipyard/105041.webp
105070,테네시,테네시,X,,https://raw.githubusercontent.com/JforPlay/data_for_toy/main/skin_shipyard/105070.webp
105080,캘리포니아,캘리포니아,X,,https://raw.githubusercontent.com/JforPlay/data_for_toy/main/skin_shipyard/105080.webp
105090,콜로라도,콜로라도,X,,https://raw.githubusercontent.com/JforPlay/data_for_toy/main/skin_shipyard/105090.webp
105092,콜로라도,여행의 선율,배경,기타,https://raw.githubusercontent.com/JforPlay/data_for_toy/main/skin_shipyard/105092.webp
105093,콜로라도,노을의 카바티나,배경,수영복,https://raw.githubusercontent.com/JforPlay/data_for_toy/main/skin_shipyard/105093.webp
105099,콜로라도,콜로라도·改,X,개조,https://raw.githubusercontent.com/JforPlay/data_for_toy/main/skin_shipyard/105099.webp
105100,메릴랜드,메릴랜드,X,,https://raw.githubusercontent.com/JforPlay/data_for_toy/main/skin_shipyard/105100.webp
105102,메릴랜드,진홍빛 드럼파이어,배경,수영복,https://raw.githubusercontent.com/JforPlay/data_for_toy/main/skin_shipyard/105102.webp
105109,메릴랜드,메릴랜드·改,X,개조,https://raw.githubusercontent.com/JforPlay/data_for_toy/main/skin_shipyard/105109.webp
105110,웨스트버지니아,웨스트버지니아,X,,https://raw.githubusercontent.com/JforPlay/data_for_toy/main/skin_shipyard/105110.webp
105112,웨스트버지니아,시닉 랩소디,배경,스포츠,https://raw.githubusercontent.com/JforPlay/data_for_toy/main/skin_shipyard/105112.webp
105119,웨스트버지니아,웨스트버지니아·改,X,개조,https://raw.githubusercontent.com/JforPlay/data_for_toy/main/skin_shipyard/105119.webp
105120,노스캐롤라이나,노스캐롤라이나,X,,https://raw.githubusercontent.com/JforPlay/data_for_toy/main/skin_shipyard/105120.webp
105121,노스캐롤라이나,비밀의 환복 연습?,"L2D, 배경",카니발,https://raw.githubusercontent.com/JforPlay/data_for_toy/main/skin_shipyard/105121.webp
105122,노스캐롤라이나,태양의 유니크,"쁘띠모션, 배경",수영복,https://raw.githubusercontent.com/JforPlay/data_for_toy/main/skin_shipyard/105122.webp
105130,워싱턴,워싱턴,X,,https://raw.githubusercontent.com/JforPlay/data_for_toy/main/skin_shipyard/105130.webp
105131,워싱턴,스마일리 애니버서리,배경,이스트 글림 스타일,https://raw.githubusercontent.com/JforPlay/data_for_toy/main/skin_shipyard/105131.webp
105132,워싱턴,야밤의 순회 진료,"쁘띠모션, 배경",병원,https://raw.githubusercontent.com/JforPlay/data_for_toy/main/skin_shipyard/105132.webp
105140,사우스다코타,사우스다코타,X,,https://raw.githubusercontent.com/JforPlay/data_for_toy/main/skin_shipyard/105140.webp
105141,사우스다코타,피아노 리사이틀,배경,파티,https://raw.githubusercontent.com/JforPlay/data_for_toy/main/skin_shipyard/105141.webp
105150,인디애나,인디애나,X,,https://raw.githubusercontent.com/JforPlay/data_for_toy/main/skin_shipyard/105150.webp
105151,인디애나,하이 눈 어레스트,"쁘띠모션, 배경",웨스턴,https://raw.githubusercontent.com/JforPlay/data_for_toy/main/skin_shipyard/105151.webp
105170,뉴저지,뉴저지,X,,https://raw.githubusercontent.com/JforPlay/data_for_toy/main/skin_shipyard/105170.webp
105171,뉴저지,두근두근 무대 시간!,배경,카니발,https://raw.githubusercontent.com/JforPlay/data_for_toy/main/skin_shipyard/105171.webp
105172,뉴저지,한여름의 레저 타임,"L2D, 배경",수영복,https://raw.githubusercontent.com/JforPlay/data_for_toy/main/skin_shipyard/105172.webp
105173,뉴저지,달빛 아래 Let's Dance!,"쁘띠모션, 배경",이스트 글림 스타일,https://raw.githubusercontent.com/JforPlay/data_for_toy/main/skin_shipyard/105173.webp
105174,뉴저지,블랙 프렐류드,"L2D+, 배경",극속광열,https://raw.githubusercontent.com/JforPlay/data_for_toy/main/skin_shipyard/105174.webp
105178,뉴저지,스노우블라이드 러브,X,서약,https://raw.githubusercontent.com/JforPlay/data_for_toy/main/skin_shipyard/105178.webp
105190,매사추세츠,매사추세츠,X,,https://raw.githubusercontent.com/JforPlay/data_for_toy/main/skin_shipyard/105190.webp
105191,매사추세츠,연회의 준비,특수배경 (움짤),파티,https://raw.githubusercontent.com/JforPlay/data_for_toy/main/skin_shipyard/105191.webp
105200,앨라배마,앨라배마,X,,https://raw.githubusercontent.com/JforPlay/data_for_toy/main/skin_shipyard/105200.webp
105201,앨라배마,금란 단자,배경,이스트 글림 스타일,https://raw.githubusercontent.com/JforPlay/data_for_toy/main/skin_shipyard/105201.webp
105202,앨라배마,모든 것은 오직 당신에게만,"쁘띠모션, 배경",홈웨어,https://raw.githubusercontent.com/JforPlay/data_for_toy/main/skin_shipyard/105202.webp
106010,롱 아일랜드,롱 아일랜드,X,,https://raw.githubusercontent.com/JforPlay/data_for_toy/main/skin_shipyard/106010.webp
106011,롱 아일랜드,건어물 3콤보!,X,홈웨어,https://raw.githubusercontent.com/JforPlay/data_for_toy/main/skin_shipyard/106011.webp
106013,롱 아일랜드,L.I.@핼러윈 한정 생방 중,배경,할로윈,https://raw.githubusercontent.com/JforPlay/data_for_toy/main/skin_shipyard/106013.webp
106014,롱 아일랜드,유령 씨의 카운터 서비스?,배경,오피스 타임,https://raw.githubusercontent.com/JforPlay/data_for_toy/main/skin_shipyard/106014.webp
106015,롱 아일랜드,세뱃돈은 다다익선!,특수배경 (움짤),이스트 글림 스타일,https://raw.githubusercontent.com/JforPlay/data_for_toy/main/skin_shipyard/106015.webp
106019,롱 아일랜드,롱 아일랜드·改,X,개조,https://raw.githubusercontent.com/JforPlay/data_for_toy/main/skin_shipyard/106019.webp
106020,보그,보그,X,,https://raw.githubusercontent.com/JforPlay/data_for_toy/main/skin_shipyard/106020.webp
106029,보그,보그·改,X,개조,https://raw.githubusercontent.com/JforPlay/data_for_toy/main/skin_shipyard/106029.webp
106550,카사블랑카,카사블랑카,X,,https://raw.githubusercontent.com/JforPlay/data_for_toy/main/skin_shipyard/106550.webp
106551,카사블랑카,치어리더의 휴식 시간,특수배경 (움짤),스포츠,https://raw.githubusercontent.com/JforPlay/data_for_toy/main/skin_shipyard/106551.webp
107010,랭글리,랭글리,X,,https://raw.githubusercontent.com/JforPlay/data_for_toy/main/skin_shipyard/107010.webp
107019,랭글리,랭글리·改,X,개조,https://raw.githubusercontent.com/JforPlay/data_for_toy/main/skin_shipyard/107019.webp
107020,렉싱턴,렉싱턴,X,,https://raw.githubusercontent.com/JforPlay/data_for_toy/main/skin_shipyard/107020.webp
107021,렉싱턴,봄꽃의 노래,배경,이스트 글림 스타일,https://raw.githubusercontent.com/JforPlay/data_for_toy/main/skin_shipyard/107021.webp
107030,새러토가,새러토가,X,,https://raw.githubusercontent.com/JforPlay/data_for_toy/main/skin_shipyard/107030.webp
107031,새러토가,대양의 휴일,배경,수영복,https://raw.githubusercontent.com/JforPlay/data_for_toy/main/skin_shipyard/107031.webp
107032,새러토가,이국의 아이돌?,X,기타,https://raw.githubusercontent.com/JforPlay/data_for_toy/main/skin_shipyard/107032.webp
107033,새러토가,버츄얼 아이돌?,배경,기타,https://raw.githubusercontent.com/JforPlay/data_for_toy/main/skin_shipyard/107033.webp
107034,새러토가,바다의 아이돌,X,기타,https://raw.githubusercontent.com/JforPlay/data_for_toy/main/skin_shipyard/107034.webp
107035,새러토가,성야의 아이돌,특수배경 (움짤),크리스마스,https://raw.githubusercontent.com/JforPlay/data_for_toy/main/skin_shipyard/107035.webp
107036,새러토가,페스티벌 in Spring!,특수배경 (움짤),이스트 글림 스타일,https://raw.githubusercontent.com/JforPlay/data_for_toy/main/skin_shipyard/107036.webp
107037,새러토가,한가한 피크닉 타임,배경,사복,https://raw.githubusercontent.com/JforPlay/data_for_toy/main/skin_shipyard/107037.webp
107038,새러토가,행복의 종을 울려서,X,서약,https://raw.githubusercontent.com/JforPlay/data_for_toy/main/skin_shipyard/107038.webp
107039,새러토가,새러토가·改,X,개조,https://raw.githubusercontent.com/JforPlay/data_for_toy/main/skin_shipyard/107039.webp
107040,레인저,레인저,X,,https://raw.githubusercontent.com/JforPlay/data_for_toy/main/skin_shipyard/107040.webp
107049,레인저,레인저·改,X,개조,https://raw.githubusercontent.com/JforPlay/data_for_toy/main/skin_shipyard/107049.webp
107050,요크타운,요크타운,X,,https://raw.githubusercontent.com/JforPlay/data_for_toy/main/skin_shipyard/107050.webp
107051,요크타운,우아와 취기가 어린 밤,배경,파티,https://raw.githubusercontent.com/JforPlay/data_for_toy/main/skin_shipyard/107051.webp
107052,요크타운,성자의 날개,X,기타,https://raw.githubusercontent.com/JforPlay/data_for_toy/main/skin_shipyard/107052.webp
107058,요크타운,빛나는 바람의 내일로,X,서약,https://raw.githubusercontent.com/JforPlay/data_for_toy/main/skin_shipyard/107058.webp
107060,엔터프라이즈,엔터프라이즈,X,,https://raw.githubusercontent.com/JforPlay/data_for_toy/main/skin_shipyard/107060.webp
107061,엔터프라이즈,루돌프 마스터,배경,크리스마스,https://raw.githubusercontent.com/JforPlay/data_for_toy/main/skin_shipyard/107061.webp
107062,엔터프라이즈,블루밍 피어니,배경,이스트 글림 스타일,https://raw.githubusercontent.com/JforPlay/data_for_toy/main/skin_shipyard/107062.webp
107063,엔터프라이즈,Anniversary Drive!,배경,사복,https://raw.githubusercontent.com/JforPlay/data_for_toy/main/skin_shipyard/107063.webp
107064,엔터프라이즈,비상하는 자유의 날개,X,기타,https://raw.githubusercontent.com/JforPlay/data_for_toy/main/skin_shipyard/107064.webp
107065,엔터프라이즈,히어로의 드레스,특수배경 (움짤),파티,https://raw.githubusercontent.com/JforPlay/data_for_toy/main/skin_shipyard/107065.webp
107066,엔터프라이즈,Wind Catcher,"L2D, 특수배경 (움짤)",극속광열,https://raw.githubusercontent.com/JforPlay/data_for_toy/main/skin_shipyard/107066.webp
107067,엔터프라이즈,여행의 출발,배경,기타,https://raw.githubusercontent.com/JforPlay/data_for_toy/main/skin_shipyard/107067.webp
107068,엔터프라이즈,서약의 별빛,X,서약,https://raw.githubusercontent.com/JforPlay/data_for_toy/main/skin_shipyard/107068.webp
107070,호넷,호넷,X,,https://raw.githubusercontent.com/JforPlay/data_for_toy/main/skin_shipyard/107070.webp
107071,호넷,Bubbly Anniversary！,배경,파티,https://raw.githubusercontent.com/JforPlay/data_for_toy/main/skin_shipyard/107071.webp
107072,호넷,딜리셔스 라이프!,X,기타,https://raw.githubusercontent.com/JforPlay/data_for_toy/main/skin_shipyard/107072.webp
107073,호넷,치어링 저스티스!,특수배경 (움짤),스포츠,https://raw.githubusercontent.com/JforPlay/data_for_toy/main/skin_shipyard/107073.webp
107080,와스프,와스프,X,,https://raw.githubusercontent.com/JforPlay/data_for_toy/main/skin_shipyard/107080.webp
107090,에식스,에식스,X,,https://raw.githubusercontent.com/JforPlay/data_for_toy/main/skin_shipyard/107090.webp
107091,에식스,66번 국도 여행,배경,사복,https://raw.githubusercontent.com/JforPlay/data_for_toy/main/skin_shipyard/107091.webp
107092,에식스,Craft Fairytail,"L2D, 특수배경 (움짤)",파티,https://raw.githubusercontent.com/JforPlay/data_for_toy/main/skin_shipyard/107092.webp
107093,에식스,필묵으로 그린 건곤,특수배경 (움짤),이스트 글림 스타일,https://raw.githubusercontent.com/JforPlay/data_for_toy/main/skin_shipyard/107093.webp
107094,에식스,탐정 에식스,배경,기타,https://raw.githubusercontent.com/JforPlay/data_for_toy/main/skin_shipyard/107094.webp
107095,에식스,크로스본 엑스트라,"배경, 쁘띠모션",오피스 타임,https://raw.githubusercontent.com/JforPlay/data_for_toy/main/skin_shipyard/107095.webp
107096,에식스,코스 88의 바람,X,극속광열,https://raw.githubusercontent.com/JforPlay/data_for_toy/main/skin_shipyard/107096.webp
107097,에식스,스타트 라인 스플래시,"쁘띠모션, 배경",극속광열,https://raw.githubusercontent.com/JforPlay/data_for_toy/main/skin_shipyard/107097.webp
107099,에식스,에식스·改,X,개조,https://raw.githubusercontent.com/JforPlay/data_for_toy/main/skin_shipyard/107099.webp
107100,요크타운Ⅱ,요크타운Ⅱ,X,,https://raw.githubusercontent.com/JforPlay/data_for_toy/main/skin_shipyard/107100.webp
107101,요크타운Ⅱ,밝은 하늘의 인어,"배경, 쁘띠모션",수영복,https://raw.githubusercontent.com/JforPlay/data_for_toy/main/skin_shipyard/107101.webp
107102,요크타운Ⅱ,"온기를 나누는 저녁 (듀얼, L2D, 배경)","듀얼, L2D, 배경",카니발,https://raw.githubusercontent.com/JforPlay/data_for_toy/main/skin_shipyard/107102.webp
107103,요크타운Ⅱ,"온기를 나누는 저녁 (듀얼, 쁘띠모션, 배경)","듀얼, 쁘띠모션, 배경",카니발,https://raw.githubusercontent.com/JforPlay/data_for_toy/main/skin_shipyard/107103.webp
107110,인트레피드,인트레피드,X,,https://raw.githubusercontent.com/JforPlay/data_for_toy/main/skin_shipyard/107110.webp
107111,인트레피드,인트레피드의 일투,특수배경 (움짤),스포츠,https://raw.githubusercontent.com/JforPlay/data_for_toy/main/skin_shipyard/107111.webp
107120,호넷Ⅱ,호넷Ⅱ,X,,https://raw.githubusercontent.com/JforPlay/data_for_toy/main/skin_shipyard/107120.webp
107121,호넷Ⅱ,넓은 바다를 달리다,"배경, 쁘띠모션",수영복,https://raw.githubusercontent.com/JforPlay/data_for_toy/main/skin_shipyard/107121.webp
107130,프랭클린,프랭클린,X,,https://raw.githubusercontent.com/JforPlay/data_for_toy/main/skin_shipyard/107130.webp
107131,프랭클린,간호사의 두근두근 진단서,"쁘띠모션, 배경",병원,https://raw.githubusercontent.com/JforPlay/data_for_toy/main/skin_shipyard/107131.webp
107140,타이콘데로가,타이콘데로가,X,,https://raw.githubusercontent.com/JforPlay/data_for_toy/main/skin_shipyard/107140.webp
107141,타이콘데로가,검은 토끼의 무대 쇼,배경,카니발,https://raw.githubusercontent.com/JforPlay/data_for_toy/main/skin_shipyard/107141.webp
107142,타이콘데로가,선샤인 프린세스,배경,수영복,https://raw.githubusercontent.com/JforPlay/data_for_toy/main/skin_shipyard/107142.webp
107160,렉싱턴II,렉싱턴II,X,,https://raw.githubusercontent.com/JforPlay/data_for_toy/main/skin_shipyard/107160.webp
107161,렉싱턴II,사근사근한 메이드,"L2D, 배경",메이드 타임,https://raw.githubusercontent.com/JforPlay/data_for_toy/main/skin_shipyard/107161.webp
107170,벙커힐,벙커힐,X,,https://raw.githubusercontent.com/JforPlay/data_for_toy/main/skin_shipyard/107170.webp
107171,벙커힐,휴식 미션,배경,홈웨어,https://raw.githubusercontent.com/JforPlay/data_for_toy/main/skin_shipyard/107171.webp
107220,인디펜던스,인디펜던스,X,,https://raw.githubusercontent.com/JforPlay/data_for_toy/main/skin_shipyard/107220.webp
107221,인디펜던스,이쪽의 학원으로,배경,학교,https://raw.githubusercontent.com/JforPlay/data_for_toy/main/skin_shipyard/107221.webp
107222,인디펜던스,「인디펜던스」 브랜드,특수배경 (움짤),파티,https://raw.githubusercontent.com/JforPlay/data_for_toy/main/skin_shipyard/107222.webp
107223,인디펜던스,Relaxation.I,배경,홈웨어,https://raw.githubusercontent.com/JforPlay/data_for_toy/main/skin_shipyard/107223.webp
107224,인디펜던스,해풍의 Lucky Time,배경,사복,https://raw.githubusercontent.com/JforPlay/data_for_toy/main/skin_shipyard/107224.webp
107225,인디펜던스,릴랙세이션 비치,배경,수영복,https://raw.githubusercontent.com/JforPlay/data_for_toy/main/skin_shipyard/107225.webp
107229,인디펜던스,인디펜던스·改,X,개조,https://raw.githubusercontent.com/JforPlay/data_for_toy/main/skin_shipyard/107229.webp
107230,프린스턴,프린스턴,X,,https://raw.githubusercontent.com/JforPlay/data_for_toy/main/skin_shipyard/107230.webp
107231,프린스턴,해변의 특별 훈련,배경,수영복,https://raw.githubusercontent.com/JforPlay/data_for_toy/main/skin_shipyard/107231.webp
107232,프린스턴,롤리팝·캔디랜드,배경,학교,https://raw.githubusercontent.com/JforPlay/data_for_toy/main/skin_shipyard/107232.webp
107233,프린스턴,루돌프의 선물,특수배경 (움짤),크리스마스,https://raw.githubusercontent.com/JforPlay/data_for_toy/main/skin_shipyard/107233.webp
107250,카우펜스,카우펜스,X,,https://raw.githubusercontent.com/JforPlay/data_for_toy/main/skin_shipyard/107250.webp
107251,카우펜스,밀키 케어,"L2D, 배경",메이드 타임,https://raw.githubusercontent.com/JforPlay/data_for_toy/main/skin_shipyard/107251.webp
107270,랭글리Ⅱ,랭글리Ⅱ,X,,https://raw.githubusercontent.com/JforPlay/data_for_toy/main/skin_shipyard/107270.webp
107271,랭글리Ⅱ,베케이션 온 타임,배경,수영복,https://raw.githubusercontent.com/JforPlay/data_for_toy/main/skin_shipyard/107271.webp
107290,바탄,바탄,X,,https://raw.githubusercontent.com/JforPlay/data_for_toy/main/skin_shipyard/107290.webp
107291,바탄,폭신폭신 파자마,배경,홈웨어,https://raw.githubusercontent.com/JforPlay/data_for_toy/main/skin_shipyard/107291.webp
107300,샌 재신토,샌 재신토,X,,https://raw.githubusercontent.com/JforPlay/data_for_toy/main/skin_shipyard/107300.webp
107301,샌 재신토,오늘의 특별 추천,배경,카니발,https://raw.githubusercontent.com/JforPlay/data_for_toy/main/skin_shipyard/107301.webp
107380,샹그릴라,샹그릴라,X,,https://raw.githubusercontent.com/JforPlay/data_for_toy/main/skin_shipyard/107380.webp
107381,샹그릴라,유토피아의 수집가,배경,사복,https://raw.githubusercontent.com/JforPlay/data_for_toy/main/skin_shipyard/107381.webp
107382,샹그릴라,잃어버린 세계의 탐험가,X,사복,https://raw.githubusercontent.com/JforPlay/data_for_toy/main/skin_shipyard/107382.webp
107990,꼬마 엔터프라이즈,꼬마 엔터프라이즈,X,,https://raw.githubusercontent.com/JforPlay/data_for_toy/main/skin_shipyard/107990.webp
108010,데이스,데이스,X,,https://raw.githubusercontent.com/JforPlay/data_for_toy/main/skin_shipyard/108010.webp
108020,알바코어,알바코어,X,,https://raw.githubusercontent.com/JforPlay/data_for_toy/main/skin_shipyard/108020.webp
108021,알바코어,블랙 드레스 아래의「비밀」,특수배경 (움짤),파티,https://raw.githubusercontent.com/JforPlay/data_for_toy/main/skin_shipyard/108021.webp
108022,알바코어,"상자 속의 ""서프라이즈""",배경,메이드 타임,https://raw.githubusercontent.com/JforPlay/data_for_toy/main/skin_shipyard/108022.webp
108030,카발라,카발라,X,,https://raw.githubusercontent.com/JforPlay/data_for_toy/main/skin_shipyard/108030.webp
108031,카발라,편의점 대작전!,배경,학교,https://raw.githubusercontent.com/JforPlay/data_for_toy/main/skin_shipyard/108031.webp
108032,카발라,오색찬란한 연회,특수배경 (움짤),파티,https://raw.githubusercontent.com/JforPlay/data_for_toy/main/skin_shipyard/108032.webp
108040,블루길,블루길,X,,https://raw.githubusercontent.com/JforPlay/data_for_toy/main/skin_shipyard/108040.webp
108041,블루길,견습 에이스 필더!,특수배경 (움짤),스포츠,https://raw.githubusercontent.com/JforPlay/data_for_toy/main/skin_shipyard/108041.webp
108050,알바코어(μ장비),알바코어(μ장비),X,,https://raw.githubusercontent.com/JforPlay/data_for_toy/main/skin_shipyard/108050.webp
108060,아처피시,아처피시,X,,https://raw.githubusercontent.com/JforPlay/data_for_toy/main/skin_shipyard/108060.webp
108061,아처피시,바니 특제 음료,배경,카니발,https://raw.githubusercontent.com/JforPlay/data_for_toy/main/skin_shipyard/108061.webp
108062,아처피시,옆자리의 장난꾸러기,배경,학교,https://raw.githubusercontent.com/JforPlay/data_for_toy/main/skin_shipyard/108062.webp
108070,노틸러스,노틸러스,X,,https://raw.githubusercontent.com/JforPlay/data_for_toy/main/skin_shipyard/108070.webp
108071,노틸러스,검은 토끼 휴식 중,배경,카니발,https://raw.githubusercontent.com/JforPlay/data_for_toy/main/skin_shipyard/108071.webp
108072,노틸러스,물속에 핀 반짝이는 꽃,배경,수영복,https://raw.githubusercontent.com/JforPlay/data_for_toy/main/skin_shipyard/108072.webp
108080,플래셔,플래셔,X,,https://raw.githubusercontent.com/JforPlay/data_for_toy/main/skin_shipyard/108080.webp
108081,플래셔,눈물겨운 서비스 타임,배경,메이드 타임,https://raw.githubusercontent.com/JforPlay/data_for_toy/main/skin_shipyard/108081.webp
108090,헤링,헤링,X,,https://raw.githubusercontent.com/JforPlay/data_for_toy/main/skin_shipyard/108090.webp
108091,헤링,섀도우리스 타운,배경,웨스턴,https://raw.githubusercontent.com/JforPlay/data_for_toy/main/skin_shipyard/108091.webp
112010,베스탈,베스탈,X,,https://raw.githubusercontent.com/JforPlay/data_for_toy/main/skin_shipyard/112010.webp
112011,베스탈,맑고 상쾌한 헤스티아,배경,수영복,https://raw.githubusercontent.com/JforPlay/data_for_toy/main/skin_shipyard/112011.webp
118020,괌,괌,X,,https://raw.githubusercontent.com/JforPlay/data_for_toy/main/skin_shipyard/118020.webp
118021,괌,차밍 스테이지,"L2D, 배경",카니발,https://raw.githubusercontent.com/JforPlay/data_for_toy/main/skin_shipyard/118021.webp
118022,괌,닌자 데인저 버라이어티,"L2D, 배경",닌자의 성,https://raw.githubusercontent.com/JforPlay/data_for_toy/main/skin_shipyard/118022.webp
131170,라피,"치킨랩, 그리고 졸음…",X,기타,https://raw.githubusercontent.com/JforPlay/data_for_toy/main/skin_shipyard/131170.webp
131171,라피,슬립 아마겟돈…,배경,이세계 모험,https://raw.githubusercontent.com/JforPlay/data_for_toy/main/skin_shipyard/131171.webp
131172,라피,레이지 데이타임,쁘띠모션,파티,https://raw.githubusercontent.com/JforPlay/data_for_toy/main/skin_shipyard/131172.webp
137030,새러토가,컵라면 대사?,X,기타,https://raw.githubusercontent.com/JforPlay/data_for_toy/main/skin_shipyard/137030.webp
137031,새러토가,아침놀에 반짝이는 푸른 빛,X,파티,https://raw.githubusercontent.com/JforPlay/data_for_toy/main/skin_shipyard/137031.webp
137060,엔터프라이즈,스카이스케이프 다이버,"L2D, 배경",수영복,https://raw.githubusercontent.com/JforPlay/data_for_toy/main/skin_shipyard/137060.webp
137061,엔터프라이즈,목욕 후의 맑은 하늘,L2D,온천 타임,https://raw.githubusercontent.com/JforPlay/data_for_toy/main/skin_shipyard/137061.webp
199010,시애틀,시애틀,X,,https://raw.githubusercontent.com/JforPlay/data_for_toy/main/skin_shipyard/199010.webp
199011,시애틀,고저스 파티,배경,파티,https://raw.githubusercontent.com/JforPlay/data_for_toy/main/skin_shipyard/199011.webp
199012,시애틀,크리스마스 파티 준비 중!,특수배경 (움짤),크리스마스,https://raw.githubusercontent.com/JforPlay/data_for_toy/main/skin_shipyard/199012.webp
199013,시애틀,Sunfish Spell！,배경,수영복,https://raw.githubusercontent.com/JforPlay/data_for_toy/main/skin_shipyard/199013.webp
199020,조지아,조지아,X,,https://raw.githubusercontent.com/JforPlay/data_for_toy/main/skin_shipyard/199020.webp
199021,조지아,사우스타운 펄,X,파티,https://raw.githubusercontent.com/JforPlay/data_for_toy/main/skin_shipyard/199021.webp
199022,조지아,Lanier Swan,배경,수영복,https://raw.githubusercontent.com/JforPlay/data_for_toy/main/skin_shipyard/199022.webp
199023,조지아,아색채화,배경,정월,https://raw.githubusercontent.com/JforPlay/data_for_toy/main/skin_shipyard/199023.webp
199030,앵커리지,앵커리지,X,,https://raw.githubusercontent.com/JforPlay/data_for_toy/main/skin_shipyard/199030.webp
199031,앵커리지,돌핀 블루 레슨,"L2D, 배경",수영복,https://raw.githubusercontent.com/JforPlay/data_for_toy/main/skin_shipyard/199031.webp
199032,앵커리지,배와 달님,"L2D, 특수배경 (움짤)",이스트 글림 스타일,https://raw.githubusercontent.com/JforPlay/data_for_toy/main/skin_shipyard/199032.webp
199033,앵커리지,맛있는 이브닝 밀크,"L2D+, 배경",홈웨어,https://raw.githubusercontent.com/JforPlay/data_for_toy/main/skin_shipyard/199033.webp
199038,앵커리지,석양과 불꽃놀이의 약속,X,서약,https://raw.githubusercontent.com/JforPlay/data_for_toy/main/skin_shipyard/199038.webp
199040,키어사지,키어사지,X,,https://raw.githubusercontent.com/JforPlay/data_for_toy/main/skin_shipyard/199040.webp
199041,키어사지,Allnight Charge,"L2D, 배경",카니발,https://raw.githubusercontent.com/JforPlay/data_for_toy/main/skin_shipyard/199041.webp
199042,키어사지,스프링 모니터링,"쁘띠모션, 배경",이스트 글림 스타일,https://raw.githubusercontent.com/JforPlay/data_for_toy/main/skin_shipyard/199042.webp
199050,할포드,할포드,X,,https://raw.githubusercontent.com/JforPlay/data_for_toy/main/skin_shipyard/199050.webp
199051,할포드,바니 「로드」 리미티드,"쁘띠모션, 배경",카니발,https://raw.githubusercontent.com/JforPlay/data_for_toy/main/skin_shipyard/199051.webp
199060,캔자스,캔자스,X,,https://raw.githubusercontent.com/JforPlay/data_for_toy/main/skin_shipyard/199060.webp
199061,캔자스,미드나이트 레저,"쁘띠모션, 특수배경 (움짤)",카니발,https://raw.githubusercontent.com/JforPlay/data_for_toy/main/skin_shipyard/199061.webp
201010,아마존,아마존,X,,https://raw.githubusercontent.com/JforPlay/data_for_toy/main/skin_shipyard/201010.webp
201011,아마존,리틀 오케스트라,배경,파티,https://raw.githubusercontent.com/JforPlay/data_for_toy/main/skin_shipyard/201011.webp
201019,아마존,아마존·改,X,개조,https://raw.githubusercontent.com/JforPlay/data_for_toy/main/skin_shipyard/201019.webp
201020,아카스타,아카스타,X,,https://raw.githubusercontent.com/JforPlay/data_for_toy/main/skin_shipyard/201020.webp
201021,아카스타,외출 스타일,X,사복,https://raw.githubusercontent.com/JforPlay/data_for_toy/main/skin_shipyard/201021.webp
201022,아카스타,대보름의 등불축제,배경,기타,https://raw.githubusercontent.com/JforPlay/data_for_toy/main/skin_shipyard/201022.webp
201023,아카스타,「화이트」앤「블랙」,배경,카니발,https://raw.githubusercontent.com/JforPlay/data_for_toy/main/skin_shipyard/201023.webp
201029,아카스타,아카스타·改,X,개조,https://raw.githubusercontent.com/JforPlay/data_for_toy/main/skin_shipyard/201029.webp
201030,아덴트,아덴트,X,,https://raw.githubusercontent.com/JforPlay/data_for_toy/main/skin_shipyard/201030.webp
201031,아덴트,밸런타인의 아덴트,배경,학교,https://raw.githubusercontent.com/JforPlay/data_for_toy/main/skin_shipyard/201031.webp
201032,아덴트,Master·아덴트?,배경,카니발,https://raw.githubusercontent.com/JforPlay/data_for_toy/main/skin_shipyard/201032.webp
201039,아덴트,아덴트·改,X,개조,https://raw.githubusercontent.com/JforPlay/data_for_toy/main/skin_shipyard/201039.webp
201060,비글,비글,X,,https://raw.githubusercontent.com/JforPlay/data_for_toy/main/skin_shipyard/201060.webp
201070,불독,불독,X,,https://raw.githubusercontent.com/JforPlay/data_for_toy/main/skin_shipyard/201070.webp
201080,코멧,코멧,X,,https://raw.githubusercontent.com/JforPlay/data_for_toy/main/skin_shipyard/201080.webp
201089,코멧,코멧·改,X,개조,https://raw.githubusercontent.com/JforPlay/data_for_toy/main/skin_shipyard/201089.webp
201090,크레센트,크레센트,X,,https://raw.githubusercontent.com/JforPlay/data_for_toy/main/skin_shipyard/201090.webp
201099,크레센트,크레센트·改,X,개조,https://raw.githubusercontent.com/JforPlay/data_for_toy/main/skin_shipyard/201099.webp
201100,시그넷,시그넷,X,,https://raw.githubusercontent.com/JforPlay/data_for_toy/main/skin_shipyard/201100.webp
201101,시그넷,해변의 십자성,배경,수영복,https://raw.githubusercontent.com/JforPlay/data_for_toy/main/skin_shipyard/201101.webp
201102,시그넷,성야의 찬송가,배경,크리스마스,https://raw.githubusercontent.com/JforPlay/data_for_toy/main/skin_shipyard/201102.webp
201103,시그넷,겨울의 데이트,배경,정월,https://raw.githubusercontent.com/JforPlay/data_for_toy/main/skin_shipyard/201103.webp
201104,시그넷,메이드 체험 위크?,배경,메이드 타임,https://raw.githubusercontent.com/JforPlay/data_for_toy/main/skin_shipyard/201104.webp
201105,시그넷,로열 응원가,배경,스포츠,https://raw.githubusercontent.com/JforPlay/data_for_toy/main/skin_shipyard/201105.webp
201109,시그넷,시그넷·改,X,개조,https://raw.githubusercontent.com/JforPlay/data_for_toy/main/skin_shipyard/201109.webp
201110,폭스하운드,폭스하운드,X,,https://raw.githubusercontent.com/JforPlay/data_for_toy/main/skin_shipyard/201110.webp
201119,폭스하운드,폭스하운드·改,X,개조,https://raw.githubusercontent.com/JforPlay/data_for_toy/main/skin_shipyard/201119.webp
201120,포춘,포춘,X,,https://raw.githubusercontent.com/JforPlay/data_for_toy/main/skin_shipyard/201120.webp
201121,포춘,하늘 아래 운명의 명주실,X,파티,https://raw.githubusercontent.com/JforPlay/data_for_toy/main/skin_shipyard/201121.webp
201129,포춘,포춘·改,X,개조,https://raw.githubusercontent.com/JforPlay/data_for_toy/main/skin_shipyard/201129.webp
201130,그렌빌,그렌빌,X,,https://raw.githubusercontent.com/JforPlay/data_for_toy/main/skin_shipyard/201130.webp
201140,글로우웜,글로우웜,X,,https://raw.githubusercontent.com/JforPlay/data_for_toy/main/skin_shipyard/201140.webp
201141,글로우웜,막돼먹은 대판사,특수배경 (움짤),이스트 글림 스타일,https://raw.githubusercontent.com/JforPlay/data_for_toy/main/skin_shipyard/201141.webp
201149,글로우웜,글로우웜·改,X,개조,https://raw.githubusercontent.com/JforPlay/data_for_toy/main/skin_shipyard/201149.webp
201160,하디,하디,X,,https://raw.githubusercontent.com/JforPlay/data_for_toy/main/skin_shipyard/201160.webp
201200,헌터,헌터,X,,https://raw.githubusercontent.com/JforPlay/data_for_toy/main/skin_shipyard/201200.webp
201210,재블린,재블린,X,,https://raw.githubusercontent.com/JforPlay/data_for_toy/main/skin_shipyard/201210.webp
201212,재블린,해변의 피크닉,"L2D, 배경",수영복,https://raw.githubusercontent.com/JforPlay/data_for_toy/main/skin_shipyard/201212.webp
201213,재블린,웨이트리스가 되려면？,X,기타,https://raw.githubusercontent.com/JforPlay/data_for_toy/main/skin_shipyard/201213.webp
201214,재블린,미속전진,배경,학교,https://raw.githubusercontent.com/JforPlay/data_for_toy/main/skin_shipyard/201214.webp
201215,재블린,베개 싸움!,배경,홈웨어,https://raw.githubusercontent.com/JforPlay/data_for_toy/main/skin_shipyard/201215.webp
201216,재블린,왕도 아이돌·원기120!,특수배경 (움짤),Live,https://raw.githubusercontent.com/JforPlay/data_for_toy/main/skin_shipyard/201216.webp
201217,재블린,업적 달성？！,배경,이세계 모험,https://raw.githubusercontent.com/JforPlay/data_for_toy/main/skin_shipyard/201217.webp
201218,재블린,행복한 유월의 신부,X,서약,https://raw.githubusercontent.com/JforPlay/data_for_toy/main/skin_shipyard/201218.webp
201219,재블린,재블린·改,X,개조,https://raw.githubusercontent.com/JforPlay/data_for_toy/main/skin_shipyard/201219.webp
201220,주노,주노,X,,https://raw.githubusercontent.com/JforPlay/data_for_toy/main/skin_shipyard/201220.webp
201221,주노,맛있는 축제?,배경,여름 축제,https://raw.githubusercontent.com/JforPlay/data_for_toy/main/skin_shipyard/201221.webp
201230,뱀파이어,뱀파이어,X,,https://raw.githubusercontent.com/JforPlay/data_for_toy/main/skin_shipyard/201230.webp
201231,뱀파이어,봄의 바람,배경,이스트 글림 스타일,https://raw.githubusercontent.com/JforPlay/data_for_toy/main/skin_shipyard/201231.webp
201232,뱀파이어,백의의 소악마,X,병원,https://raw.githubusercontent.com/JforPlay/data_for_toy/main/skin_shipyard/201232.webp
201233,뱀파이어,밤의 공주 정장,"L2D, 배경",여름 축제,https://raw.githubusercontent.com/JforPlay/data_for_toy/main/skin_shipyard/201233.webp
201234,뱀파이어,아이돌 리틀 데블,특수배경 (움짤),Live,https://raw.githubusercontent.com/JforPlay/data_for_toy/main/skin_shipyard/201234.webp
201235,뱀파이어,혼란스런 축제의 밤,특수배경 (움짤),크리스마스,https://raw.githubusercontent.com/JforPlay/data_for_toy/main/skin_shipyard/201235.webp
201238,뱀파이어,엘리의 축복,X,서약,https://raw.githubusercontent.com/JforPlay/data_for_toy/main/skin_shipyard/201238.webp
201240,주피터,주피터,X,,https://raw.githubusercontent.com/JforPlay/data_for_toy/main/skin_shipyard/201240.webp
201241,주피터,방송 대기 중,배경,홈웨어,https://raw.githubusercontent.com/JforPlay/data_for_toy/main/skin_shipyard/201241.webp
201250,저지,저지,X,,https://raw.githubusercontent.com/JforPlay/data_for_toy/main/skin_shipyard/201250.webp
201260,매치리스,매치리스,X,,https://raw.githubusercontent.com/JforPlay/data_for_toy/main/skin_shipyard/201260.webp
201261,매치리스,에스코트 해주세요!,배경,사복,https://raw.githubusercontent.com/JforPlay/data_for_toy/main/skin_shipyard/201261.webp
201270,머스킷티어,머스킷티어,X,,https://raw.githubusercontent.com/JforPlay/data_for_toy/main/skin_shipyard/201270.webp
201290,에코,에코,X,,https://raw.githubusercontent.com/JforPlay/data_for_toy/main/skin_shipyard/201290.webp
201320,에스키모,에스키모,X,,https://raw.githubusercontent.com/JforPlay/data_for_toy/main/skin_shipyard/201320.webp
201321,에스키모,"해변의 ""문제 어린이""",배경,수영복,https://raw.githubusercontent.com/JforPlay/data_for_toy/main/skin_shipyard/201321.webp
201330,이카로스,이카로스,X,,https://raw.githubusercontent.com/JforPlay/data_for_toy/main/skin_shipyard/201330.webp
201331,이카로스,모항 병원 체험 위크?,X,병원,https://raw.githubusercontent.com/JforPlay/data_for_toy/main/skin_shipyard/201331.webp
201332,이카로스,해저 탐험 촬영,배경,수영복,https://raw.githubusercontent.com/JforPlay/data_for_toy/main/skin_shipyard/201332.webp
201333,이카로스,"메이드, 고양이, 애프터눈 티",배경,메이드 타임,https://raw.githubusercontent.com/JforPlay/data_for_toy/main/skin_shipyard/201333.webp
201340,저비스,저비스,X,,https://raw.githubusercontent.com/JforPlay/data_for_toy/main/skin_shipyard/201340.webp
201341,저비스,바람에 휘날리며,X,메이드 타임,https://raw.githubusercontent.com/JforPlay/data_for_toy/main/skin_shipyard/201341.webp
201350,재너스,재너스,X,,https://raw.githubusercontent.com/JforPlay/data_for_toy/main/skin_shipyard/201350.webp
201351,재너스,핼러윈 야옹이의 스릴 나이트,"L2D, 배경",할로윈,https://raw.githubusercontent.com/JforPlay/data_for_toy/main/skin_shipyard/201351.webp
201352,재너스,망설임의 환복 시간,"배경, 쁘띠모션",학교,https://raw.githubusercontent.com/JforPlay/data_for_toy/main/skin_shipyard/201352.webp
201353,재너스,불 끄지 마세요,배경,메이드 타임,https://raw.githubusercontent.com/JforPlay/data_for_toy/main/skin_shipyard/201353.webp
201354,재너스,당구 레슨,배경,카니발,https://raw.githubusercontent.com/JforPlay/data_for_toy/main/skin_shipyard/201354.webp
201355,재너스,구름 위의 물보라,"L2D+, 배경",수영복,https://raw.githubusercontent.com/JforPlay/data_for_toy/main/skin_shipyard/201355.webp
201358,재너스,아침놀에 빛나는 맹세,X,서약,https://raw.githubusercontent.com/JforPlay/data_for_toy/main/skin_shipyard/201358.webp
201360,히어로,히어로,X,,https://raw.githubusercontent.com/JforPlay/data_for_toy/main/skin_shipyard/201360.webp
201361,히어로,옆자리의 작은 악마,배경,학교,https://raw.githubusercontent.com/JforPlay/data_for_toy/main/skin_shipyard/201361.webp
201370,누비안,누비안,X,,https://raw.githubusercontent.com/JforPlay/data_for_toy/main/skin_shipyard/201370.webp
201371,누비안,평범한 마법약학,배경,이세계 모험,https://raw.githubusercontent.com/JforPlay/data_for_toy/main/skin_shipyard/201371.webp
201372,누비안,최신 덜렁이 메이드에 도전?!,배경,메이드 타임,https://raw.githubusercontent.com/JforPlay/data_for_toy/main/skin_shipyard/201372.webp
201380,트라팔가,트라팔가,X,,https://raw.githubusercontent.com/JforPlay/data_for_toy/main/skin_shipyard/201380.webp
201381,트라팔가,높은 봉우리와 바닷바람,"L2D, 배경",수영복,https://raw.githubusercontent.com/JforPlay/data_for_toy/main/skin_shipyard/201381.webp
201390,갤런트,갤런트,X,,https://raw.githubusercontent.com/JforPlay/data_for_toy/main/skin_shipyard/201390.webp
201391,갤런트,마음의 특급 배송,"쁘띠모션, 배경",홈웨어,https://raw.githubusercontent.com/JforPlay/data_for_toy/main/skin_shipyard/201391.webp
202010,리엔더,리엔더,X,,https://raw.githubusercontent.com/JforPlay/data_for_toy/main/skin_shipyard/202010.webp
202019,리엔더,리엔더·改,X,개조,https://raw.githubusercontent.com/JforPlay/data_for_toy/main/skin_shipyard/202019.webp
202020,아킬레스,아킬레스,X,,https://raw.githubusercontent.com/JforPlay/data_for_toy/main/skin_shipyard/202020.webp
202029,아킬레스,아킬레스·改,X,개조,https://raw.githubusercontent.com/JforPlay/data_for_toy/main/skin_shipyard/202029.webp
202030,에이잭스,에이잭스,X,,https://raw.githubusercontent.com/JforPlay/data_for_toy/main/skin_shipyard/202030.webp
202031,에이잭스,파티 퀸,배경,파티,https://raw.githubusercontent.com/JforPlay/data_for_toy/main/skin_shipyard/202031.webp
202032,에이잭스,밸런타인 특별보상?,배경,학교,https://raw.githubusercontent.com/JforPlay/data_for_toy/main/skin_shipyard/202032.webp
202039,에이잭스,에이잭스·改,X,개조,https://raw.githubusercontent.com/JforPlay/data_for_toy/main/skin_shipyard/202039.webp
202040,다이도,다이도,X,,https://raw.githubusercontent.com/JforPlay/data_for_toy/main/skin_shipyard/202040.webp
202041,다이도,센치한 BIsqueDoll,특수배경 (움짤),파티,https://raw.githubusercontent.com/JforPlay/data_for_toy/main/skin_shipyard/202041.webp
202070,사우스햄튼,사우스햄튼,X,,https://raw.githubusercontent.com/JforPlay/data_for_toy/main/skin_shipyard/202070.webp
202071,사우스햄튼,신년의 LittleKnight,배경,정월,https://raw.githubusercontent.com/JforPlay/data_for_toy/main/skin_shipyard/202071.webp
202072,사우스햄튼,오후의 여유로운 선율,배경,메이드 타임,https://raw.githubusercontent.com/JforPlay/data_for_toy/main/skin_shipyard/202072.webp
202078,사우스햄튼,찬란한 출발,X,서약,https://raw.githubusercontent.com/JforPlay/data_for_toy/main/skin_shipyard/202078.webp
202080,셰필드,셰필드,X,,https://raw.githubusercontent.com/JforPlay/data_for_toy/main/skin_shipyard/202080.webp
202081,셰필드,이중생활?,X,기타,https://raw.githubusercontent.com/JforPlay/data_for_toy/main/skin_shipyard/202081.webp
202082,셰필드,잠깐의 휴식,배경,여름 축제,https://raw.githubusercontent.com/JforPlay/data_for_toy/main/skin_shipyard/202082.webp
202083,셰필드,레이븐의 저녁 만찬,특수배경 (움짤),파티,https://raw.githubusercontent.com/JforPlay/data_for_toy/main/skin_shipyard/202083.webp
202084,셰필드,BulletBorne,배경,블러드 문,https://raw.githubusercontent.com/JforPlay/data_for_toy/main/skin_shipyard/202084.webp
202085,셰필드,미스틱 쇼다운,배경,동화 속 세계,https://raw.githubusercontent.com/JforPlay/data_for_toy/main/skin_shipyard/202085.webp
202090,맨체스터,맨체스터,X,,https://raw.githubusercontent.com/JforPlay/data_for_toy/main/skin_shipyard/202090.webp
202091,맨체스터,스케어리 나이트 케어,배경,할로윈,https://raw.githubusercontent.com/JforPlay/data_for_toy/main/skin_shipyard/202091.webp
202092,맨체스터,파도가 잦아든 사이,배경,수영복,https://raw.githubusercontent.com/JforPlay/data_for_toy/main/skin_shipyard/202092.webp
202100,글로스터,글로스터,X,,https://raw.githubusercontent.com/JforPlay/data_for_toy/main/skin_shipyard/202100.webp
202101,글로스터,피올레 브릴리언트,특수배경 (움짤),이스트 글림 스타일,https://raw.githubusercontent.com/JforPlay/data_for_toy/main/skin_shipyard/202101.webp
202102,글로스터,돌고 도는 레저 트레이너,"쁘띠모션, 특수배경 (움짤)",동화 속 세계,https://raw.githubusercontent.com/JforPlay/data_for_toy/main/skin_shipyard/202102.webp
202110,에든버러,에든버러,X,,https://raw.githubusercontent.com/JforPlay/data_for_toy/main/skin_shipyard/202110.webp
202111,에든버러,도서관의 요정,배경,학교,https://raw.githubusercontent.com/JforPlay/data_for_toy/main/skin_shipyard/202111.webp
202112,에든버러,Candy Maid,배경,할로윈,https://raw.githubusercontent.com/JforPlay/data_for_toy/main/skin_shipyard/202112.webp
202120,벨파스트,벨파스트,X,,https://raw.githubusercontent.com/JforPlay/data_for_toy/main/skin_shipyard/202120.webp
202121,벨파스트,채운의 장미,"L2D, 배경",이스트 글림 스타일,https://raw.githubusercontent.com/JforPlay/data_for_toy/main/skin_shipyard/202121.webp
202122,벨파스트,차가운 강철의 메이드,X,기타,https://raw.githubusercontent.com/JforPlay/data_for_toy/main/skin_shipyard/202122.webp
202123,벨파스트,우아하고 고귀한 메이드,배경,파티,https://raw.githubusercontent.com/JforPlay/data_for_toy/main/skin_shipyard/202123.webp
202124,벨파스트,메이드장의 쇼핑데이,배경,사복,https://raw.githubusercontent.com/JforPlay/data_for_toy/main/skin_shipyard/202124.webp
202125,벨파스트,완벽한 대리점장,X,기타,https://raw.githubusercontent.com/JforPlay/data_for_toy/main/skin_shipyard/202125.webp
202126,벨파스트,경성의 화선,배경,정월,https://raw.githubusercontent.com/JforPlay/data_for_toy/main/skin_shipyard/202126.webp
202127,벨파스트,최고의 봉사,"쁘띠모션, 배경",동화 속 세계,https://raw.githubusercontent.com/JforPlay/data_for_toy/main/skin_shipyard/202127.webp
202128,벨파스트,클라다 링의 맹세,X,서약,https://raw.githubusercontent.com/JforPlay/data_for_toy/main/skin_shipyard/202128.webp
202130,아레투사,아레투사,X,,https://raw.githubusercontent.com/JforPlay/data_for_toy/main/skin_shipyard/202130.webp
202140,갈라테아,갈라테아,X,,https://raw.githubusercontent.com/JforPlay/data_for_toy/main/skin_shipyard/202140.webp
202150,오로라,오로라,X,,https://raw.githubusercontent.com/JforPlay/data_for_toy/main/skin_shipyard/202150.webp
202151,오로라,봄의 이야기,배경,이스트 글림 스타일,https://raw.githubusercontent.com/JforPlay/data_for_toy/main/skin_shipyard/202151.webp
202152,오로라,여명에 바치는 찬가,배경,파티,https://raw.githubusercontent.com/JforPlay/data_for_toy/main/skin_shipyard/202152.webp
202153,오로라,투성의 비기,"L2D, 특수배경 (움짤)",이스트 글림 스타일,https://raw.githubusercontent.com/JforPlay/data_for_toy/main/skin_shipyard/202153.webp
202158,오로라,길일황단,X,서약,https://raw.githubusercontent.com/JforPlay/data_for_toy/main/skin_shipyard/202158.webp
202160,피지,피지,X,,https://raw.githubusercontent.com/JforPlay/data_for_toy/main/skin_shipyard/202160.webp
202161,피지,패션 스타일?,X,사복,https://raw.githubusercontent.com/JforPlay/data_for_toy/main/skin_shipyard/202161.webp
202170,자메이카,자메이카,X,,https://raw.githubusercontent.com/JforPlay/data_for_toy/main/skin_shipyard/202170.webp
202171,자메이카,블랙 플래시,배경,사복,https://raw.githubusercontent.com/JforPlay/data_for_toy/main/skin_shipyard/202171.webp
202172,자메이카,Highway·Star,배경,사복,https://raw.githubusercontent.com/JforPlay/data_for_toy/main/skin_shipyard/202172.webp
202180,꼬마 벨파스트,꼬마 벨파스트,X,,https://raw.githubusercontent.com/JforPlay/data_for_toy/main/skin_shipyard/202180.webp
202190,뉴캐슬,뉴캐슬,X,,https://raw.githubusercontent.com/JforPlay/data_for_toy/main/skin_shipyard/202190.webp
202191,뉴캐슬,무궁화가 핀 풍경,X,기타,https://raw.githubusercontent.com/JforPlay/data_for_toy/main/skin_shipyard/202191.webp
202199,뉴캐슬,뉴캐슬·改,X,개조,https://raw.githubusercontent.com/JforPlay/data_for_toy/main/skin_shipyard/202199.webp
202200,시리우스,시리우스,X,,https://raw.githubusercontent.com/JforPlay/data_for_toy/main/skin_shipyard/202200.webp
202201,시리우스,화이트로즈,배경,파티,https://raw.githubusercontent.com/JforPlay/data_for_toy/main/skin_shipyard/202201.webp
202202,시리우스,한 여름의 Seirios,"L2D, 배경",수영복,https://raw.githubusercontent.com/JforPlay/data_for_toy/main/skin_shipyard/202202.webp
202203,시리우스,푸른 물결의 구름,특수배경 (움짤),이스트 글림 스타일,https://raw.githubusercontent.com/JforPlay/data_for_toy/main/skin_shipyard/202203.webp
202204,시리우스,파라다이스 코니,"L2D, 특수배경 (움짤)",동화 속 세계,https://raw.githubusercontent.com/JforPlay/data_for_toy/main/skin_shipyard/202204.webp
202208,시리우스,Alba Sirius,배경,서약,https://raw.githubusercontent.com/JforPlay/data_for_toy/main/skin_shipyard/202208.webp
202210,퀴라소,퀴라소,X,,https://raw.githubusercontent.com/JforPlay/data_for_toy/main/skin_shipyard/202210.webp
202211,퀴라소,동쪽 나라의 고운 빛깔,배경,이스트 글림 스타일,https://raw.githubusercontent.com/JforPlay/data_for_toy/main/skin_shipyard/202211.webp
202219,퀴라소,퀴라소·改,X,개조,https://raw.githubusercontent.com/JforPlay/data_for_toy/main/skin_shipyard/202219.webp
202220,컬루,컬루,X,,https://raw.githubusercontent.com/JforPlay/data_for_toy/main/skin_shipyard/202220.webp
202221,컬루,동쪽 나라의 정취,배경,이스트 글림 스타일,https://raw.githubusercontent.com/JforPlay/data_for_toy/main/skin_shipyard/202221.webp
202229,컬루,컬루·改,X,개조,https://raw.githubusercontent.com/JforPlay/data_for_toy/main/skin_shipyard/202229.webp
202230,스위프트슈어,스위프트슈어,X,,https://raw.githubusercontent.com/JforPlay/data_for_toy/main/skin_shipyard/202230.webp
202231,스위프트슈어,자습실의 Cyclamen,배경,학교,https://raw.githubusercontent.com/JforPlay/data_for_toy/main/skin_shipyard/202231.webp
202232,스위프트슈어,백옥의 미녀,특수배경 (움짤),이스트 글림 스타일,https://raw.githubusercontent.com/JforPlay/data_for_toy/main/skin_shipyard/202232.webp
202233,스위프트슈어,한 여름의 특별 서비스,배경,수영복,https://raw.githubusercontent.com/JforPlay/data_for_toy/main/skin_shipyard/202233.webp
202240,블랙 프린스,블랙 프린스,X,,https://raw.githubusercontent.com/JforPlay/data_for_toy/main/skin_shipyard/202240.webp
202241,블랙 프린스,White Princess,"L2D, 배경",수영복,https://raw.githubusercontent.com/JforPlay/data_for_toy/main/skin_shipyard/202241.webp
202242,블랙 프린스,Fairmaid·Spring,특수배경 (움짤),이스트 글림 스타일,https://raw.githubusercontent.com/JforPlay/data_for_toy/main/skin_shipyard/202242.webp
202243,블랙 프린스,Pop The Cork,배경,파티,https://raw.githubusercontent.com/JforPlay/data_for_toy/main/skin_shipyard/202243.webp
202244,블랙 프린스,정신 없는 안내원?,배경,카니발,https://raw.githubusercontent.com/JforPlay/data_for_toy/main/skin_shipyard/202244.webp
202248,블랙 프린스,Love's Greeting,배경,서약,https://raw.githubusercontent.com/JforPlay/data_for_toy/main/skin_shipyard/202248.webp
202250,셰필드(μ장비),셰필드(μ장비),X,,https://raw.githubusercontent.com/JforPlay/data_for_toy/main/skin_shipyard/202250.webp
202260,글래스고,글래스고,X,,https://raw.githubusercontent.com/JforPlay/data_for_toy/main/skin_shipyard/202260.webp
202261,글래스고,메이드씨는 동급생,배경,학교,https://raw.githubusercontent.com/JforPlay/data_for_toy/main/skin_shipyard/202261.webp
202270,허마이오니,허마이오니,X,,https://raw.githubusercontent.com/JforPlay/data_for_toy/main/skin_shipyard/202270.webp
202271,허마이오니,퓨어화이트 엔젤,"L2D, 배경",병원,https://raw.githubusercontent.com/JforPlay/data_for_toy/main/skin_shipyard/202271.webp
202272,허마이오니,순백의 한가한 휴일,"L2D, 배경",수영복,https://raw.githubusercontent.com/JforPlay/data_for_toy/main/skin_shipyard/202272.webp
202273,허마이오니,메이드의 우아한 오후,배경,파티,https://raw.githubusercontent.com/JforPlay/data_for_toy/main/skin_shipyard/202273.webp
202274,허마이오니,퓨어리 허브,특수배경 (움짤),이스트 글림 스타일,https://raw.githubusercontent.com/JforPlay/data_for_toy/main/skin_shipyard/202274.webp
202275,허마이오니,윈터 디어레스트,배경,사복,https://raw.githubusercontent.com/JforPlay/data_for_toy/main/skin_shipyard/202275.webp
202278,허마이오니,아침노을의 맹세,X,서약,https://raw.githubusercontent.com/JforPlay/data_for_toy/main/skin_shipyard/202278.webp
202280,다이도(μ장비),다이도(μ장비),X,,https://raw.githubusercontent.com/JforPlay/data_for_toy/main/skin_shipyard/202280.webp
202290,페넬로피,페넬로피,X,,https://raw.githubusercontent.com/JforPlay/data_for_toy/main/skin_shipyard/202290.webp
202291,페넬로피,힐링 레드,특수배경 (움짤),이스트 글림 스타일,https://raw.githubusercontent.com/JforPlay/data_for_toy/main/skin_shipyard/202291.webp
202292,페넬로피,예민한 메이드?,배경,메이드 타임,https://raw.githubusercontent.com/JforPlay/data_for_toy/main/skin_shipyard/202292.webp
202300,카리브디스,카리브디스,X,,https://raw.githubusercontent.com/JforPlay/data_for_toy/main/skin_shipyard/202300.webp
202301,카리브디스,안식의 규방,"L2D, 특수배경 (움짤)",이스트 글림 스타일,https://raw.githubusercontent.com/JforPlay/data_for_toy/main/skin_shipyard/202301.webp
202302,카리브디스,반짝이는 드레스,배경,파티,https://raw.githubusercontent.com/JforPlay/data_for_toy/main/skin_shipyard/202302.webp
202303,카리브디스,시원한 물방울,배경,수영복,https://raw.githubusercontent.com/JforPlay/data_for_toy/main/skin_shipyard/202303.webp
202310,벨로나,벨로나,X,,https://raw.githubusercontent.com/JforPlay/data_for_toy/main/skin_shipyard/202310.webp
202311,벨로나,메이드의 전투 체험,배경,메이드 타임,https://raw.githubusercontent.com/JforPlay/data_for_toy/main/skin_shipyard/202311.webp
202320,엔터프라이즈(경순),엔터프라이즈(경순),X,,https://raw.githubusercontent.com/JforPlay/data_for_toy/main/skin_shipyard/202320.webp
202330,스킬라,스킬라,X,,https://raw.githubusercontent.com/JforPlay/data_for_toy/main/skin_shipyard/202330.webp
202331,스킬라,방과 후의 밀담,X,학교,https://raw.githubusercontent.com/JforPlay/data_for_toy/main/skin_shipyard/202331.webp
202332,스킬라,쏟아지는 조명 속,특수배경 (움짤),파티,https://raw.githubusercontent.com/JforPlay/data_for_toy/main/skin_shipyard/202332.webp
202333,스킬라,시녀의 심판,"쁘띠모션, 배경",이집트 스타일,https://raw.githubusercontent.com/JforPlay/data_for_toy/main/skin_shipyard/202333.webp
202340,리버풀,리버풀,X,,https://raw.githubusercontent.com/JforPlay/data_for_toy/main/skin_shipyard/202340.webp
202341,리버풀,블레싱 블레이즈,배경,이세계 모험,https://raw.githubusercontent.com/JforPlay/data_for_toy/main/skin_shipyard/202341.webp
202350,클레오파트라,클레오파트라,X,,https://raw.githubusercontent.com/JforPlay/data_for_toy/main/skin_shipyard/202350.webp
202351,클레오파트라,별빛과 장미,배경,수영복,https://raw.githubusercontent.com/JforPlay/data_for_toy/main/skin_shipyard/202351.webp
202360,트리니다드,트리니다드,X,,https://raw.githubusercontent.com/JforPlay/data_for_toy/main/skin_shipyard/202360.webp
202361,트리니다드,드레싱 트래퍼,쁘띠모션,수영복,https://raw.githubusercontent.com/JforPlay/data_for_toy/main/skin_shipyard/202361.webp
203010,런던,런던,X,,https://raw.githubusercontent.com/JforPlay/data_for_toy/main/skin_shipyard/203010.webp
203011,런던,유능한 비서,"배경, 쁘띠모션",오피스 타임,https://raw.githubusercontent.com/JforPlay/data_for_toy/main/skin_shipyard/203011.webp
203018,런던,세리머니 오브 플래티넘,X,서약,https://raw.githubusercontent.com/JforPlay/data_for_toy/main/skin_shipyard/203018.webp
203019,런던,런던·改,X,개조,https://raw.githubusercontent.com/JforPlay/data_for_toy/main/skin_shipyard/203019.webp
203020,슈롭셔,슈롭셔,X,,https://raw.githubusercontent.com/JforPlay/data_for_toy/main/skin_shipyard/203020.webp
203029,슈롭셔,슈롭셔·改,X,개조,https://raw.githubusercontent.com/JforPlay/data_for_toy/main/skin_shipyard/203029.webp
203030,켄트,켄트,X,,https://raw.githubusercontent.com/JforPlay/data_for_toy/main/skin_shipyard/203030.webp
203040,서포크,서포크,X,,https://raw.githubusercontent.com/JforPlay/data_for_toy/main/skin_shipyard/203040.webp
203049,서포크,서포크·改,X,개조,https://raw.githubusercontent.com/JforPlay/data_for_toy/main/skin_shipyard/203049.webp
203050,노포크,노포크,X,,https://raw.githubusercontent.com/JforPlay/data_for_toy/main/skin_shipyard/203050.webp
203060,도셋셔,도셋셔,X,,https://raw.githubusercontent.com/JforPlay/data_for_toy/main/skin_shipyard/203060.webp
203070,요크,요크,X,,https://raw.githubusercontent.com/JforPlay/data_for_toy/main/skin_shipyard/203070.webp
203071,요크,truth seeker,배경,학교,https://raw.githubusercontent.com/JforPlay/data_for_toy/main/skin_shipyard/203071.webp
203072,요크,푸른 물결의 소환사,배경,수영복,https://raw.githubusercontent.com/JforPlay/data_for_toy/main/skin_shipyard/203072.webp
203078,요크,영백한 서약,X,서약,https://raw.githubusercontent.com/JforPlay/data_for_toy/main/skin_shipyard/203078.webp
203079,요크,요크·改,X,개조,https://raw.githubusercontent.com/JforPlay/data_for_toy/main/skin_shipyard/203079.webp
203080,엑세터,엑세터,X,,https://raw.githubusercontent.com/JforPlay/data_for_toy/main/skin_shipyard/203080.webp
203081,엑세터,영광은 건배와 함께,배경,파티,https://raw.githubusercontent.com/JforPlay/data_for_toy/main/skin_shipyard/203081.webp
203089,엑세터,엑세터·改,X,개조,https://raw.githubusercontent.com/JforPlay/data_for_toy/main/skin_shipyard/203089.webp
203090,서식스,서식스,X,,https://raw.githubusercontent.com/JforPlay/data_for_toy/main/skin_shipyard/203090.webp
203091,서식스,태양과 튤립,배경,수영복,https://raw.githubusercontent.com/JforPlay/data_for_toy/main/skin_shipyard/203091.webp
203092,서식스,와인과 로즈,특수배경 (움짤),파티,https://raw.githubusercontent.com/JforPlay/data_for_toy/main/skin_shipyard/203092.webp
203100,꼬마 체셔,꼬마 체셔,X,,https://raw.githubusercontent.com/JforPlay/data_for_toy/main/skin_shipyard/203100.webp
203130,데본셔,데본셔,X,,https://raw.githubusercontent.com/JforPlay/data_for_toy/main/skin_shipyard/203130.webp
203131,데본셔,데몬 새디스틱,"L2D, 배경",이세계 모험,https://raw.githubusercontent.com/JforPlay/data_for_toy/main/skin_shipyard/203131.webp
204010,리나운,리나운,X,,https://raw.githubusercontent.com/JforPlay/data_for_toy/main/skin_shipyard/204010.webp
204011,리나운,우아한 로열 프라이드,배경,이스트 글림 스타일,https://raw.githubusercontent.com/JforPlay/data_for_toy/main/skin_shipyard/204011.webp
204020,리펄스,리펄스,X,,https://raw.githubusercontent.com/JforPlay/data_for_toy/main/skin_shipyard/204020.webp
204021,리펄스,춘화의 연무,배경,이스트 글림 스타일,https://raw.githubusercontent.com/JforPlay/data_for_toy/main/skin_shipyard/204021.webp
204030,후드,후드,X,,https://raw.githubusercontent.com/JforPlay/data_for_toy/main/skin_shipyard/204030.webp
204031,후드,햇살 속의 숙녀,배경,수영복,https://raw.githubusercontent.com/JforPlay/data_for_toy/main/skin_shipyard/204031.webp
204032,후드,오색빛 Glorius,배경,정월,https://raw.githubusercontent.com/JforPlay/data_for_toy/main/skin_shipyard/204032.webp
204033,후드,아침 햇살의 숙녀,배경,파티,https://raw.githubusercontent.com/JforPlay/data_for_toy/main/skin_shipyard/204033.webp
204034,후드,숙녀와 서러브레드,배경,오피스 타임,https://raw.githubusercontent.com/JforPlay/data_for_toy/main/skin_shipyard/204034.webp
204035,후드,그녀를 위한 엘레강스,"쁘띠모션, 배경",파티,https://raw.githubusercontent.com/JforPlay/data_for_toy/main/skin_shipyard/204035.webp
204038,후드,순결한 사랑,X,서약,https://raw.githubusercontent.com/JforPlay/data_for_toy/main/skin_shipyard/204038.webp
204040,꼬마 리나운,꼬마 리나운,X,,https://raw.githubusercontent.com/JforPlay/data_for_toy/main/skin_shipyard/204040.webp
205010,퀸 엘리자베스,퀸 엘리자베스,X,,https://raw.githubusercontent.com/JforPlay/data_for_toy/main/skin_shipyard/205010.webp
205011,퀸 엘리자베스,여왕님의 무도회,배경,파티,https://raw.githubusercontent.com/JforPlay/data_for_toy/main/skin_shipyard/205011.webp
205012,퀸 엘리자베스,A Night At The Stage,특수배경 (움짤),Live,https://raw.githubusercontent.com/JforPlay/data_for_toy/main/skin_shipyard/205012.webp
205013,퀸 엘리자베스,여왕의 학원 명령,배경,학교,https://raw.githubusercontent.com/JforPlay/data_for_toy/main/skin_shipyard/205013.webp
205014,퀸 엘리자베스,금운의 프리미엄 로열,특수배경 (움짤),이스트 글림 스타일,https://raw.githubusercontent.com/JforPlay/data_for_toy/main/skin_shipyard/205014.webp
205015,퀸 엘리자베스,Maid·My·Highness,"L2D, 배경",메이드 타임,https://raw.githubusercontent.com/JforPlay/data_for_toy/main/skin_shipyard/205015.webp
205016,퀸 엘리자베스,시사이드 오더즈,배경,수영복,https://raw.githubusercontent.com/JforPlay/data_for_toy/main/skin_shipyard/205016.webp
205020,워스파이트,워스파이트,X,,https://raw.githubusercontent.com/JforPlay/data_for_toy/main/skin_shipyard/205020.webp
205021,워스파이트,전사의 크리스마스 선물,배경,크리스마스,https://raw.githubusercontent.com/JforPlay/data_for_toy/main/skin_shipyard/205021.webp
205022,워스파이트,Under Pleasure,특수배경 (움짤),Live,https://raw.githubusercontent.com/JforPlay/data_for_toy/main/skin_shipyard/205022.webp
205023,워스파이트,올드 레이디의 수박 자르기,배경,닌자의 성,https://raw.githubusercontent.com/JforPlay/data_for_toy/main/skin_shipyard/205023.webp
205029,워스파이트,워스파이트·改,X,개조,https://raw.githubusercontent.com/JforPlay/data_for_toy/main/skin_shipyard/205029.webp
205030,넬슨,넬슨,X,,https://raw.githubusercontent.com/JforPlay/data_for_toy/main/skin_shipyard/205030.webp
205031,넬슨,달의 마녀,X,할로윈,https://raw.githubusercontent.com/JforPlay/data_for_toy/main/skin_shipyard/205031.webp
205032,넬슨,파랑과 금빛의 여름 라이트,배경,여름 축제,https://raw.githubusercontent.com/JforPlay/data_for_toy/main/skin_shipyard/205032.webp
205039,넬슨,넬슨·改,X,개조,https://raw.githubusercontent.com/JforPlay/data_for_toy/main/skin_shipyard/205039.webp
205040,로드니,로드니,X,,https://raw.githubusercontent.com/JforPlay/data_for_toy/main/skin_shipyard/205040.webp
205041,로드니,미래의 Ms.시사이드,배경,수영복,https://raw.githubusercontent.com/JforPlay/data_for_toy/main/skin_shipyard/205041.webp
205043,로드니,완벽한 가인,특수배경 (움짤),이스트 글림 스타일,https://raw.githubusercontent.com/JforPlay/data_for_toy/main/skin_shipyard/205043.webp
205048,로드니,행복의 전당,X,서약,https://raw.githubusercontent.com/JforPlay/data_for_toy/main/skin_shipyard/205048.webp
205050,킹 조지 5세,킹 조지 5세,X,,https://raw.githubusercontent.com/JforPlay/data_for_toy/main/skin_shipyard/205050.webp
205051,킹 조지 5세,온순한 장미,배경,파티,https://raw.githubusercontent.com/JforPlay/data_for_toy/main/skin_shipyard/205051.webp
205060,프린스 오브 웨일즈,프린스 오브 웨일즈,X,,https://raw.githubusercontent.com/JforPlay/data_for_toy/main/skin_shipyard/205060.webp
205061,프린스 오브 웨일즈,윈저의 태양,배경,수영복,https://raw.githubusercontent.com/JforPlay/data_for_toy/main/skin_shipyard/205061.webp
205062,프린스 오브 웨일즈,로열 네이비의 풍류,배경,정월,https://raw.githubusercontent.com/JforPlay/data_for_toy/main/skin_shipyard/205062.webp
205064,프린스 오브 웨일즈,영광의 빅토리 레이싱,특수배경 (움짤),극속광열,https://raw.githubusercontent.com/JforPlay/data_for_toy/main/skin_shipyard/205064.webp
205065,프린스 오브 웨일즈,"기사의 선율, 소녀의 별하늘",특수배경 (움짤),파티,https://raw.githubusercontent.com/JforPlay/data_for_toy/main/skin_shipyard/205065.webp
205070,듀크 오브 요크,듀크 오브 요크,X,,https://raw.githubusercontent.com/JforPlay/data_for_toy/main/skin_shipyard/205070.webp
205072,듀크 오브 요크,영원한 밤의 코롤라,배경,파티,https://raw.githubusercontent.com/JforPlay/data_for_toy/main/skin_shipyard/205072.webp
205073,듀크 오브 요크,위대한 글로리어스 포뮬러,특수배경 (움짤),극속광열,https://raw.githubusercontent.com/JforPlay/data_for_toy/main/skin_shipyard/205073.webp
205074,듀크 오브 요크,지혜로운 페다고그,"배경, 쁘띠모션",오피스 타임,https://raw.githubusercontent.com/JforPlay/data_for_toy/main/skin_shipyard/205074.webp
205090,하우,하우,X,,https://raw.githubusercontent.com/JforPlay/data_for_toy/main/skin_shipyard/205090.webp
205091,하우,Noble Rouge,배경,사복,https://raw.githubusercontent.com/JforPlay/data_for_toy/main/skin_shipyard/205091.webp
205092,하우,Cookie·Maid·Princess,배경,메이드 타임,https://raw.githubusercontent.com/JforPlay/data_for_toy/main/skin_shipyard/205092.webp
205093,하우,럭셔리 나이트 파티,배경,이스트 글림 스타일,https://raw.githubusercontent.com/JforPlay/data_for_toy/main/skin_shipyard/205093.webp
205100,밸리언트,밸리언트,X,,https://raw.githubusercontent.com/JforPlay/data_for_toy/main/skin_shipyard/205100.webp
205101,밸리언트,리틀 간호사의 시간,배경,병원,https://raw.githubusercontent.com/JforPlay/data_for_toy/main/skin_shipyard/205101.webp
205102,밸리언트,밸리언트 폐하？,배경,파티,https://raw.githubusercontent.com/JforPlay/data_for_toy/main/skin_shipyard/205102.webp
205110,리벤지,리벤지,X,,https://raw.githubusercontent.com/JforPlay/data_for_toy/main/skin_shipyard/205110.webp
205111,리벤지,진격의 당돌한 메이드,배경,메이드 타임,https://raw.githubusercontent.com/JforPlay/data_for_toy/main/skin_shipyard/205111.webp
205130,뱅가드,뱅가드,X,,https://raw.githubusercontent.com/JforPlay/data_for_toy/main/skin_shipyard/205130.webp
205131,뱅가드,애매한 마스커레이드,"L2D, 배경",메이드 타임,https://raw.githubusercontent.com/JforPlay/data_for_toy/main/skin_shipyard/205131.webp
205140,로열 오크,로열 오크,X,,https://raw.githubusercontent.com/JforPlay/data_for_toy/main/skin_shipyard/205140.webp
205141,로열 오크,우울 소녀는 도망치고 싶어,배경,학교,https://raw.githubusercontent.com/JforPlay/data_for_toy/main/skin_shipyard/205141.webp
205160,라이온,라이온,X,,https://raw.githubusercontent.com/JforPlay/data_for_toy/main/skin_shipyard/205160.webp
205161,라이온,나른한 댄딜라이온,"L2D, 배경",수영복,https://raw.githubusercontent.com/JforPlay/data_for_toy/main/skin_shipyard/205161.webp
206010,허미즈,허미즈,X,,https://raw.githubusercontent.com/JforPlay/data_for_toy/main/skin_shipyard/206010.webp
206019,허미즈,허미즈·改,X,개조,https://raw.githubusercontent.com/JforPlay/data_for_toy/main/skin_shipyard/206019.webp
206020,아거스,아거스,X,,https://raw.githubusercontent.com/JforPlay/data_for_toy/main/skin_shipyard/206020.webp
206021,아거스,날 밝은 줄 모르는 숙면,배경,학교,https://raw.githubusercontent.com/JforPlay/data_for_toy/main/skin_shipyard/206021.webp
206022,아거스,트라이 앤드 엑스퀴짓,배경,파티,https://raw.githubusercontent.com/JforPlay/data_for_toy/main/skin_shipyard/206022.webp
206023,아거스,위엄 있는 수영복 특훈,"L2D+, 배경, 브금",수영복,https://raw.githubusercontent.com/JforPlay/data_for_toy/main/skin_shipyard/206023.webp
206030,유니콘,유니콘,X,,https://raw.githubusercontent.com/JforPlay/data_for_toy/main/skin_shipyard/206030.webp
206031,유니콘,작은 별의 디바,X,기타,https://raw.githubusercontent.com/JforPlay/data_for_toy/main/skin_shipyard/206031.webp
206032,유니콘,봄의 선물,배경,이스트 글림 스타일,https://raw.githubusercontent.com/JforPlay/data_for_toy/main/skin_shipyard/206032.webp
206033,유니콘,꿈에 그리던 유원지,"L2D, 배경",사복,https://raw.githubusercontent.com/JforPlay/data_for_toy/main/skin_shipyard/206033.webp
206034,유니콘,소원의 눈과 매화,배경,정월,https://raw.githubusercontent.com/JforPlay/data_for_toy/main/skin_shipyard/206034.webp
206035,유니콘,천사의 MY NIGHT,"L2D, 특수배경 (움짤)",Live,https://raw.githubusercontent.com/JforPlay/data_for_toy/main/skin_shipyard/206035.webp
206036,유니콘,시원한 독서 시간,배경,홈웨어,https://raw.githubusercontent.com/JforPlay/data_for_toy/main/skin_shipyard/206036.webp
206037,유니콘,천사의 간호,배경,병원,https://raw.githubusercontent.com/JforPlay/data_for_toy/main/skin_shipyard/206037.webp
206038,유니콘,행복의 순백,X,서약,https://raw.githubusercontent.com/JforPlay/data_for_toy/main/skin_shipyard/206038.webp
206039,유니콘,유니콘·改,X,개조,https://raw.githubusercontent.com/JforPlay/data_for_toy/main/skin_shipyard/206039.webp
206040,센토,센토,X,,https://raw.githubusercontent.com/JforPlay/data_for_toy/main/skin_shipyard/206040.webp
206041,센토,해변의 운디네,"L2D, 배경",수영복,https://raw.githubusercontent.com/JforPlay/data_for_toy/main/skin_shipyard/206041.webp
206042,센토,청량한 봄바람,배경,이스트 글림 스타일,https://raw.githubusercontent.com/JforPlay/data_for_toy/main/skin_shipyard/206042.webp
206050,체이서,체이서,X,,https://raw.githubusercontent.com/JforPlay/data_for_toy/main/skin_shipyard/206050.webp
206051,체이서,이스트 글림 견문록,배경,이스트 글림 스타일,https://raw.githubusercontent.com/JforPlay/data_for_toy/main/skin_shipyard/206051.webp
206052,체이서,Gamer Style,배경,사복,https://raw.githubusercontent.com/JforPlay/data_for_toy/main/skin_shipyard/206052.webp
206060,퍼시어스,퍼시어스,X,,https://raw.githubusercontent.com/JforPlay/data_for_toy/main/skin_shipyard/206060.webp
206061,퍼시어스,미숙한 근무 시간,배경,병원,https://raw.githubusercontent.com/JforPlay/data_for_toy/main/skin_shipyard/206061.webp
206062,퍼시어스,봄빛의 릴랙제이션,"L2D, 배경",이스트 글림 스타일,https://raw.githubusercontent.com/JforPlay/data_for_toy/main/skin_shipyard/206062.webp
206070,알비온,알비온,X,,https://raw.githubusercontent.com/JforPlay/data_for_toy/main/skin_shipyard/206070.webp
206071,알비온,은빛 달 아래의 요정,배경,할로윈,https://raw.githubusercontent.com/JforPlay/data_for_toy/main/skin_shipyard/206071.webp
206072,알비온,주각에 풍겨드는 봄 향기,"L2D, 특수배경 (움짤)",이스트 글림 스타일,https://raw.githubusercontent.com/JforPlay/data_for_toy/main/skin_shipyard/206072.webp
206073,알비온,요정향의 조찬,"쁘띠모션, 배경",홈웨어,https://raw.githubusercontent.com/JforPlay/data_for_toy/main/skin_shipyard/206073.webp
206080,테세우스,테세우스,X,,https://raw.githubusercontent.com/JforPlay/data_for_toy/main/skin_shipyard/206080.webp
206081,테세우스,휘파람새의 흰 날개,배경,이스트 글림 스타일,https://raw.githubusercontent.com/JforPlay/data_for_toy/main/skin_shipyard/206081.webp
207010,이글,이글,X,,https://raw.githubusercontent.com/JforPlay/data_for_toy/main/skin_shipyard/207010.webp
207011,이글,인턴 의사 이글,배경,병원,https://raw.githubusercontent.com/JforPlay/data_for_toy/main/skin_shipyard/207011.webp
207020,아크 로열,아크 로열,X,,https://raw.githubusercontent.com/JforPlay/data_for_toy/main/skin_shipyard/207020.webp
207021,아크 로열,해안의 감시자,배경,수영복,https://raw.githubusercontent.com/JforPlay/data_for_toy/main/skin_shipyard/207021.webp
207022,아크 로열,연회장의 수호자,"L2D, 배경",파티,https://raw.githubusercontent.com/JforPlay/data_for_toy/main/skin_shipyard/207022.webp
207023,아크 로열,신년의 수호자,배경,정월,https://raw.githubusercontent.com/JforPlay/data_for_toy/main/skin_shipyard/207023.webp
207024,아크 로열,카페의 관찰 데이트?,배경,메이드 타임,https://raw.githubusercontent.com/JforPlay/data_for_toy/main/skin_shipyard/207024.webp
207025,아크 로열,오더 오브 어뮤즈먼트,특수배경 (움짤),동화 속 세계,https://raw.githubusercontent.com/JforPlay/data_for_toy/main/skin_shipyard/207025.webp
207028,아크 로열,순백의 수호자,X,서약,https://raw.githubusercontent.com/JforPlay/data_for_toy/main/skin_shipyard/207028.webp
207029,아크 로열,아크 로열·改,X,개조,https://raw.githubusercontent.com/JforPlay/data_for_toy/main/skin_shipyard/207029.webp
207030,일러스트리어스,일러스트리어스,X,,https://raw.githubusercontent.com/JforPlay/data_for_toy/main/skin_shipyard/207030.webp
207031,일러스트리어스,끝나지 않는 다과회,X,기타,https://raw.githubusercontent.com/JforPlay/data_for_toy/main/skin_shipyard/207031.webp
207032,일러스트리어스,빛나는 무도회,배경,파티,https://raw.githubusercontent.com/JforPlay/data_for_toy/main/skin_shipyard/207032.webp
207033,일러스트리어스,이국의 일러스트리어스,X,기타,https://raw.githubusercontent.com/JforPlay/data_for_toy/main/skin_shipyard/207033.webp
207035,일러스트리어스,봄날의 사랑,특수배경 (움짤),이스트 글림 스타일,https://raw.githubusercontent.com/JforPlay/data_for_toy/main/skin_shipyard/207035.webp
207036,일러스트리어스,부드러운 빛은 음색과 함께,특수배경 (움짤),파티,https://raw.githubusercontent.com/JforPlay/data_for_toy/main/skin_shipyard/207036.webp
207037,일러스트리어스,두 사람의 공부 시간,"L2D, 배경",오피스 타임,https://raw.githubusercontent.com/JforPlay/data_for_toy/main/skin_shipyard/207037.webp
207038,일러스트리어스,사랑과 희망의 샛별,X,서약,https://raw.githubusercontent.com/JforPlay/data_for_toy/main/skin_shipyard/207038.webp
207040,빅토리어스,빅토리어스,X,,https://raw.githubusercontent.com/JforPlay/data_for_toy/main/skin_shipyard/207040.webp
207041,빅토리어스,여신의 휴일,배경,사복,https://raw.githubusercontent.com/JforPlay/data_for_toy/main/skin_shipyard/207041.webp
207042,빅토리어스,여신의 가이드,특수배경 (움짤),이스트 글림 스타일,https://raw.githubusercontent.com/JforPlay/data_for_toy/main/skin_shipyard/207042.webp
207043,빅토리어스,선선하고 아름다운 밤에,배경,여름 축제,https://raw.githubusercontent.com/JforPlay/data_for_toy/main/skin_shipyard/207043.webp
207050,포미더블,포미더블,X,,https://raw.githubusercontent.com/JforPlay/data_for_toy/main/skin_shipyard/207050.webp
207051,포미더블,해변의 로열 레이디,배경,수영복,https://raw.githubusercontent.com/JforPlay/data_for_toy/main/skin_shipyard/207051.webp
207052,포미더블,클래식 드레스 업!,배경,파티,https://raw.githubusercontent.com/JforPlay/data_for_toy/main/skin_shipyard/207052.webp
207053,포미더블,가슴 설레는 주번 활동,"L2D, 배경",학교,https://raw.githubusercontent.com/JforPlay/data_for_toy/main/skin_shipyard/207053.webp
207054,포미더블,로큰 알코올,"쁘띠모션, 배경",카니발,https://raw.githubusercontent.com/JforPlay/data_for_toy/main/skin_shipyard/207054.webp
207055,포미더블,애니버서리 메모리즈,"L2D, 배경",파티,https://raw.githubusercontent.com/JforPlay/data_for_toy/main/skin_shipyard/207055.webp
207060,글로리어스,글로리어스,X,,https://raw.githubusercontent.com/JforPlay/data_for_toy/main/skin_shipyard/207060.webp
207061,글로리어스,영광스런 학원 생활,배경,학교,https://raw.githubusercontent.com/JforPlay/data_for_toy/main/skin_shipyard/207061.webp
207062,글로리어스,시원한 밤의 향설,"L2D, 특수배경 (움짤)",이스트 글림 스타일,https://raw.githubusercontent.com/JforPlay/data_for_toy/main/skin_shipyard/207062.webp
207070,임플래커블,임플래커블,X,,https://raw.githubusercontent.com/JforPlay/data_for_toy/main/skin_shipyard/207070.webp
207071,임플래커블,"사무실에서의 ""사고""","배경, 쁘띠모션",학교,https://raw.githubusercontent.com/JforPlay/data_for_toy/main/skin_shipyard/207071.webp
207072,임플래커블,유향 머무는 잔,"L2D, 특수배경 (움짤)",이스트 글림 스타일,https://raw.githubusercontent.com/JforPlay/data_for_toy/main/skin_shipyard/207072.webp
207090,꼬마 일러스트리어스,꼬마 일러스트리어스,X,,https://raw.githubusercontent.com/JforPlay/data_for_toy/main/skin_shipyard/207090.webp
207110,일러스트리어스(μ장비),일러스트리어스(μ장비),X,,https://raw.githubusercontent.com/JforPlay/data_for_toy/main/skin_shipyard/207110.webp
207120,인도미터블,인도미터블,X,,https://raw.githubusercontent.com/JforPlay/data_for_toy/main/skin_shipyard/207120.webp
207121,인도미터블,나른한 메이드씨,배경,메이드 타임,https://raw.githubusercontent.com/JforPlay/data_for_toy/main/skin_shipyard/207121.webp
207130,꼬마 포미더블,꼬마 포미더블,X,,https://raw.githubusercontent.com/JforPlay/data_for_toy/main/skin_shipyard/207130.webp
207140,포미더블(μ장비),포미더블(μ장비),X,,https://raw.githubusercontent.com/JforPlay/data_for_toy/main/skin_shipyard/207140.webp
213010,에레버스,에레버스,X,,https://raw.githubusercontent.com/JforPlay/data_for_toy/main/skin_shipyard/213010.webp
213011,에레버스,환상의 행복,X,기타,https://raw.githubusercontent.com/JforPlay/data_for_toy/main/skin_shipyard/213011.webp
213012,에레버스,크로스드레싱 매직,배경,할로윈,https://raw.githubusercontent.com/JforPlay/data_for_toy/main/skin_shipyard/213012.webp
213020,테러,테러,X,,https://raw.githubusercontent.com/JforPlay/data_for_toy/main/skin_shipyard/213020.webp
213021,테러,테러 오브 핼러윈,X,할로윈,https://raw.githubusercontent.com/JforPlay/data_for_toy/main/skin_shipyard/213021.webp
213040,애버크롬비,애버크롬비,X,,https://raw.githubusercontent.com/JforPlay/data_for_toy/main/skin_shipyard/213040.webp
213041,애버크롬비,스크리밍 펌킨!,배경,할로윈,https://raw.githubusercontent.com/JforPlay/data_for_toy/main/skin_shipyard/213041.webp
213042,애버크롬비,못된 토끼의 장난!,"L2D, 배경",카니발,https://raw.githubusercontent.com/JforPlay/data_for_toy/main/skin_shipyard/213042.webp
213043,애버크롬비,오션 체이스,배경,특수 훈련,https://raw.githubusercontent.com/JforPlay/data_for_toy/main/skin_shipyard/213043.webp
231210,재블린,언유주얼 댄스,배경,파티,https://raw.githubusercontent.com/JforPlay/data_for_toy/main/skin_shipyard/231210.webp
236030,유니콘,행복 무브먼트,특수배경 (움짤),파티,https://raw.githubusercontent.com/JforPlay/data_for_toy/main/skin_shipyard/236030.webp
236031,유니콘,화이트 마이 엔젤,배경,이세계 모험,https://raw.githubusercontent.com/JforPlay/data_for_toy/main/skin_shipyard/236031.webp
236032,유니콘,Champion of Unicorn,배경,스포츠,https://raw.githubusercontent.com/JforPlay/data_for_toy/main/skin_shipyard/236032.webp
237030,일러스트리어스,스위트 애프터눈 티,"쁘띠모션, 배경",사복,https://raw.githubusercontent.com/JforPlay/data_for_toy/main/skin_shipyard/237030.webp
299010,넵튠,넵튠,X,,https://raw.githubusercontent.com/JforPlay/data_for_toy/main/skin_shipyard/299010.webp
299011,넵튠,루돌프 프린세스,특수배경 (움짤),크리스마스,https://raw.githubusercontent.com/JforPlay/data_for_toy/main/skin_shipyard/299011.webp
299012,넵튠,심해 함선 마린스노우,특수배경 (움짤),파티,https://raw.githubusercontent.com/JforPlay/data_for_toy/main/skin_shipyard/299012.webp
299013,넵튠,토끼 경찰 출동!,배경,특수 훈련,https://raw.githubusercontent.com/JforPlay/data_for_toy/main/skin_shipyard/299013.webp
299020,모나크,모나크,X,,https://raw.githubusercontent.com/JforPlay/data_for_toy/main/skin_shipyard/299020.webp
299021,모나크,화이트 워릭,배경,파티,https://raw.githubusercontent.com/JforPlay/data_for_toy/main/skin_shipyard/299021.webp
299022,모나크,블랙 제라드,배경,이스트 글림 스타일,https://raw.githubusercontent.com/JforPlay/data_for_toy/main/skin_shipyard/299022.webp
299023,모나크,시티 디텍티브,배경,특수 훈련,https://raw.githubusercontent.com/JforPlay/data_for_toy/main/skin_shipyard/299023.webp
299024,모나크,비치 아이코닉,"L2D, 배경",수영복,https://raw.githubusercontent.com/JforPlay/data_for_toy/main/skin_shipyard/299024.webp
299030,체셔,체셔,X,,https://raw.githubusercontent.com/JforPlay/data_for_toy/main/skin_shipyard/299030.webp
299031,체셔,Dating Summer！,배경,수영복,https://raw.githubusercontent.com/JforPlay/data_for_toy/main/skin_shipyard/299031.webp
299032,체셔,음악현란CaitSith,"L2D, 특수배경 (움짤)",이스트 글림 스타일,https://raw.githubusercontent.com/JforPlay/data_for_toy/main/skin_shipyard/299032.webp
299033,체셔,얼음공주,L2D,파티,https://raw.githubusercontent.com/JforPlay/data_for_toy/main/skin_shipyard/299033.webp
299034,체셔,팬시 나이트 드림,"L2D, 특수배경 (움짤)",파티,https://raw.githubusercontent.com/JforPlay/data_for_toy/main/skin_shipyard/299034.webp
299038,체셔,새하얀 바다의 선율,X,서약,https://raw.githubusercontent.com/JforPlay/data_for_toy/main/skin_shipyard/299038.webp
299040,드레이크,드레이크,X,,https://raw.githubusercontent.com/JforPlay/data_for_toy/main/skin_shipyard/299040.webp
299041,드레이크,황금 사슴의 여유로운 시간,배경,수영복,https://raw.githubusercontent.com/JforPlay/data_for_toy/main/skin_shipyard/299041.webp
299050,플리머스,플리머스,X,,https://raw.githubusercontent.com/JforPlay/data_for_toy/main/skin_shipyard/299050.webp
299051,플리머스,상쾌한 이노센트 돌,배경,수영복,https://raw.githubusercontent.com/JforPlay/data_for_toy/main/skin_shipyard/299051.webp
299060,던컨,던컨,X,,https://raw.githubusercontent.com/JforPlay/data_for_toy/main/skin_shipyard/299060.webp
301010,후부키,후부키,X,,https://raw.githubusercontent.com/JforPlay/data_for_toy/main/skin_shipyard/301010.webp
301011,후부키,지각 5분전,배경,학교,https://raw.githubusercontent.com/JforPlay/data_for_toy/main/skin_shipyard/301011.webp
301013,후부키,뮤직 픽시,"L2D, 배경",파티,https://raw.githubusercontent.com/JforPlay/data_for_toy/main/skin_shipyard/301013.webp
301014,후부키,특형 아이돌 Fubuki,특수배경 (움짤),Live,https://raw.githubusercontent.com/JforPlay/data_for_toy/main/skin_shipyard/301014.webp
301015,후부키,인턴 종업원 Fubuki,X,기타,https://raw.githubusercontent.com/JforPlay/data_for_toy/main/skin_shipyard/301015.webp
301016,후부키,등불 아래 클래식,X,이스트 글림 스타일,https://raw.githubusercontent.com/JforPlay/data_for_toy/main/skin_shipyard/301016.webp
301020,시라유키,시라유키,X,,https://raw.githubusercontent.com/JforPlay/data_for_toy/main/skin_shipyard/301020.webp
301021,시라유키,토끼 사육사,배경,학교,https://raw.githubusercontent.com/JforPlay/data_for_toy/main/skin_shipyard/301021.webp
301040,미유키,미유키,X,,https://raw.githubusercontent.com/JforPlay/data_for_toy/main/skin_shipyard/301040.webp
301041,미유키,쇼핑 데이트 타임,배경,메이드 타임,https://raw.githubusercontent.com/JforPlay/data_for_toy/main/skin_shipyard/301041.webp
301042,미유키,푸른 하늘과 크레이프,배경,사복,https://raw.githubusercontent.com/JforPlay/data_for_toy/main/skin_shipyard/301042.webp
301043,미유키,떡과 해프닝,배경,홈웨어,https://raw.githubusercontent.com/JforPlay/data_for_toy/main/skin_shipyard/301043.webp
301050,아야나미,아야나미,X,,https://raw.githubusercontent.com/JforPlay/data_for_toy/main/skin_shipyard/301050.webp
301051,아야나미,해질녘의 마녀,X,할로윈,https://raw.githubusercontent.com/JforPlay/data_for_toy/main/skin_shipyard/301051.webp
301053,아야나미,Gwisin of Rock,X,기타,https://raw.githubusercontent.com/JforPlay/data_for_toy/main/skin_shipyard/301053.webp
301054,아야나미,파도신년,배경,이스트 글림 스타일,https://raw.githubusercontent.com/JforPlay/data_for_toy/main/skin_shipyard/301054.webp
301055,아야나미,특별한 세일러복,X,기타,https://raw.githubusercontent.com/JforPlay/data_for_toy/main/skin_shipyard/301055.webp
301056,아야나미,특수 잠입 작전용 망토,X,기타,https://raw.githubusercontent.com/JforPlay/data_for_toy/main/skin_shipyard/301056.webp
301057,아야나미,냉정한 아이돌・당황 중,특수배경 (움짤),Live,https://raw.githubusercontent.com/JforPlay/data_for_toy/main/skin_shipyard/301057.webp
301058,아야나미,화려한 귀신의 백무구,X,서약,https://raw.githubusercontent.com/JforPlay/data_for_toy/main/skin_shipyard/301058.webp
301059,아야나미,아야나미·改,X,개조,https://raw.githubusercontent.com/JforPlay/data_for_toy/main/skin_shipyard/301059.webp
301090,아카츠키,아카츠키,X,,https://raw.githubusercontent.com/JforPlay/data_for_toy/main/skin_shipyard/301090.webp
301091,아카츠키,북극의 미로,X,기타,https://raw.githubusercontent.com/JforPlay/data_for_toy/main/skin_shipyard/301091.webp
301092,아카츠키,"오토바이 닌자, 출격!",배경,사복,https://raw.githubusercontent.com/JforPlay/data_for_toy/main/skin_shipyard/301092.webp
301093,아카츠키,순록 닌자 배송 중!,특수배경 (움짤),크리스마스,https://raw.githubusercontent.com/JforPlay/data_for_toy/main/skin_shipyard/301093.webp
301094,아카츠키,닌자 곡예 대승부!,배경,기타,https://raw.githubusercontent.com/JforPlay/data_for_toy/main/skin_shipyard/301094.webp
301100,히비키,히비키,X,,https://raw.githubusercontent.com/JforPlay/data_for_toy/main/skin_shipyard/301100.webp
301101,히비키,정월 데빌 히비키,배경,정월,https://raw.githubusercontent.com/JforPlay/data_for_toy/main/skin_shipyard/301101.webp
301110,이카즈치,이카즈치,X,,https://raw.githubusercontent.com/JforPlay/data_for_toy/main/skin_shipyard/301110.webp
301111,이카즈치,사쿠라 브레이크,X,기타,https://raw.githubusercontent.com/JforPlay/data_for_toy/main/skin_shipyard/301111.webp
301112,이카즈치,축제 이카즈치,배경,여름 축제,https://raw.githubusercontent.com/JforPlay/data_for_toy/main/skin_shipyard/301112.webp
301113,이카즈치,여명 정령 Ikazuchi,특수배경 (움짤),파티,https://raw.githubusercontent.com/JforPlay/data_for_toy/main/skin_shipyard/301113.webp
301114,이카즈치,정원 담당 메이드 이카즈치,배경,메이드 타임,https://raw.githubusercontent.com/JforPlay/data_for_toy/main/skin_shipyard/301114.webp
301120,이나즈마,이나즈마,X,,https://raw.githubusercontent.com/JforPlay/data_for_toy/main/skin_shipyard/301120.webp
301121,이나즈마,바닐라 푸딩,X,기타,https://raw.githubusercontent.com/JforPlay/data_for_toy/main/skin_shipyard/301121.webp
301122,이나즈마,불꽃 이나즈마,배경,여름 축제,https://raw.githubusercontent.com/JforPlay/data_for_toy/main/skin_shipyard/301122.webp
301123,이나즈마,월하 요정 Inazuma,특수배경 (움짤),파티,https://raw.githubusercontent.com/JforPlay/data_for_toy/main/skin_shipyard/301123.webp
301124,이나즈마,바이올렛 장미의 향기,배경,메이드 타임,https://raw.githubusercontent.com/JforPlay/data_for_toy/main/skin_shipyard/301124.webp
301130,시라츠유,시라츠유,X,,https://raw.githubusercontent.com/JforPlay/data_for_toy/main/skin_shipyard/301130.webp
301131,시라츠유,주문은 어뢰입니까?,배경,메이드 타임,https://raw.githubusercontent.com/JforPlay/data_for_toy/main/skin_shipyard/301131.webp
301132,시라츠유,눈 녹고 불꽃 피는 밤,특수배경 (움짤),이스트 글림 스타일,https://raw.githubusercontent.com/JforPlay/data_for_toy/main/skin_shipyard/301132.webp
301139,시라츠유,시라츠유·改,X,개조,https://raw.githubusercontent.com/JforPlay/data_for_toy/main/skin_shipyard/301139.webp
301140,유다치,유다치,X,,https://raw.githubusercontent.com/JforPlay/data_for_toy/main/skin_shipyard/301140.webp
301141,유다치,신년 눈싸움!,배경,정월,https://raw.githubusercontent.com/JforPlay/data_for_toy/main/skin_shipyard/301141.webp
301143,유다치,고기 파티!,배경,파티,https://raw.githubusercontent.com/JforPlay/data_for_toy/main/skin_shipyard/301143.webp
301144,유다치,드림 크리스마스 나이트,특수배경 (움짤),크리스마스,https://raw.githubusercontent.com/JforPlay/data_for_toy/main/skin_shipyard/301144.webp
301148,유다치,솔로몬의 신부,X,서약,https://raw.githubusercontent.com/JforPlay/data_for_toy/main/skin_shipyard/301148.webp
301149,유다치,유다치·改,X,개조,https://raw.githubusercontent.com/JforPlay/data_for_toy/main/skin_shipyard/301149.webp
301150,시구레,시구레,X,,https://raw.githubusercontent.com/JforPlay/data_for_toy/main/skin_shipyard/301150.webp
301151,시구레,전진! 이490!,배경,수영복,https://raw.githubusercontent.com/JforPlay/data_for_toy/main/skin_shipyard/301151.webp
301152,시구레,행운의 연회!,배경,파티,https://raw.githubusercontent.com/JforPlay/data_for_toy/main/skin_shipyard/301152.webp
301153,시구레,행운 Chocolate,배경,학교,https://raw.githubusercontent.com/JforPlay/data_for_toy/main/skin_shipyard/301153.webp
301159,시구레,시구레·改,X,개조,https://raw.githubusercontent.com/JforPlay/data_for_toy/main/skin_shipyard/301159.webp
301160,유키카제,유키카제,X,,https://raw.githubusercontent.com/JforPlay/data_for_toy/main/skin_shipyard/301160.webp
301161,유키카제,유키카제님의 그네놀이,X,기타,https://raw.githubusercontent.com/JforPlay/data_for_toy/main/skin_shipyard/301161.webp
301162,유키카제,겨울의 유키카제,"L2D, 특수배경 (움짤)",이스트 글림 스타일,https://raw.githubusercontent.com/JforPlay/data_for_toy/main/skin_shipyard/301162.webp
301168,유키카제,봄날의 따뜻한 바람,X,서약,https://raw.githubusercontent.com/JforPlay/data_for_toy/main/skin_shipyard/301168.webp
301170,카게로,카게로,X,,https://raw.githubusercontent.com/JforPlay/data_for_toy/main/skin_shipyard/301170.webp
301171,카게로,핼러윈일세!,X,할로윈,https://raw.githubusercontent.com/JforPlay/data_for_toy/main/skin_shipyard/301171.webp
301179,카게로,카게로·改,X,개조,https://raw.githubusercontent.com/JforPlay/data_for_toy/main/skin_shipyard/301179.webp
301180,시라누이,시라누이,X,,https://raw.githubusercontent.com/JforPlay/data_for_toy/main/skin_shipyard/301180.webp
301181,시라누이,"월병, 먹어 볼래?",배경,파티,https://raw.githubusercontent.com/JforPlay/data_for_toy/main/skin_shipyard/301181.webp
301189,시라누이,시라누이·改,X,개조,https://raw.githubusercontent.com/JforPlay/data_for_toy/main/skin_shipyard/301189.webp
301200,노와키,노와키,X,,https://raw.githubusercontent.com/JforPlay/data_for_toy/main/skin_shipyard/301200.webp
301210,하츠하루,하츠하루,X,,https://raw.githubusercontent.com/JforPlay/data_for_toy/main/skin_shipyard/301210.webp
301211,하츠하루,눈 오는 날의 하츠하루,X,기타,https://raw.githubusercontent.com/JforPlay/data_for_toy/main/skin_shipyard/301211.webp
301212,하츠하루,등불의 하츠하루,배경,파티,https://raw.githubusercontent.com/JforPlay/data_for_toy/main/skin_shipyard/301212.webp
301213,하츠하루,초봄의 방울 소리,배경,메이드 타임,https://raw.githubusercontent.com/JforPlay/data_for_toy/main/skin_shipyard/301213.webp
301219,하츠하루,하츠하루·改,X,개조,https://raw.githubusercontent.com/JforPlay/data_for_toy/main/skin_shipyard/301219.webp
301230,와카바,와카바,X,,https://raw.githubusercontent.com/JforPlay/data_for_toy/main/skin_shipyard/301230.webp
301231,와카바,크리스마스 한정 Wakaba,특수배경 (움짤),크리스마스,https://raw.githubusercontent.com/JforPlay/data_for_toy/main/skin_shipyard/301231.webp
301232,와카바,따뜻한 태양과 낮잠 시간,배경,학교,https://raw.githubusercontent.com/JforPlay/data_for_toy/main/skin_shipyard/301232.webp
301240,하츠시모,하츠시모,X,,https://raw.githubusercontent.com/JforPlay/data_for_toy/main/skin_shipyard/301240.webp
301242,하츠시모,길일 축하연,특수배경 (움짤),파티,https://raw.githubusercontent.com/JforPlay/data_for_toy/main/skin_shipyard/301242.webp
301249,하츠시모,하츠시모·改,X,개조,https://raw.githubusercontent.com/JforPlay/data_for_toy/main/skin_shipyard/301249.webp
301250,아리아케,아리아케,X,,https://raw.githubusercontent.com/JforPlay/data_for_toy/main/skin_shipyard/301250.webp
301251,아리아케,사계절의 모임,특수배경 (움짤),파티,https://raw.githubusercontent.com/JforPlay/data_for_toy/main/skin_shipyard/301251.webp
301259,아리아케,아리아케·改,X,개조,https://raw.githubusercontent.com/JforPlay/data_for_toy/main/skin_shipyard/301259.webp
301260,유구레,유구레,X,,https://raw.githubusercontent.com/JforPlay/data_for_toy/main/skin_shipyard/301260.webp
301261,유구레,견습은 메이드 씨!,배경,메이드 타임,https://raw.githubusercontent.com/JforPlay/data_for_toy/main/skin_shipyard/301261.webp
301262,유구레,해질 무렵에 피는 봄꽃,배경,이스트 글림 스타일,https://raw.githubusercontent.com/JforPlay/data_for_toy/main/skin_shipyard/301262.webp
301263,유구레,찬란한 사쿠라,배경,파티,https://raw.githubusercontent.com/JforPlay/data_for_toy/main/skin_shipyard/301263.webp
301264,유구레,축제에서 쇼핑,배경,여름 축제,https://raw.githubusercontent.com/JforPlay/data_for_toy/main/skin_shipyard/301264.webp
301265,유구레,해변의 유희,배경,수영복,https://raw.githubusercontent.com/JforPlay/data_for_toy/main/skin_shipyard/301265.webp
301269,유구레,유구레·改,X,개조,https://raw.githubusercontent.com/JforPlay/data_for_toy/main/skin_shipyard/301269.webp
301270,쿠로시오,쿠로시오,X,,https://raw.githubusercontent.com/JforPlay/data_for_toy/main/skin_shipyard/301270.webp
301280,오야시오,오야시오,X,,https://raw.githubusercontent.com/JforPlay/data_for_toy/main/skin_shipyard/301280.webp
301290,시마카제,시마카제,X,,https://raw.githubusercontent.com/JforPlay/data_for_toy/main/skin_shipyard/301290.webp
301291,시마카제,초스피드 토끼의 초대장(?),"L2D, 배경",카니발,https://raw.githubusercontent.com/JforPlay/data_for_toy/main/skin_shipyard/301291.webp
301292,시마카제,이상한 나라의 흰 토끼,"L2D, 배경",동화 속 세계,https://raw.githubusercontent.com/JforPlay/data_for_toy/main/skin_shipyard/301292.webp
301293,시마카제,서머 아일랜드의 휴식,배경,수영복,https://raw.githubusercontent.com/JforPlay/data_for_toy/main/skin_shipyard/301293.webp
301294,시마카제,덜렁거리는 달토끼,배경,이스트 글림 스타일,https://raw.githubusercontent.com/JforPlay/data_for_toy/main/skin_shipyard/301294.webp
301295,시마카제,토끼토끼는 움직이지 않아,배경,홈웨어,https://raw.githubusercontent.com/JforPlay/data_for_toy/main/skin_shipyard/301295.webp
301300,카미카제,카미카제,X,,https://raw.githubusercontent.com/JforPlay/data_for_toy/main/skin_shipyard/301300.webp
301309,카미카제,카미카제·改,X,개조,https://raw.githubusercontent.com/JforPlay/data_for_toy/main/skin_shipyard/301309.webp
301310,마츠카제,마츠카제,X,,https://raw.githubusercontent.com/JforPlay/data_for_toy/main/skin_shipyard/301310.webp
301319,마츠카제,마츠카제·改,X,개조,https://raw.githubusercontent.com/JforPlay/data_for_toy/main/skin_shipyard/301319.webp
301320,무츠키,무츠키,X,,https://raw.githubusercontent.com/JforPlay/data_for_toy/main/skin_shipyard/301320.webp
301321,무츠키,"순록씨, 출발!",배경,크리스마스,https://raw.githubusercontent.com/JforPlay/data_for_toy/main/skin_shipyard/301321.webp
301322,무츠키,사탕 축제!,배경,여름 축제,https://raw.githubusercontent.com/JforPlay/data_for_toy/main/skin_shipyard/301322.webp
301323,무츠키,달콤달콤 설날!,특수배경 (움짤),이스트 글림 스타일,https://raw.githubusercontent.com/JforPlay/data_for_toy/main/skin_shipyard/301323.webp
301324,무츠키,솜사탕과 어른의 꿈,특수배경 (움짤),동화 속 세계,https://raw.githubusercontent.com/JforPlay/data_for_toy/main/skin_shipyard/301324.webp
301329,무츠키,무츠키·改,X,개조,https://raw.githubusercontent.com/JforPlay/data_for_toy/main/skin_shipyard/301329.webp
301330,키사라기,키사라기,X,,https://raw.githubusercontent.com/JforPlay/data_for_toy/main/skin_shipyard/301330.webp
301331,키사라기,정월의 소원,배경,정월,https://raw.githubusercontent.com/JforPlay/data_for_toy/main/skin_shipyard/301331.webp
301339,키사라기,키사라기·改,X,개조,https://raw.githubusercontent.com/JforPlay/data_for_toy/main/skin_shipyard/301339.webp
301350,우즈키,우즈키,X,,https://raw.githubusercontent.com/JforPlay/data_for_toy/main/skin_shipyard/301350.webp
301351,우즈키,우즈키는 잠꾸러기,X,홈웨어,https://raw.githubusercontent.com/JforPlay/data_for_toy/main/skin_shipyard/301351.webp
301370,미나즈키,미나즈키,X,,https://raw.githubusercontent.com/JforPlay/data_for_toy/main/skin_shipyard/301370.webp
301380,후미즈키,후미즈키,X,,https://raw.githubusercontent.com/JforPlay/data_for_toy/main/skin_shipyard/301380.webp
301381,후미즈키,잠이 덜 깬 요정,X,홈웨어,https://raw.githubusercontent.com/JforPlay/data_for_toy/main/skin_shipyard/301381.webp
301390,나가츠키,나가츠키,X,,https://raw.githubusercontent.com/JforPlay/data_for_toy/main/skin_shipyard/301390.webp
301391,나가츠키,냥냥 메이드는 위험해?,배경,메이드 타임,https://raw.githubusercontent.com/JforPlay/data_for_toy/main/skin_shipyard/301391.webp
301410,미카즈키,미카즈키,X,,https://raw.githubusercontent.com/JforPlay/data_for_toy/main/skin_shipyard/301410.webp
301411,미카즈키,강시 아가씨 등장!,배경,할로윈,https://raw.githubusercontent.com/JforPlay/data_for_toy/main/skin_shipyard/301411.webp
301470,우미카제,우미카제,X,,https://raw.githubusercontent.com/JforPlay/data_for_toy/main/skin_shipyard/301470.webp
301471,우미카제,폭신폭신 힐링,배경,카니발,https://raw.githubusercontent.com/JforPlay/data_for_toy/main/skin_shipyard/301471.webp
301472,우미카제,점점 가까워지는 걸음걸이,배경,학교,https://raw.githubusercontent.com/JforPlay/data_for_toy/main/skin_shipyard/301472.webp
301480,야마카제,야마카제,X,,https://raw.githubusercontent.com/JforPlay/data_for_toy/main/skin_shipyard/301480.webp
301481,야마카제,마술 시간이다!,배경,카니발,https://raw.githubusercontent.com/JforPlay/data_for_toy/main/skin_shipyard/301481.webp
301490,카와카제,카와카제,X,,https://raw.githubusercontent.com/JforPlay/data_for_toy/main/skin_shipyard/301490.webp
301491,카와카제,간주 모노크롬,X,기타,https://raw.githubusercontent.com/JforPlay/data_for_toy/main/skin_shipyard/301491.webp
301492,카와카제,충직한 수호령 여우,배경,닌자의 성,https://raw.githubusercontent.com/JforPlay/data_for_toy/main/skin_shipyard/301492.webp
301498,카와카제,무구한 하얀 여우,X,서약,https://raw.githubusercontent.com/JforPlay/data_for_toy/main/skin_shipyard/301498.webp
301540,키요나미,키요나미,X,,https://raw.githubusercontent.com/JforPlay/data_for_toy/main/skin_shipyard/301540.webp
301541,키요나미,크리스마스 빨간 모자?,특수배경 (움짤),크리스마스,https://raw.githubusercontent.com/JforPlay/data_for_toy/main/skin_shipyard/301541.webp
301560,니이즈키,니이즈키,X,,https://raw.githubusercontent.com/JforPlay/data_for_toy/main/skin_shipyard/301560.webp
301570,하루츠키,하루츠키,X,,https://raw.githubusercontent.com/JforPlay/data_for_toy/main/skin_shipyard/301570.webp
301571,하루츠키,아름다운 영춘의 춤,배경,정월,https://raw.githubusercontent.com/JforPlay/data_for_toy/main/skin_shipyard/301571.webp
301572,하루츠키,수증기 속 정령,배경,이세계 모험,https://raw.githubusercontent.com/JforPlay/data_for_toy/main/skin_shipyard/301572.webp
301580,요이즈키,요이즈키,X,,https://raw.githubusercontent.com/JforPlay/data_for_toy/main/skin_shipyard/301580.webp
301581,요이즈키,운동회 준비,배경,스포츠,https://raw.githubusercontent.com/JforPlay/data_for_toy/main/skin_shipyard/301581.webp
301582,요이즈키,폭죽과 만두,특수배경 (움짤),이스트 글림 스타일,https://raw.githubusercontent.com/JforPlay/data_for_toy/main/skin_shipyard/301582.webp
301590,우라카제,우라카제,X,,https://raw.githubusercontent.com/JforPlay/data_for_toy/main/skin_shipyard/301590.webp
301591,우라카제,성탄 대장군,배경,크리스마스,https://raw.githubusercontent.com/JforPlay/data_for_toy/main/skin_shipyard/301591.webp
301592,우라카제,전국 시대 밴드!,배경,학교,https://raw.githubusercontent.com/JforPlay/data_for_toy/main/skin_shipyard/301592.webp
301600,이소카제,이소카제,X,,https://raw.githubusercontent.com/JforPlay/data_for_toy/main/skin_shipyard/301600.webp
301601,이소카제,신년 대합전,배경,정월,https://raw.githubusercontent.com/JforPlay/data_for_toy/main/skin_shipyard/301601.webp
301602,이소카제,전국 시대 그룹!,배경,학교,https://raw.githubusercontent.com/JforPlay/data_for_toy/main/skin_shipyard/301602.webp
301610,하마카제,하마카제,X,,https://raw.githubusercontent.com/JforPlay/data_for_toy/main/skin_shipyard/301610.webp
301611,하마카제,모범적인 우등생,배경,학교,https://raw.githubusercontent.com/JforPlay/data_for_toy/main/skin_shipyard/301611.webp
301612,하마카제,맛은 관건은 사랑？！,배경,메이드 타임,https://raw.githubusercontent.com/JforPlay/data_for_toy/main/skin_shipyard/301612.webp
301619,하마카제,하마카제·改,X,개조,https://raw.githubusercontent.com/JforPlay/data_for_toy/main/skin_shipyard/301619.webp
301620,타니카제,타니카제,X,,https://raw.githubusercontent.com/JforPlay/data_for_toy/main/skin_shipyard/301620.webp
301621,타니카제,길잃은 소녀와 미로의 나비,X,기타,https://raw.githubusercontent.com/JforPlay/data_for_toy/main/skin_shipyard/301621.webp
301622,타니카제,블링블링 대청소,배경,메이드 타임,https://raw.githubusercontent.com/JforPlay/data_for_toy/main/skin_shipyard/301622.webp
301629,타니카제,타니카제·改,X,개조,https://raw.githubusercontent.com/JforPlay/data_for_toy/main/skin_shipyard/301629.webp
301630,아사시오,아사시오,X,,https://raw.githubusercontent.com/JforPlay/data_for_toy/main/skin_shipyard/301630.webp
301631,아사시오,꽃이 흩날리는 계절의 전학생,배경,학교,https://raw.githubusercontent.com/JforPlay/data_for_toy/main/skin_shipyard/301631.webp
301632,아사시오,눈 오는 날과 방울,특수배경 (움짤),정월,https://raw.githubusercontent.com/JforPlay/data_for_toy/main/skin_shipyard/301632.webp
301633,아사시오,구름 위의 경쾌한 춤,특수배경 (움짤),이스트 글림 스타일,https://raw.githubusercontent.com/JforPlay/data_for_toy/main/skin_shipyard/301633.webp
301640,오오시오,오오시오,X,,https://raw.githubusercontent.com/JforPlay/data_for_toy/main/skin_shipyard/301640.webp
301641,오오시오,순록과 성탄 선물,배경,크리스마스,https://raw.githubusercontent.com/JforPlay/data_for_toy/main/skin_shipyard/301641.webp
301642,오오시오,취기 오른 파티,배경,파티,https://raw.githubusercontent.com/JforPlay/data_for_toy/main/skin_shipyard/301642.webp
301643,오오시오,장식하자 신춘의 복,특수배경 (움짤),이스트 글림 스타일,https://raw.githubusercontent.com/JforPlay/data_for_toy/main/skin_shipyard/301643.webp
301644,오오시오,점심의 초대,배경,학교,https://raw.githubusercontent.com/JforPlay/data_for_toy/main/skin_shipyard/301644.webp
301650,미치시오,미치시오,X,,https://raw.githubusercontent.com/JforPlay/data_for_toy/main/skin_shipyard/301650.webp
301651,미치시오,하늘하늘 리본,배경,파티,https://raw.githubusercontent.com/JforPlay/data_for_toy/main/skin_shipyard/301651.webp
301660,아라시오,아라시오,X,,https://raw.githubusercontent.com/JforPlay/data_for_toy/main/skin_shipyard/301660.webp
301661,아라시오,눈부신 불꽃놀이,배경,여름 축제,https://raw.githubusercontent.com/JforPlay/data_for_toy/main/skin_shipyard/301661.webp
301720,우라나미,우라나미,X,,https://raw.githubusercontent.com/JforPlay/data_for_toy/main/skin_shipyard/301720.webp
301721,우라나미,스노우 뱅가드,X,기타,https://raw.githubusercontent.com/JforPlay/data_for_toy/main/skin_shipyard/301721.webp
301790,하타카제,하타카제,X,,https://raw.githubusercontent.com/JforPlay/data_for_toy/main/skin_shipyard/301790.webp
301800,마키나미,마키나미,X,,https://raw.githubusercontent.com/JforPlay/data_for_toy/main/skin_shipyard/301800.webp
301801,마키나미,원기 RUN TIME!,배경,학교,https://raw.githubusercontent.com/JforPlay/data_for_toy/main/skin_shipyard/301801.webp
301810,카스미,카스미,X,,https://raw.githubusercontent.com/JforPlay/data_for_toy/main/skin_shipyard/301810.webp
301811,카스미,포근포근 정월,배경,정월,https://raw.githubusercontent.com/JforPlay/data_for_toy/main/skin_shipyard/301811.webp
301812,카스미,두둥실 등교,배경,학교,https://raw.githubusercontent.com/JforPlay/data_for_toy/main/skin_shipyard/301812.webp
301819,카스미,카스미·改,X,개조,https://raw.githubusercontent.com/JforPlay/data_for_toy/main/skin_shipyard/301819.webp
301820,하나즈키,하나즈키,X,,https://raw.githubusercontent.com/JforPlay/data_for_toy/main/skin_shipyard/301820.webp
301821,하나즈키,"백주월, 한여름의 꽃",배경,수영복,https://raw.githubusercontent.com/JforPlay/data_for_toy/main/skin_shipyard/301821.webp
301822,하나즈키,완연한 봄기운,특수배경 (움짤),이스트 글림 스타일,https://raw.githubusercontent.com/JforPlay/data_for_toy/main/skin_shipyard/301822.webp
301830,나가나미,나가나미,X,,https://raw.githubusercontent.com/JforPlay/data_for_toy/main/skin_shipyard/301830.webp
301831,나가나미,행복의 롱웨이브,배경,메이드 타임,https://raw.githubusercontent.com/JforPlay/data_for_toy/main/skin_shipyard/301831.webp
301832,나가나미,기다리고 바라는 따뜻함,배경,파티,https://raw.githubusercontent.com/JforPlay/data_for_toy/main/skin_shipyard/301832.webp
301833,나가나미,기나긴 밤에 기대어,특수배경 (움짤),이스트 글림 스타일,https://raw.githubusercontent.com/JforPlay/data_for_toy/main/skin_shipyard/301833.webp
301834,나가나미,온기에 녹아들어,배경,사복,https://raw.githubusercontent.com/JforPlay/data_for_toy/main/skin_shipyard/301834.webp
301838,나가나미,오랫동안 풍파없이,X,서약,https://raw.githubusercontent.com/JforPlay/data_for_toy/main/skin_shipyard/301838.webp
301840,스즈츠키,스즈츠키,X,,https://raw.githubusercontent.com/JforPlay/data_for_toy/main/skin_shipyard/301840.webp
301841,스즈츠키,스즈츠키와 함께 바다로!,배경,수영복,https://raw.githubusercontent.com/JforPlay/data_for_toy/main/skin_shipyard/301841.webp
301842,스즈츠키,신년 하네츠키 대전!,배경,정월,https://raw.githubusercontent.com/JforPlay/data_for_toy/main/skin_shipyard/301842.webp
301850,오이테,오이테,X,,https://raw.githubusercontent.com/JforPlay/data_for_toy/main/skin_shipyard/301850.webp
301851,오이테,여름의 전력 일격,배경,수영복,https://raw.githubusercontent.com/JforPlay/data_for_toy/main/skin_shipyard/301851.webp
301852,오이테,묵매의 필묵연지,특수배경 (움짤),이스트 글림 스타일,https://raw.githubusercontent.com/JforPlay/data_for_toy/main/skin_shipyard/301852.webp
301860,카자구모,카자구모,X,,https://raw.githubusercontent.com/JforPlay/data_for_toy/main/skin_shipyard/301860.webp
301861,카자구모,방과후의 은은한 멜로디,배경,학교,https://raw.githubusercontent.com/JforPlay/data_for_toy/main/skin_shipyard/301861.webp
301862,카자구모,두근두근 기다리는 카자구모,"배경, 쁘띠모션",수영복,https://raw.githubusercontent.com/JforPlay/data_for_toy/main/skin_shipyard/301862.webp
301863,카자구모,카자구모는 수업 중,"L2D, 배경",홈웨어,https://raw.githubusercontent.com/JforPlay/data_for_toy/main/skin_shipyard/301863.webp
301880,와카츠키,와카츠키,X,,https://raw.githubusercontent.com/JforPlay/data_for_toy/main/skin_shipyard/301880.webp
301881,와카츠키,좌충우돌 파랑새,배경,메이드 타임,https://raw.githubusercontent.com/JforPlay/data_for_toy/main/skin_shipyard/301881.webp
301882,와카츠키,봄을 기다리는 푸른 날개,배경,이스트 글림 스타일,https://raw.githubusercontent.com/JforPlay/data_for_toy/main/skin_shipyard/301882.webp
301890,하츠즈키,하츠즈키,X,,https://raw.githubusercontent.com/JforPlay/data_for_toy/main/skin_shipyard/301890.webp
301891,하츠즈키,8월의 러브 스토리,"L2D, 배경",수영복,https://raw.githubusercontent.com/JforPlay/data_for_toy/main/skin_shipyard/301891.webp
301892,하츠즈키,명절의 사치 타임♪,배경,파티,https://raw.githubusercontent.com/JforPlay/data_for_toy/main/skin_shipyard/301892.webp
301898,하츠즈키,인연을 맺는 사랑의 다리,배경,서약,https://raw.githubusercontent.com/JforPlay/data_for_toy/main/skin_shipyard/301898.webp
301900,아사나기,아사나기,X,,https://raw.githubusercontent.com/JforPlay/data_for_toy/main/skin_shipyard/301900.webp
301901,아사나기,오후의 풍랑에 몸을 맡기고,배경,수영복,https://raw.githubusercontent.com/JforPlay/data_for_toy/main/skin_shipyard/301901.webp
301910,스즈나미,스즈나미,X,,https://raw.githubusercontent.com/JforPlay/data_for_toy/main/skin_shipyard/301910.webp
301911,스즈나미,눈 요정의 파티 코디,특수배경 (움짤),동화 속 세계,https://raw.githubusercontent.com/JforPlay/data_for_toy/main/skin_shipyard/301911.webp
301920,타에카제,타에카제,X,,https://raw.githubusercontent.com/JforPlay/data_for_toy/main/skin_shipyard/301920.webp
301921,타에카제,닌자 타에카제의 급강하 수련!,배경,닌자의 성,https://raw.githubusercontent.com/JforPlay/data_for_toy/main/skin_shipyard/301921.webp
301940,후지나미,후지나미,X,,https://raw.githubusercontent.com/JforPlay/data_for_toy/main/skin_shipyard/301940.webp
301941,후지나미,당신만을 위한 시크릿 코디,배경,홈웨어,https://raw.githubusercontent.com/JforPlay/data_for_toy/main/skin_shipyard/301941.webp
302010,유바리,유바리,X,,https://raw.githubusercontent.com/JforPlay/data_for_toy/main/skin_shipyard/302010.webp
302019,유바리,유바리·改,X,개조,https://raw.githubusercontent.com/JforPlay/data_for_toy/main/skin_shipyard/302019.webp
302040,나가라,나가라,X,,https://raw.githubusercontent.com/JforPlay/data_for_toy/main/skin_shipyard/302040.webp
302041,나가라,한가로운 봄날,특수배경 (움짤),이스트 글림 스타일,https://raw.githubusercontent.com/JforPlay/data_for_toy/main/skin_shipyard/302041.webp
302050,이스즈,이스즈,X,,https://raw.githubusercontent.com/JforPlay/data_for_toy/main/skin_shipyard/302050.webp
302051,이스즈,동화의 밤,X,할로윈,https://raw.githubusercontent.com/JforPlay/data_for_toy/main/skin_shipyard/302051.webp
302052,이스즈,훈훈한 크리스마스 밤,특수배경 (움짤),크리스마스,https://raw.githubusercontent.com/JforPlay/data_for_toy/main/skin_shipyard/302052.webp
302053,이스즈,과열 사고?,X,카니발,https://raw.githubusercontent.com/JforPlay/data_for_toy/main/skin_shipyard/302053.webp
302054,이스즈,준마?와 함께 출격!,배경,스포츠,https://raw.githubusercontent.com/JforPlay/data_for_toy/main/skin_shipyard/302054.webp
302059,이스즈,이스즈·改,X,개조,https://raw.githubusercontent.com/JforPlay/data_for_toy/main/skin_shipyard/302059.webp
302060,나토리,나토리,X,,https://raw.githubusercontent.com/JforPlay/data_for_toy/main/skin_shipyard/302060.webp
302061,나토리,비치 파라다이스,배경,수영복,https://raw.githubusercontent.com/JforPlay/data_for_toy/main/skin_shipyard/302061.webp
302062,나토리,소란스러운 크루즈 나이트,배경,파티,https://raw.githubusercontent.com/JforPlay/data_for_toy/main/skin_shipyard/302062.webp
302070,유라,유라,X,,https://raw.githubusercontent.com/JforPlay/data_for_toy/main/skin_shipyard/302070.webp
302071,유라,이중 유혹?,배경,카니발,https://raw.githubusercontent.com/JforPlay/data_for_toy/main/skin_shipyard/302071.webp
302080,키누,키누,X,,https://raw.githubusercontent.com/JforPlay/data_for_toy/main/skin_shipyard/302080.webp
302081,키누,정월의 검귀,배경,정월,https://raw.githubusercontent.com/JforPlay/data_for_toy/main/skin_shipyard/302081.webp
302082,키누,Token＆Ghost,배경,카니발,https://raw.githubusercontent.com/JforPlay/data_for_toy/main/skin_shipyard/302082.webp
302089,키누,키누·改,X,개조,https://raw.githubusercontent.com/JforPlay/data_for_toy/main/skin_shipyard/302089.webp
302090,아부쿠마,아부쿠마,X,,https://raw.githubusercontent.com/JforPlay/data_for_toy/main/skin_shipyard/302090.webp
302099,아부쿠마,아부쿠마·改,X,개조,https://raw.githubusercontent.com/JforPlay/data_for_toy/main/skin_shipyard/302099.webp
302100,모가미,모가미,X,,https://raw.githubusercontent.com/JforPlay/data_for_toy/main/skin_shipyard/302100.webp
302109,모가미,모가미·改,X,개조,https://raw.githubusercontent.com/JforPlay/data_for_toy/main/skin_shipyard/302109.webp
302110,미쿠마,미쿠마,X,,https://raw.githubusercontent.com/JforPlay/data_for_toy/main/skin_shipyard/302110.webp
302111,미쿠마,화사·무도헌상,배경,댄스,https://raw.githubusercontent.com/JforPlay/data_for_toy/main/skin_shipyard/302111.webp
302120,센다이,센다이,X,,https://raw.githubusercontent.com/JforPlay/data_for_toy/main/skin_shipyard/302120.webp
302129,센다이,센다이·改,X,개조,https://raw.githubusercontent.com/JforPlay/data_for_toy/main/skin_shipyard/302129.webp
302130,진츠,진츠,X,,https://raw.githubusercontent.com/JforPlay/data_for_toy/main/skin_shipyard/302130.webp
302131,진츠,책사님은 휴가 중,배경,수영복,https://raw.githubusercontent.com/JforPlay/data_for_toy/main/skin_shipyard/302131.webp
302132,진츠,늑대의 음모,배경,동화 속 세계,https://raw.githubusercontent.com/JforPlay/data_for_toy/main/skin_shipyard/302132.webp
302139,진츠,진츠·改,X,개조,https://raw.githubusercontent.com/JforPlay/data_for_toy/main/skin_shipyard/302139.webp
302140,나카,나카,X,,https://raw.githubusercontent.com/JforPlay/data_for_toy/main/skin_shipyard/302140.webp
302141,나카,성난 파도의 여름!,배경,수영복,https://raw.githubusercontent.com/JforPlay/data_for_toy/main/skin_shipyard/302141.webp
302200,아가노,아가노,X,,https://raw.githubusercontent.com/JforPlay/data_for_toy/main/skin_shipyard/302200.webp
302201,아가노,성야의 장난,특수배경 (움짤),크리스마스,https://raw.githubusercontent.com/JforPlay/data_for_toy/main/skin_shipyard/302201.webp
302202,아가노,데이트 게임?,배경,사복,https://raw.githubusercontent.com/JforPlay/data_for_toy/main/skin_shipyard/302202.webp
302203,아가노,푸른 나비의 고백,특수배경 (움짤),파티,https://raw.githubusercontent.com/JforPlay/data_for_toy/main/skin_shipyard/302203.webp
302210,노시로,노시로,X,,https://raw.githubusercontent.com/JforPlay/data_for_toy/main/skin_shipyard/302210.webp
302211,노시로,축제의 비경?,"L2D, 배경",정월,https://raw.githubusercontent.com/JforPlay/data_for_toy/main/skin_shipyard/302211.webp
302212,노시로,밤에 울리는 절원,특수배경 (움짤),파티,https://raw.githubusercontent.com/JforPlay/data_for_toy/main/skin_shipyard/302212.webp
302213,노시로,겨울눈의 훈향,특수배경 (움짤),이스트 글림 스타일,https://raw.githubusercontent.com/JforPlay/data_for_toy/main/skin_shipyard/302213.webp
302214,노시로,아늑한 다다미,배경,홈웨어,https://raw.githubusercontent.com/JforPlay/data_for_toy/main/skin_shipyard/302214.webp
302215,노시로,얼음 필요하세요?,배경,메이드 타임,https://raw.githubusercontent.com/JforPlay/data_for_toy/main/skin_shipyard/302215.webp
302216,노시로,레스트 인 선샤인,"L2D, 배경",수영복,https://raw.githubusercontent.com/JforPlay/data_for_toy/main/skin_shipyard/302216.webp
302217,노시로,코스메틱 랑데부,배경,사복,https://raw.githubusercontent.com/JforPlay/data_for_toy/main/skin_shipyard/302217.webp
302218,노시로,두 연인의 이야기,X,서약,https://raw.githubusercontent.com/JforPlay/data_for_toy/main/skin_shipyard/302218.webp
302230,사카와,사카와,X,,https://raw.githubusercontent.com/JforPlay/data_for_toy/main/skin_shipyard/302230.webp
302231,사카와,경단의 유혹,"L2D, 배경",메이드 타임,https://raw.githubusercontent.com/JforPlay/data_for_toy/main/skin_shipyard/302231.webp
302232,사카와,포레스트 캔디,배경,수영복,https://raw.githubusercontent.com/JforPlay/data_for_toy/main/skin_shipyard/302232.webp
302233,사카와,러블리 어쿠스틱,특수배경 (움짤),파티,https://raw.githubusercontent.com/JforPlay/data_for_toy/main/skin_shipyard/302233.webp
302240,노시로(μ장비),노시로(μ장비),X,,https://raw.githubusercontent.com/JforPlay/data_for_toy/main/skin_shipyard/302240.webp
302250,와타라세,와타라세,X,,https://raw.githubusercontent.com/JforPlay/data_for_toy/main/skin_shipyard/302250.webp
302251,와타라세,12시의 요술 마차,"L2D, 특수배경 (움짤)",파티,https://raw.githubusercontent.com/JforPlay/data_for_toy/main/skin_shipyard/302251.webp
302260,아야세,아야세,X,,https://raw.githubusercontent.com/JforPlay/data_for_toy/main/skin_shipyard/302260.webp
302261,아야세,흰토끼의 환복 시간,"쁘띠모션, 배경",홈웨어,https://raw.githubusercontent.com/JforPlay/data_for_toy/main/skin_shipyard/302261.webp
302270,미나세,미나세,X,,https://raw.githubusercontent.com/JforPlay/data_for_toy/main/skin_shipyard/302270.webp
302271,미나세,무녀의 명상 수련,배경,닌자의 성,https://raw.githubusercontent.com/JforPlay/data_for_toy/main/skin_shipyard/302271.webp
302280,키즈,키즈,X,,https://raw.githubusercontent.com/JforPlay/data_for_toy/main/skin_shipyard/302280.webp
302281,키즈,그물에 걸린 뇌룡,배경,특수 훈련,https://raw.githubusercontent.com/JforPlay/data_for_toy/main/skin_shipyard/302281.webp
302290,나요로,나요로,X,,https://raw.githubusercontent.com/JforPlay/data_for_toy/main/skin_shipyard/302290.webp
302291,나요로,Electric Affection,"L2D, 배경",특수 훈련,https://raw.githubusercontent.com/JforPlay/data_for_toy/main/skin_shipyard/302291.webp
303010,후루타카,후루타카,X,,https://raw.githubusercontent.com/JforPlay/data_for_toy/main/skin_shipyard/303010.webp
303019,후루타카,후루타카·改,X,개조,https://raw.githubusercontent.com/JforPlay/data_for_toy/main/skin_shipyard/303019.webp
303020,카코,카코,X,,https://raw.githubusercontent.com/JforPlay/data_for_toy/main/skin_shipyard/303020.webp
303029,카코,카코·改,X,개조,https://raw.githubusercontent.com/JforPlay/data_for_toy/main/skin_shipyard/303029.webp
303030,아오바,아오바,X,,https://raw.githubusercontent.com/JforPlay/data_for_toy/main/skin_shipyard/303030.webp
303040,키누가사,키누가사,X,,https://raw.githubusercontent.com/JforPlay/data_for_toy/main/skin_shipyard/303040.webp
303060,치쿠마,치쿠마,X,,https://raw.githubusercontent.com/JforPlay/data_for_toy/main/skin_shipyard/303060.webp
303061,치쿠마,프리미엄 익스체인지,배경,카니발,https://raw.githubusercontent.com/JforPlay/data_for_toy/main/skin_shipyard/303061.webp
303070,묘코,묘코,X,,https://raw.githubusercontent.com/JforPlay/data_for_toy/main/skin_shipyard/303070.webp
303080,나치,나치,X,,https://raw.githubusercontent.com/JforPlay/data_for_toy/main/skin_shipyard/303080.webp
303089,나치,나치·改,X,개조,https://raw.githubusercontent.com/JforPlay/data_for_toy/main/skin_shipyard/303089.webp
303090,아시가라,아시가라,X,,https://raw.githubusercontent.com/JforPlay/data_for_toy/main/skin_shipyard/303090.webp
303091,아시가라,막간 휴식,배경,정월,https://raw.githubusercontent.com/JforPlay/data_for_toy/main/skin_shipyard/303091.webp
303092,아시가라,찬란한 여름,배경,수영복,https://raw.githubusercontent.com/JforPlay/data_for_toy/main/skin_shipyard/303092.webp
303100,하구로,하구로,X,,https://raw.githubusercontent.com/JforPlay/data_for_toy/main/skin_shipyard/303100.webp
303101,하구로,전화위복?,배경,메이드 타임,https://raw.githubusercontent.com/JforPlay/data_for_toy/main/skin_shipyard/303101.webp
303102,하구로,잘못 들어간 ''새장'',배경,사복,https://raw.githubusercontent.com/JforPlay/data_for_toy/main/skin_shipyard/303102.webp
303110,타카오,타카오,X,,https://raw.githubusercontent.com/JforPlay/data_for_toy/main/skin_shipyard/303110.webp
303112,타카오,모래사장의 랩소디,배경,수영복,https://raw.githubusercontent.com/JforPlay/data_for_toy/main/skin_shipyard/303112.webp
303113,타카오,봄의 수련,배경,이스트 글림 스타일,https://raw.githubusercontent.com/JforPlay/data_for_toy/main/skin_shipyard/303113.webp
303114,타카오,학교 로맨티카,배경,학교,https://raw.githubusercontent.com/JforPlay/data_for_toy/main/skin_shipyard/303114.webp
303115,타카오,집중 최고조,특수배경 (움짤),극속광열,https://raw.githubusercontent.com/JforPlay/data_for_toy/main/skin_shipyard/303115.webp
303116,타카오,파마함술 -신호-,"배경, 중파 일러",오피스 타임,https://raw.githubusercontent.com/JforPlay/data_for_toy/main/skin_shipyard/303116.webp
303117,타카오,무인의 「심법」 소양,"L2D+, 배경",홈웨어,https://raw.githubusercontent.com/JforPlay/data_for_toy/main/skin_shipyard/303117.webp
303118,타카오,신호의 풍화,X,서약,https://raw.githubusercontent.com/JforPlay/data_for_toy/main/skin_shipyard/303118.webp
303120,아타고,아타고,X,,https://raw.githubusercontent.com/JforPlay/data_for_toy/main/skin_shipyard/303120.webp
303121,아타고,한여름의 행진곡,"L2D, 배경",수영복,https://raw.githubusercontent.com/JforPlay/data_for_toy/main/skin_shipyard/303121.webp
303122,아타고,겨울의 풍물시,배경,정월,https://raw.githubusercontent.com/JforPlay/data_for_toy/main/skin_shipyard/303122.webp
303123,아타고,학교 트로이메라이,배경,학교,https://raw.githubusercontent.com/JforPlay/data_for_toy/main/skin_shipyard/303123.webp
303124,아타고,최절정 속도,특수배경 (움짤),극속광열,https://raw.githubusercontent.com/JforPlay/data_for_toy/main/skin_shipyard/303124.webp
303125,아타고,달밤의 늑대 누나,"쁘띠모션, 배경",할로윈,https://raw.githubusercontent.com/JforPlay/data_for_toy/main/skin_shipyard/303125.webp
303128,아타고,새하얀 약속,X,서약,https://raw.githubusercontent.com/JforPlay/data_for_toy/main/skin_shipyard/303128.webp
303130,마야,마야,X,,https://raw.githubusercontent.com/JforPlay/data_for_toy/main/skin_shipyard/303130.webp
303131,마야,쿨 하트 킬러,배경,특수 훈련,https://raw.githubusercontent.com/JforPlay/data_for_toy/main/skin_shipyard/303131.webp
303140,초카이,초카이,X,,https://raw.githubusercontent.com/JforPlay/data_for_toy/main/skin_shipyard/303140.webp
303141,초카이,평온해지는 가게,배경,메이드 타임,https://raw.githubusercontent.com/JforPlay/data_for_toy/main/skin_shipyard/303141.webp
303142,초카이,하드 시프,"쁘띠모션, 배경",특수 훈련,https://raw.githubusercontent.com/JforPlay/data_for_toy/main/skin_shipyard/303142.webp
303170,스즈야,스즈야,X,,https://raw.githubusercontent.com/JforPlay/data_for_toy/main/skin_shipyard/303170.webp
303172,스즈야,미드나이트 케어,배경,병원,https://raw.githubusercontent.com/JforPlay/data_for_toy/main/skin_shipyard/303172.webp
303180,쿠마노,쿠마노,X,,https://raw.githubusercontent.com/JforPlay/data_for_toy/main/skin_shipyard/303180.webp
303181,쿠마노,Fancy Wave,배경,수영복,https://raw.githubusercontent.com/JforPlay/data_for_toy/main/skin_shipyard/303181.webp
303182,쿠마노,격투☆조커 파티,배경,홈웨어,https://raw.githubusercontent.com/JforPlay/data_for_toy/main/skin_shipyard/303182.webp
303183,쿠마노,천일야화의 소원,특수배경 (움짤),댄스,https://raw.githubusercontent.com/JforPlay/data_for_toy/main/skin_shipyard/303183.webp
303190,운젠,운젠,X,,https://raw.githubusercontent.com/JforPlay/data_for_toy/main/skin_shipyard/303190.webp
303191,운젠,푸른 바다의 물놀이,"L2D, 배경",수영복,https://raw.githubusercontent.com/JforPlay/data_for_toy/main/skin_shipyard/303191.webp
303192,운젠,만선집회,"L2D, 배경",닌자의 성,https://raw.githubusercontent.com/JforPlay/data_for_toy/main/skin_shipyard/303192.webp
303200,아사마,아사마,X,,https://raw.githubusercontent.com/JforPlay/data_for_toy/main/skin_shipyard/303200.webp
303201,아사마,요괴의 밤에 피어나,"L2D, 배경",닌자의 성,https://raw.githubusercontent.com/JforPlay/data_for_toy/main/skin_shipyard/303201.webp
303210,꼬마 운젠,꼬마 운젠,X,,https://raw.githubusercontent.com/JforPlay/data_for_toy/main/skin_shipyard/303210.webp
304010,콘고,콘고,X,,https://raw.githubusercontent.com/JforPlay/data_for_toy/main/skin_shipyard/304010.webp
304011,콘고,화조풍월,배경,정월,https://raw.githubusercontent.com/JforPlay/data_for_toy/main/skin_shipyard/304011.webp
304012,콘고,Talent Hospital,배경,병원,https://raw.githubusercontent.com/JforPlay/data_for_toy/main/skin_shipyard/304012.webp
304013,콘고,바람 부는 통학길,배경,학교,https://raw.githubusercontent.com/JforPlay/data_for_toy/main/skin_shipyard/304013.webp
304014,콘고,바다 위의 해프닝,"배경, 쁘띠모션",수영복,https://raw.githubusercontent.com/JforPlay/data_for_toy/main/skin_shipyard/304014.webp
304020,히에이,히에이,X,,https://raw.githubusercontent.com/JforPlay/data_for_toy/main/skin_shipyard/304020.webp
304021,히에이,은밀한 밀월 유람,X,홈웨어,https://raw.githubusercontent.com/JforPlay/data_for_toy/main/skin_shipyard/304021.webp
304022,히에이,매화의 향기,특수배경 (움짤),이스트 글림 스타일,https://raw.githubusercontent.com/JforPlay/data_for_toy/main/skin_shipyard/304022.webp
304023,히에이,하얀 모래톱의 경치,배경,수영복,https://raw.githubusercontent.com/JforPlay/data_for_toy/main/skin_shipyard/304023.webp
304030,하루나,하루나,X,,https://raw.githubusercontent.com/JforPlay/data_for_toy/main/skin_shipyard/304030.webp
304031,하루나,수업 전 쉬는 시간,배경,학교,https://raw.githubusercontent.com/JforPlay/data_for_toy/main/skin_shipyard/304031.webp
304032,하루나,새빨간 Innocence,특수배경 (움짤),파티,https://raw.githubusercontent.com/JforPlay/data_for_toy/main/skin_shipyard/304032.webp
304033,하루나,우아한 연꽃,특수배경 (움짤),정월,https://raw.githubusercontent.com/JforPlay/data_for_toy/main/skin_shipyard/304033.webp
304040,키리시마,키리시마,X,,https://raw.githubusercontent.com/JforPlay/data_for_toy/main/skin_shipyard/304040.webp
304041,키리시마,방과후의 포격 타임,배경,학교,https://raw.githubusercontent.com/JforPlay/data_for_toy/main/skin_shipyard/304041.webp
304042,키리시마,여름의 대담한 시도,배경,사복,https://raw.githubusercontent.com/JforPlay/data_for_toy/main/skin_shipyard/304042.webp
304043,키리시마,제멋대로 반짝이는 별,배경,정월,https://raw.githubusercontent.com/JforPlay/data_for_toy/main/skin_shipyard/304043.webp
304044,키리시마,아치묵향,특수배경 (움짤),이스트 글림 스타일,https://raw.githubusercontent.com/JforPlay/data_for_toy/main/skin_shipyard/304044.webp
304050,아마기,아마기,X,,https://raw.githubusercontent.com/JforPlay/data_for_toy/main/skin_shipyard/304050.webp
304051,아마기,주수정연,배경,수영복,https://raw.githubusercontent.com/JforPlay/data_for_toy/main/skin_shipyard/304051.webp
304052,아마기,붉은 솔개의 휴식,"L2D, 배경",파티,https://raw.githubusercontent.com/JforPlay/data_for_toy/main/skin_shipyard/304052.webp
304060,꼬마 히에이,꼬마 히에이,X,,https://raw.githubusercontent.com/JforPlay/data_for_toy/main/skin_shipyard/304060.webp
304070,꼬마 아마기,꼬마 아마기,X,,https://raw.githubusercontent.com/JforPlay/data_for_toy/main/skin_shipyard/304070.webp
304080,콘고(μ장비),콘고(μ장비),X,,https://raw.githubusercontent.com/JforPlay/data_for_toy/main/skin_shipyard/304080.webp
305010,후소,후소,X,,https://raw.githubusercontent.com/JforPlay/data_for_toy/main/skin_shipyard/305010.webp
305011,후소,봄의 축복,배경,이스트 글림 스타일,https://raw.githubusercontent.com/JforPlay/data_for_toy/main/skin_shipyard/305011.webp
305012,후소,폭신폭신 내조,배경,홈웨어,https://raw.githubusercontent.com/JforPlay/data_for_toy/main/skin_shipyard/305012.webp
305018,후소,그대 색깔로 물들어,X,서약,https://raw.githubusercontent.com/JforPlay/data_for_toy/main/skin_shipyard/305018.webp
305019,후소,후소·改,X,개조,https://raw.githubusercontent.com/JforPlay/data_for_toy/main/skin_shipyard/305019.webp
305020,야마시로,야마시로,X,,https://raw.githubusercontent.com/JforPlay/data_for_toy/main/skin_shipyard/305020.webp
305021,야마시로,여름의 대작전?,배경,수영복,https://raw.githubusercontent.com/JforPlay/data_for_toy/main/skin_shipyard/305021.webp
305022,야마시로,성야의 대작전(?),배경,크리스마스,https://raw.githubusercontent.com/JforPlay/data_for_toy/main/skin_shipyard/305022.webp
305023,야마시로,연회복을 입은 검은고양이,배경,파티,https://raw.githubusercontent.com/JforPlay/data_for_toy/main/skin_shipyard/305023.webp
305025,야마시로,휴일의 공세!,X,사복,https://raw.githubusercontent.com/JforPlay/data_for_toy/main/skin_shipyard/305025.webp
305026,야마시로,모퉁이 공세！,배경,학교,https://raw.githubusercontent.com/JforPlay/data_for_toy/main/skin_shipyard/305026.webp
305028,야마시로,백무구 대작전?!,X,서약,https://raw.githubusercontent.com/JforPlay/data_for_toy/main/skin_shipyard/305028.webp
305029,야마시로,야마시로·改,X,개조,https://raw.githubusercontent.com/JforPlay/data_for_toy/main/skin_shipyard/305029.webp
305030,이세,이세,X,,https://raw.githubusercontent.com/JforPlay/data_for_toy/main/skin_shipyard/305030.webp
305039,이세,이세·改,X,개조,https://raw.githubusercontent.com/JforPlay/data_for_toy/main/skin_shipyard/305039.webp
305040,휴가,휴가,X,,https://raw.githubusercontent.com/JforPlay/data_for_toy/main/skin_shipyard/305040.webp
305049,휴가,휴가·改,X,개조,https://raw.githubusercontent.com/JforPlay/data_for_toy/main/skin_shipyard/305049.webp
305050,나가토,나가토,X,,https://raw.githubusercontent.com/JforPlay/data_for_toy/main/skin_shipyard/305050.webp
305051,나가토,여우의 휴식,배경,홈웨어,https://raw.githubusercontent.com/JforPlay/data_for_toy/main/skin_shipyard/305051.webp
305052,나가토,여우의 빛나는 후리소데,배경,정월,https://raw.githubusercontent.com/JforPlay/data_for_toy/main/skin_shipyard/305052.webp
305053,나가토,여우의 여가 시간,배경,홈웨어,https://raw.githubusercontent.com/JforPlay/data_for_toy/main/skin_shipyard/305053.webp
305054,나가토,여우의 연회복,배경,파티,https://raw.githubusercontent.com/JforPlay/data_for_toy/main/skin_shipyard/305054.webp
305055,나가토,여우의 결연,"쁘띠모션, 특수배경 (움짤)",이스트 글림 스타일,https://raw.githubusercontent.com/JforPlay/data_for_toy/main/skin_shipyard/305055.webp
305058,나가토,여우의 백장속,X,서약,https://raw.githubusercontent.com/JforPlay/data_for_toy/main/skin_shipyard/305058.webp
305060,무츠,무츠,X,,https://raw.githubusercontent.com/JforPlay/data_for_toy/main/skin_shipyard/305060.webp
305061,무츠,전국 풍운의 소녀,배경,기타,https://raw.githubusercontent.com/JforPlay/data_for_toy/main/skin_shipyard/305061.webp
305062,무츠,실수의 본보기?,배경,메이드 타임,https://raw.githubusercontent.com/JforPlay/data_for_toy/main/skin_shipyard/305062.webp
305070,카가(전함),카가(전함),X,,https://raw.githubusercontent.com/JforPlay/data_for_toy/main/skin_shipyard/305070.webp
305080,토사,토사,X,,https://raw.githubusercontent.com/JforPlay/data_for_toy/main/skin_shipyard/305080.webp
305081,토사,나루코 코나츠,배경,수영복,https://raw.githubusercontent.com/JforPlay/data_for_toy/main/skin_shipyard/305081.webp
305082,토사,물결 위에 핀 남색 꽃,"쁘띠모션, 배경",홈웨어,https://raw.githubusercontent.com/JforPlay/data_for_toy/main/skin_shipyard/305082.webp
305100,무사시,무사시,X,,https://raw.githubusercontent.com/JforPlay/data_for_toy/main/skin_shipyard/305100.webp
305101,무사시,보랏빛 달그림자,X,메이드 타임,https://raw.githubusercontent.com/JforPlay/data_for_toy/main/skin_shipyard/305101.webp
305102,무사시,자색 토끼의 스나이핑 게임,"L2D, 특수배경 (움짤)",동화 속 세계,https://raw.githubusercontent.com/JforPlay/data_for_toy/main/skin_shipyard/305102.webp
305108,무사시,등나무 꽃의 무결한 마음,X,서약,https://raw.githubusercontent.com/JforPlay/data_for_toy/main/skin_shipyard/305108.webp
305110,미카사,미카사,X,,https://raw.githubusercontent.com/JforPlay/data_for_toy/main/skin_shipyard/305110.webp
305111,미카사,벚꽃 도시의 바람,배경,기타,https://raw.githubusercontent.com/JforPlay/data_for_toy/main/skin_shipyard/305111.webp
305112,미카사,벚꽃놀이 가기 좋은 날,배경,기타,https://raw.githubusercontent.com/JforPlay/data_for_toy/main/skin_shipyard/305112.webp
305113,미카사,정신수양의 휴일,배경,홈웨어,https://raw.githubusercontent.com/JforPlay/data_for_toy/main/skin_shipyard/305113.webp
305114,미카사,대선배는 대접 중,배경,메이드 타임,https://raw.githubusercontent.com/JforPlay/data_for_toy/main/skin_shipyard/305114.webp
305115,미카사,쪽빛 미녀,배경,정월,https://raw.githubusercontent.com/JforPlay/data_for_toy/main/skin_shipyard/305115.webp
305118,미카사,무구함상,X,서약,https://raw.githubusercontent.com/JforPlay/data_for_toy/main/skin_shipyard/305118.webp
305120,키이,키이,X,,https://raw.githubusercontent.com/JforPlay/data_for_toy/main/skin_shipyard/305120.webp
305121,키이,물가의 유혹,배경,수영복,https://raw.githubusercontent.com/JforPlay/data_for_toy/main/skin_shipyard/305121.webp
305130,오와리,오와리,X,,https://raw.githubusercontent.com/JforPlay/data_for_toy/main/skin_shipyard/305130.webp
305131,오와리,샤이니 플라워,"배경, 쁘띠모션",수영복,https://raw.githubusercontent.com/JforPlay/data_for_toy/main/skin_shipyard/305131.webp
305132,오와리,나의 소원은 사랑,"L2D, 배경",할로윈,https://raw.githubusercontent.com/JforPlay/data_for_toy/main/skin_shipyard/305132.webp
305140,스루가,스루가,X,,https://raw.githubusercontent.com/JforPlay/data_for_toy/main/skin_shipyard/305140.webp
305141,스루가,백화경운,"L2D, 배경",정월,https://raw.githubusercontent.com/JforPlay/data_for_toy/main/skin_shipyard/305141.webp
305142,스루가,우연히 마주친 우등생,배경,학교,https://raw.githubusercontent.com/JforPlay/data_for_toy/main/skin_shipyard/305142.webp
305143,스루가,"""달갑지 않은"" 성야제","L2D, 배경",크리스마스,https://raw.githubusercontent.com/JforPlay/data_for_toy/main/skin_shipyard/305143.webp
305160,오미,오미,X,,https://raw.githubusercontent.com/JforPlay/data_for_toy/main/skin_shipyard/305160.webp
305161,오미,탈출 실패…?,"L2D, 배경",닌자의 성,https://raw.githubusercontent.com/JforPlay/data_for_toy/main/skin_shipyard/305161.webp
305170,꼬마 무사시,꼬마 무사시,X,,https://raw.githubusercontent.com/JforPlay/data_for_toy/main/skin_shipyard/305170.webp
306010,히요,히요,X,,https://raw.githubusercontent.com/JforPlay/data_for_toy/main/skin_shipyard/306010.webp
306020,준요,준요,X,,https://raw.githubusercontent.com/JforPlay/data_for_toy/main/skin_shipyard/306020.webp
306030,호쇼,호쇼,X,,https://raw.githubusercontent.com/JforPlay/data_for_toy/main/skin_shipyard/306030.webp
306031,호쇼,초저녁의 꿈,X,기타,https://raw.githubusercontent.com/JforPlay/data_for_toy/main/skin_shipyard/306031.webp
306040,즈이호,즈이호,X,,https://raw.githubusercontent.com/JforPlay/data_for_toy/main/skin_shipyard/306040.webp
306041,즈이호,작은 새와 행복의 풍선,특수배경 (움짤),동화 속 세계,https://raw.githubusercontent.com/JforPlay/data_for_toy/main/skin_shipyard/306041.webp
306050,쇼호,쇼호,X,,https://raw.githubusercontent.com/JforPlay/data_for_toy/main/skin_shipyard/306050.webp
306051,쇼호,마녀의 야간순찰,X,할로윈,https://raw.githubusercontent.com/JforPlay/data_for_toy/main/skin_shipyard/306051.webp
306059,쇼호,쇼호·改,X,개조,https://raw.githubusercontent.com/JforPlay/data_for_toy/main/skin_shipyard/306059.webp
306060,류조,류조,X,,https://raw.githubusercontent.com/JforPlay/data_for_toy/main/skin_shipyard/306060.webp
306061,류조,건어물 무사?,배경,홈웨어,https://raw.githubusercontent.com/JforPlay/data_for_toy/main/skin_shipyard/306061.webp
306062,류조,방과후 사냥 시간,배경,학교,https://raw.githubusercontent.com/JforPlay/data_for_toy/main/skin_shipyard/306062.webp
306063,류조,강룡 슬라이더!,특수배경 (움짤),동화 속 세계,https://raw.githubusercontent.com/JforPlay/data_for_toy/main/skin_shipyard/306063.webp
306070,류호,류호,X,,https://raw.githubusercontent.com/JforPlay/data_for_toy/main/skin_shipyard/306070.webp
306071,류호,봉황이 춤추는 정월,"L2D, 배경",정월,https://raw.githubusercontent.com/JforPlay/data_for_toy/main/skin_shipyard/306071.webp
306080,치토세,치토세,X,,https://raw.githubusercontent.com/JforPlay/data_for_toy/main/skin_shipyard/306080.webp
306081,치토세,여름 햇살이 비치는 날,배경,수영복,https://raw.githubusercontent.com/JforPlay/data_for_toy/main/skin_shipyard/306081.webp
306082,치토세,수묵여색,배경,이스트 글림 스타일,https://raw.githubusercontent.com/JforPlay/data_for_toy/main/skin_shipyard/306082.webp
306083,치토세,연꽃못의 찻향,X,이스트 글림 스타일,https://raw.githubusercontent.com/JforPlay/data_for_toy/main/skin_shipyard/306083.webp
306090,치요다,치요다,X,,https://raw.githubusercontent.com/JforPlay/data_for_toy/main/skin_shipyard/306090.webp
306091,치요다,푸른 파도가 찬란한 날,배경,수영복,https://raw.githubusercontent.com/JforPlay/data_for_toy/main/skin_shipyard/306091.webp
306092,치요다,연못가의 주향,X,이스트 글림 스타일,https://raw.githubusercontent.com/JforPlay/data_for_toy/main/skin_shipyard/306092.webp
307010,아카기,아카기,X,,https://raw.githubusercontent.com/JforPlay/data_for_toy/main/skin_shipyard/307010.webp
307011,아카기,낙원의 피안화,배경,수영복,https://raw.githubusercontent.com/JforPlay/data_for_toy/main/skin_shipyard/307011.webp
307012,아카기,매화와 꽃,배경,정월,https://raw.githubusercontent.com/JforPlay/data_for_toy/main/skin_shipyard/307012.webp
307013,아카기,주연여훈,배경,파티,https://raw.githubusercontent.com/JforPlay/data_for_toy/main/skin_shipyard/307013.webp
307014,아카기,조황내의,"L2D, 특수배경 (움짤)",이스트 글림 스타일,https://raw.githubusercontent.com/JforPlay/data_for_toy/main/skin_shipyard/307014.webp
307015,아카기,달콤한 길가,배경,정월,https://raw.githubusercontent.com/JforPlay/data_for_toy/main/skin_shipyard/307015.webp
307018,아카기,진홍 양귀비,X,서약,https://raw.githubusercontent.com/JforPlay/data_for_toy/main/skin_shipyard/307018.webp
307020,카가,카가,X,,https://raw.githubusercontent.com/JforPlay/data_for_toy/main/skin_shipyard/307020.webp
307021,카가,여름날의 살생석,배경,수영복,https://raw.githubusercontent.com/JforPlay/data_for_toy/main/skin_shipyard/307021.webp
307022,카가,백호하정,배경,정월,https://raw.githubusercontent.com/JforPlay/data_for_toy/main/skin_shipyard/307022.webp
307023,카가,백우풍화,특수배경 (움짤),파티,https://raw.githubusercontent.com/JforPlay/data_for_toy/main/skin_shipyard/307023.webp
307024,카가,고요한 벚꽃의 숨,배경,정월,https://raw.githubusercontent.com/JforPlay/data_for_toy/main/skin_shipyard/307024.webp
307025,카가,난상영집,특수배경 (움짤),이스트 글림 스타일,https://raw.githubusercontent.com/JforPlay/data_for_toy/main/skin_shipyard/307025.webp
307026,카가,하얀 비단의 여우의 춤,배경,기타,https://raw.githubusercontent.com/JforPlay/data_for_toy/main/skin_shipyard/307026.webp
307028,카가,월청 군자란,X,서약,https://raw.githubusercontent.com/JforPlay/data_for_toy/main/skin_shipyard/307028.webp
307030,소류,소류,X,,https://raw.githubusercontent.com/JforPlay/data_for_toy/main/skin_shipyard/307030.webp
307031,소류,소나무에 앉은 학,배경,정월,https://raw.githubusercontent.com/JforPlay/data_for_toy/main/skin_shipyard/307031.webp
307032,소류,복도의 선도부장,배경,학교,https://raw.githubusercontent.com/JforPlay/data_for_toy/main/skin_shipyard/307032.webp
307039,소류,소류·改,X,개조,https://raw.githubusercontent.com/JforPlay/data_for_toy/main/skin_shipyard/307039.webp
307040,히류,히류,X,,https://raw.githubusercontent.com/JforPlay/data_for_toy/main/skin_shipyard/307040.webp
307041,히류,방과후 불량학생,배경,학교,https://raw.githubusercontent.com/JforPlay/data_for_toy/main/skin_shipyard/307041.webp
307049,히류,히류·改,X,개조,https://raw.githubusercontent.com/JforPlay/data_for_toy/main/skin_shipyard/307049.webp
307050,쇼카쿠,쇼카쿠,X,,https://raw.githubusercontent.com/JforPlay/data_for_toy/main/skin_shipyard/307050.webp
307051,쇼카쿠,바람에 춤추는 학,"L2D, 배경",파티,https://raw.githubusercontent.com/JforPlay/data_for_toy/main/skin_shipyard/307051.webp
307052,쇼카쿠,신속의 학,특수배경 (움짤),극속광열,https://raw.githubusercontent.com/JforPlay/data_for_toy/main/skin_shipyard/307052.webp
307058,쇼카쿠,백련의 학,X,서약,https://raw.githubusercontent.com/JforPlay/data_for_toy/main/skin_shipyard/307058.webp
307060,즈이카쿠,즈이카쿠,X,,https://raw.githubusercontent.com/JforPlay/data_for_toy/main/skin_shipyard/307060.webp
307061,즈이카쿠,제화의 학,배경,여름 축제,https://raw.githubusercontent.com/JforPlay/data_for_toy/main/skin_shipyard/307061.webp
307062,즈이카쿠,광속의 학,특수배경 (움짤),극속광열,https://raw.githubusercontent.com/JforPlay/data_for_toy/main/skin_shipyard/307062.webp
307063,즈이카쿠,전속력으로 질주,특수배경 (움짤),극속광열,https://raw.githubusercontent.com/JforPlay/data_for_toy/main/skin_shipyard/307063.webp
307070,다이호,다이호,X,,https://raw.githubusercontent.com/JforPlay/data_for_toy/main/skin_shipyard/307070.webp
307071,다이호,금단의 연회,"L2D, 배경",파티,https://raw.githubusercontent.com/JforPlay/data_for_toy/main/skin_shipyard/307071.webp
307072,다이호,봉황의 노래,"L2D, 특수배경 (움짤)",이스트 글림 스타일,https://raw.githubusercontent.com/JforPlay/data_for_toy/main/skin_shipyard/307072.webp
307073,다이호,사랑의 파트너,특수배경 (움짤),극속광열,https://raw.githubusercontent.com/JforPlay/data_for_toy/main/skin_shipyard/307073.webp
307074,다이호,방과후 달콤한 시간,"L2D, 배경",학교,https://raw.githubusercontent.com/JforPlay/data_for_toy/main/skin_shipyard/307074.webp
307075,다이호,백사장의 백일몽,"L2D, 배경",수영복,https://raw.githubusercontent.com/JforPlay/data_for_toy/main/skin_shipyard/307075.webp
307076,다이호,비단결의 유희,"L2D, 배경",카니발,https://raw.githubusercontent.com/JforPlay/data_for_toy/main/skin_shipyard/307076.webp
307078,다이호,바닷바람의 유혹,X,서약,https://raw.githubusercontent.com/JforPlay/data_for_toy/main/skin_shipyard/307078.webp
307080,시나노 ,시나노 ,X,,https://raw.githubusercontent.com/JforPlay/data_for_toy/main/skin_shipyard/307080.webp
307081,시나노 ,명월십야,특수배경 (움짤),파티,https://raw.githubusercontent.com/JforPlay/data_for_toy/main/skin_shipyard/307081.webp
307082,시나노 ,잠든 기다림의 은가마,"L2D, 특수배경 (움짤)",극속광열,https://raw.githubusercontent.com/JforPlay/data_for_toy/main/skin_shipyard/307082.webp
307083,시나노 ,우아한 꿈속 백사장,"L2D, 배경",수영복,https://raw.githubusercontent.com/JforPlay/data_for_toy/main/skin_shipyard/307083.webp
307084,시나노 ,환몽의 꼭두각시,"L2D, 배경",카니발,https://raw.githubusercontent.com/JforPlay/data_for_toy/main/skin_shipyard/307084.webp
307085,시나노 ,녹아드는 꿈속의 포옹,L2D,이스트 글림 스타일,https://raw.githubusercontent.com/JforPlay/data_for_toy/main/skin_shipyard/307085.webp
307090,꼬마 아카기,꼬마 아카기,X,,https://raw.githubusercontent.com/JforPlay/data_for_toy/main/skin_shipyard/307090.webp
307100,아카기(μ장비),아카기(μ장비),X,,https://raw.githubusercontent.com/JforPlay/data_for_toy/main/skin_shipyard/307100.webp
307110,다이호(μ장비),다이호(μ장비),X,,https://raw.githubusercontent.com/JforPlay/data_for_toy/main/skin_shipyard/307110.webp
307120,카츠라기,카츠라기,X,,https://raw.githubusercontent.com/JforPlay/data_for_toy/main/skin_shipyard/307120.webp
307121,카츠라기,밝은 야밤의 축제,배경,카니발,https://raw.githubusercontent.com/JforPlay/data_for_toy/main/skin_shipyard/307121.webp
307122,카츠라기,얕은 물에서 만끽하는 여유,배경,수영복,https://raw.githubusercontent.com/JforPlay/data_for_toy/main/skin_shipyard/307122.webp
307130,꼬마 다이호,꼬마 다이호,X,,https://raw.githubusercontent.com/JforPlay/data_for_toy/main/skin_shipyard/307130.webp
307140,꼬마 시나노,꼬마 시나노,X,,https://raw.githubusercontent.com/JforPlay/data_for_toy/main/skin_shipyard/307140.webp
307150,아마기(항공모함),아마기(항공모함),X,,https://raw.githubusercontent.com/JforPlay/data_for_toy/main/skin_shipyard/307150.webp
307151,아마기(항공모함),옥좌 위에 핀 꽃,"L2D, 배경",파티,https://raw.githubusercontent.com/JforPlay/data_for_toy/main/skin_shipyard/307151.webp
307152,아마기(항공모함),푸른 물결의 인어,"L2D, 배경",수영복,https://raw.githubusercontent.com/JforPlay/data_for_toy/main/skin_shipyard/307152.webp
307158,아마기(항공모함),물빛 달의 화촉,배경,서약,https://raw.githubusercontent.com/JforPlay/data_for_toy/main/skin_shipyard/307158.webp
307160,하쿠호,하쿠호,X,,https://raw.githubusercontent.com/JforPlay/data_for_toy/main/skin_shipyard/307160.webp
307161,하쿠호,흐드러지게 피어나는 닌자의 여흥,"L2D+, 배경",닌자의 성,https://raw.githubusercontent.com/JforPlay/data_for_toy/main/skin_shipyard/307161.webp
307170,운류,운류,X,,https://raw.githubusercontent.com/JforPlay/data_for_toy/main/skin_shipyard/307170.webp
307171,운류,야음영의,"입막음, 중파 일러, 배경",특수 훈련,https://raw.githubusercontent.com/JforPlay/data_for_toy/main/skin_shipyard/307171.webp
307172,운류,야음영의 (입막음),"입막음, 중파 일러, 배경",특수 훈련,https://raw.githubusercontent.com/JforPlay/data_for_toy/main/skin_shipyard/307172.webp
308010,이19,이19,X,,https://raw.githubusercontent.com/JforPlay/data_for_toy/main/skin_shipyard/308010.webp
308011,이19,여행길의 산들바람,배경,학교,https://raw.githubusercontent.com/JforPlay/data_for_toy/main/skin_shipyard/308011.webp
308012,이19,베개 천국,배경,홈웨어,https://raw.githubusercontent.com/JforPlay/data_for_toy/main/skin_shipyard/308012.webp
308013,이19,Blossoming Bunny,배경,카니발,https://raw.githubusercontent.com/JforPlay/data_for_toy/main/skin_shipyard/308013.webp
308020,이26,이26,X,,https://raw.githubusercontent.com/JforPlay/data_for_toy/main/skin_shipyard/308020.webp
308021,이26,토끼와 심해어,배경,학교,https://raw.githubusercontent.com/JforPlay/data_for_toy/main/skin_shipyard/308021.webp
308022,이26,불꽃놀이 전,배경,여름 축제,https://raw.githubusercontent.com/JforPlay/data_for_toy/main/skin_shipyard/308022.webp
308030,이58,이58,X,,https://raw.githubusercontent.com/JforPlay/data_for_toy/main/skin_shipyard/308030.webp
308040,이25,이25,X,,https://raw.githubusercontent.com/JforPlay/data_for_toy/main/skin_shipyard/308040.webp
308041,이25,토끼와 산호초,배경,학교,https://raw.githubusercontent.com/JforPlay/data_for_toy/main/skin_shipyard/308041.webp
308042,이25,식혜의 신춘 축하,특수배경 (움짤),이스트 글림 스타일,https://raw.githubusercontent.com/JforPlay/data_for_toy/main/skin_shipyard/308042.webp
308050,이56,이56,X,,https://raw.githubusercontent.com/JforPlay/data_for_toy/main/skin_shipyard/308050.webp
308051,이56,외톨이 해바라기,배경,학교,https://raw.githubusercontent.com/JforPlay/data_for_toy/main/skin_shipyard/308051.webp
308060,이168,이168,X,,https://raw.githubusercontent.com/JforPlay/data_for_toy/main/skin_shipyard/308060.webp
308061,이168,축제의 날!,배경,여름 축제,https://raw.githubusercontent.com/JforPlay/data_for_toy/main/skin_shipyard/308061.webp
312010,아카시,아카시,X,,https://raw.githubusercontent.com/JforPlay/data_for_toy/main/skin_shipyard/312010.webp
312011,아카시,먹고 살기 힘들다냥,배경,정월,https://raw.githubusercontent.com/JforPlay/data_for_toy/main/skin_shipyard/312011.webp
312012,아카시,검은 고양이의 습격!,배경,파티,https://raw.githubusercontent.com/JforPlay/data_for_toy/main/skin_shipyard/312012.webp
312013,아카시,아카시 특별 판매중이다냥!,X,기타,https://raw.githubusercontent.com/JforPlay/data_for_toy/main/skin_shipyard/312013.webp
312014,아카시,어서와냥 Sofmap!,X,기타,https://raw.githubusercontent.com/JforPlay/data_for_toy/main/skin_shipyard/312014.webp
312018,아카시,하얀 고양이의 보은,X,서약,https://raw.githubusercontent.com/JforPlay/data_for_toy/main/skin_shipyard/312018.webp
317010,이13,이13,X,,https://raw.githubusercontent.com/JforPlay/data_for_toy/main/skin_shipyard/317010.webp
317011,이13,방과 후의 관찰 숙제,배경,사복,https://raw.githubusercontent.com/JforPlay/data_for_toy/main/skin_shipyard/317011.webp
317020,이404,이404,X,,https://raw.githubusercontent.com/JforPlay/data_for_toy/main/skin_shipyard/317020.webp
317021,이404,화려한 붉은 실의 춤사위,"입막음, 중파 일러, 배경",닌자의 성,https://raw.githubusercontent.com/JforPlay/data_for_toy/main/skin_shipyard/317021.webp
317022,이404,화려한 붉은 실의 춤사위 (입막음),"입막음, 중파 일러, 배경",닌자의 성,https://raw.githubusercontent.com/JforPlay/data_for_toy/main/skin_shipyard/317022.webp
319010,카시노,카시노,X,,https://raw.githubusercontent.com/JforPlay/data_for_toy/main/skin_shipyard/319010.webp
319011,카시노,온천 플레저 타임,"L2D, 배경",수영복,https://raw.githubusercontent.com/JforPlay/data_for_toy/main/skin_shipyard/319011.webp
319012,카시노,어질어질 메이드,"L2D, 배경",메이드 타임,https://raw.githubusercontent.com/JforPlay/data_for_toy/main/skin_shipyard/319012.webp
319013,카시노,꽃피는 러블리 스트링스,"L2D, 배경",파티,https://raw.githubusercontent.com/JforPlay/data_for_toy/main/skin_shipyard/319013.webp
319014,카시노,프레시 & 스위트!,"쁘띠모션, 특수배경 (움짤)",동화 속 세계,https://raw.githubusercontent.com/JforPlay/data_for_toy/main/skin_shipyard/319014.webp
331050,아야나미,신년의 소망,배경,정월,https://raw.githubusercontent.com/JforPlay/data_for_toy/main/skin_shipyard/331050.webp
331051,아야나미,어두침침 예복,"L2D, 특수배경 (움짤)",파티,https://raw.githubusercontent.com/JforPlay/data_for_toy/main/skin_shipyard/331051.webp
331052,아야나미,미속 전투 태세,배경,홈웨어,https://raw.githubusercontent.com/JforPlay/data_for_toy/main/skin_shipyard/331052.webp
331053,아야나미,창묵의 호위무사,특수배경 (움짤),이스트 글림 스타일,https://raw.githubusercontent.com/JforPlay/data_for_toy/main/skin_shipyard/331053.webp
331054,아야나미,콜라에 노력을 담아,X,기타,https://raw.githubusercontent.com/JforPlay/data_for_toy/main/skin_shipyard/331054.webp
331055,아야나미,다이나믹 킥！,배경,이세계 모험,https://raw.githubusercontent.com/JforPlay/data_for_toy/main/skin_shipyard/331055.webp
331056,아야나미,감청색 예복,배경,파티,https://raw.githubusercontent.com/JforPlay/data_for_toy/main/skin_shipyard/331056.webp
332210,노시로,달빛 아래의 온천,쁘띠모션,온천 타임,https://raw.githubusercontent.com/JforPlay/data_for_toy/main/skin_shipyard/332210.webp
399010,이부키,이부키,X,,https://raw.githubusercontent.com/JforPlay/data_for_toy/main/skin_shipyard/399010.webp
399011,이부키,영원한 꿈을 꾸는 청녀,"L2D, 배경",정월,https://raw.githubusercontent.com/JforPlay/data_for_toy/main/skin_shipyard/399011.webp
399012,이부키,바람에 날리는 꽃,배경,파티,https://raw.githubusercontent.com/JforPlay/data_for_toy/main/skin_shipyard/399012.webp
399013,이부키,새해의 마음가짐,특수배경 (움짤),이스트 글림 스타일,https://raw.githubusercontent.com/JforPlay/data_for_toy/main/skin_shipyard/399013.webp
399014,이부키,평안과 무위,배경,홈웨어,https://raw.githubusercontent.com/JforPlay/data_for_toy/main/skin_shipyard/399014.webp
399015,이부키,여름의 사랑 자취,"쁘띠모션, 배경",수영복,https://raw.githubusercontent.com/JforPlay/data_for_toy/main/skin_shipyard/399015.webp
399020,이즈모,이즈모,X,,https://raw.githubusercontent.com/JforPlay/data_for_toy/main/skin_shipyard/399020.webp
399021,이즈모,구름을 벗어난 천 그루 벚꽃처럼,배경,정월,https://raw.githubusercontent.com/JforPlay/data_for_toy/main/skin_shipyard/399021.webp
399022,이즈모,두근거리는 꼬리 칵테일,"쁘띠모션, 배경",이세계 모험,https://raw.githubusercontent.com/JforPlay/data_for_toy/main/skin_shipyard/399022.webp
399030,키타카제,키타카제,X,,https://raw.githubusercontent.com/JforPlay/data_for_toy/main/skin_shipyard/399030.webp
399031,키타카제,축제 제패!,배경,여름 축제,https://raw.githubusercontent.com/JforPlay/data_for_toy/main/skin_shipyard/399031.webp
399033,키타카제,비둘기와 요술의 밤,특수배경 (움짤),댄스,https://raw.githubusercontent.com/JforPlay/data_for_toy/main/skin_shipyard/399033.webp
399040,아즈마,아즈마,X,,https://raw.githubusercontent.com/JforPlay/data_for_toy/main/skin_shipyard/399040.webp
399041,아즈마,봄 안개의 속삭임,"L2D, 특수배경 (움짤)",이스트 글림 스타일,https://raw.githubusercontent.com/JforPlay/data_for_toy/main/skin_shipyard/399041.webp
399042,아즈마,신랑의 진로 상담,"L2D, 배경",오피스 타임,https://raw.githubusercontent.com/JforPlay/data_for_toy/main/skin_shipyard/399042.webp
399048,아즈마,순결한 동경,X,서약,https://raw.githubusercontent.com/JforPlay/data_for_toy/main/skin_shipyard/399048.webp
399050,하쿠류,하쿠류,X,,https://raw.githubusercontent.com/JforPlay/data_for_toy/main/skin_shipyard/399050.webp
399051,하쿠류,쾌도 메이드?,배경,메이드 타임,https://raw.githubusercontent.com/JforPlay/data_for_toy/main/skin_shipyard/399051.webp
399052,하쿠류,비단 옷과 선율,"L2D, 배경",파티,https://raw.githubusercontent.com/JforPlay/data_for_toy/main/skin_shipyard/399052.webp
399053,하쿠류,용조백련,배경,여름 축제,https://raw.githubusercontent.com/JforPlay/data_for_toy/main/skin_shipyard/399053.webp
399054,하쿠류,얇은 천과 좁은 방,배경,홈웨어,https://raw.githubusercontent.com/JforPlay/data_for_toy/main/skin_shipyard/399054.webp
399060,시만토,시만토,X,,https://raw.githubusercontent.com/JforPlay/data_for_toy/main/skin_shipyard/399060.webp
399061,시만토,따끈따끈 용신님,배경,메이드 타임,https://raw.githubusercontent.com/JforPlay/data_for_toy/main/skin_shipyard/399061.webp
399062,시만토,"느긋한 용신님 (L2D, 듀얼)","L2D, 듀얼",수영복,https://raw.githubusercontent.com/JforPlay/data_for_toy/main/skin_shipyard/399062.webp
399063,시만토,"느긋한 용신님 (쁘띠모션, 배경, 듀얼)","쁘띠모션, 배경, 듀얼",수영복,https://raw.githubusercontent.com/JforPlay/data_for_toy/main/skin_shipyard/399063.webp
399070,다이센,다이센,X,,https://raw.githubusercontent.com/JforPlay/data_for_toy/main/skin_shipyard/399070.webp
399071,다이센,기도하는 토끼 무녀,"쁘띠모션, 배경",카니발,https://raw.githubusercontent.com/JforPlay/data_for_toy/main/skin_shipyard/399071.webp
399080,타카하시,타카하시,X,,https://raw.githubusercontent.com/JforPlay/data_for_toy/main/skin_shipyard/399080.webp
401010,Z1,Z1,X,,https://raw.githubusercontent.com/JforPlay/data_for_toy/main/skin_shipyard/401010.webp
401011,Z1,반역의 우등생,배경,학교,https://raw.githubusercontent.com/JforPlay/data_for_toy/main/skin_shipyard/401011.webp
401019,Z1,Z1·改,X,개조,https://raw.githubusercontent.com/JforPlay/data_for_toy/main/skin_shipyard/401019.webp
401020,Z2,Z2,X,,https://raw.githubusercontent.com/JforPlay/data_for_toy/main/skin_shipyard/401020.webp
401021,Z2,이색적인 일상의 풍경,X,사복,https://raw.githubusercontent.com/JforPlay/data_for_toy/main/skin_shipyard/401021.webp
401022,Z2,야경과 잉어,배경,여름 축제,https://raw.githubusercontent.com/JforPlay/data_for_toy/main/skin_shipyard/401022.webp
401090,Z9,Z9,X,,https://raw.githubusercontent.com/JforPlay/data_for_toy/main/skin_shipyard/401090.webp
401091,Z9,기쁜 눈물의 칵테일,배경,카니발,https://raw.githubusercontent.com/JforPlay/data_for_toy/main/skin_shipyard/401091.webp
401110,Z11,Z11,X,,https://raw.githubusercontent.com/JforPlay/data_for_toy/main/skin_shipyard/401110.webp
401111,Z11,"돈 마련, 봉사, 솔직한 모습",배경,카니발,https://raw.githubusercontent.com/JforPlay/data_for_toy/main/skin_shipyard/401111.webp
401130,Z13,Z13,X,,https://raw.githubusercontent.com/JforPlay/data_for_toy/main/skin_shipyard/401130.webp
401131,Z13,전략적 데이트 솔루션,"L2D, 배경",오피스 타임,https://raw.githubusercontent.com/JforPlay/data_for_toy/main/skin_shipyard/401131.webp
401140,Z14,Z14,X,,https://raw.githubusercontent.com/JforPlay/data_for_toy/main/skin_shipyard/401140.webp
401141,Z14,여름날의 미아,배경,수영복,https://raw.githubusercontent.com/JforPlay/data_for_toy/main/skin_shipyard/401141.webp
401150,Z15,Z15,X,,https://raw.githubusercontent.com/JforPlay/data_for_toy/main/skin_shipyard/401150.webp
401151,Z15,벌룬 댄스,"중파 일러, 배경",수영복,https://raw.githubusercontent.com/JforPlay/data_for_toy/main/skin_shipyard/401151.webp
401160,Z16,Z16,X,,https://raw.githubusercontent.com/JforPlay/data_for_toy/main/skin_shipyard/401160.webp
401161,Z16,필승 홈런!,배경,스포츠,https://raw.githubusercontent.com/JforPlay/data_for_toy/main/skin_shipyard/401161.webp
401180,Z18,Z18,X,,https://raw.githubusercontent.com/JforPlay/data_for_toy/main/skin_shipyard/401180.webp
401190,Z19,Z19,X,,https://raw.githubusercontent.com/JforPlay/data_for_toy/main/skin_shipyard/401190.webp
401200,Z20,Z20,X,,https://raw.githubusercontent.com/JforPlay/data_for_toy/main/skin_shipyard/401200.webp
401210,Z21,Z21,X,,https://raw.githubusercontent.com/JforPlay/data_for_toy/main/skin_shipyard/401210.webp
401230,Z23,Z23,X,,https://raw.githubusercontent.com/JforPlay/data_for_toy/main/skin_shipyard/401230.webp
401231,Z23,철학 강사,X,기타,https://raw.githubusercontent.com/JforPlay/data_for_toy/main/skin_shipyard/401231.webp
401232,Z23,비공식 비치 발리볼,배경,수영복,https://raw.githubusercontent.com/JforPlay/data_for_toy/main/skin_shipyard/401232.webp
401233,Z23,참된 미소,X,기타,https://raw.githubusercontent.com/JforPlay/data_for_toy/main/skin_shipyard/401233.webp
401234,Z23,연회의 우등생,배경,파티,https://raw.githubusercontent.com/JforPlay/data_for_toy/main/skin_shipyard/401234.webp
401235,Z23,신설 기지・찻집 체험,X,기타,https://raw.githubusercontent.com/JforPlay/data_for_toy/main/skin_shipyard/401235.webp
401236,Z23,성실한 아이돌・매니저 담당？,특수배경 (움짤),Live,https://raw.githubusercontent.com/JforPlay/data_for_toy/main/skin_shipyard/401236.webp
401237,Z23,"책장 옆의 ""풍경""?",X,기타,https://raw.githubusercontent.com/JforPlay/data_for_toy/main/skin_shipyard/401237.webp
401238,Z23,흑요석의 혼례복,X,서약,https://raw.githubusercontent.com/JforPlay/data_for_toy/main/skin_shipyard/401238.webp
401239,Z23,Z23·改,X,개조,https://raw.githubusercontent.com/JforPlay/data_for_toy/main/skin_shipyard/401239.webp
401240,Z24,Z24,X,,https://raw.githubusercontent.com/JforPlay/data_for_toy/main/skin_shipyard/401240.webp
401241,Z24,「마왕」의 축제,특수배경 (움짤),정월,https://raw.githubusercontent.com/JforPlay/data_for_toy/main/skin_shipyard/401241.webp
401242,Z24,코트 위의 테우펠,배경,스포츠,https://raw.githubusercontent.com/JforPlay/data_for_toy/main/skin_shipyard/401242.webp
401243,Z24,어두운 밤에 떠오르는 붉은 무도,배경,할로윈,https://raw.githubusercontent.com/JforPlay/data_for_toy/main/skin_shipyard/401243.webp
401250,Z25,Z25,X,,https://raw.githubusercontent.com/JforPlay/data_for_toy/main/skin_shipyard/401250.webp
401251,Z25,한여름의 바닷바람,배경,수영복,https://raw.githubusercontent.com/JforPlay/data_for_toy/main/skin_shipyard/401251.webp
401260,Z26,Z26,X,,https://raw.githubusercontent.com/JforPlay/data_for_toy/main/skin_shipyard/401260.webp
401261,Z26,우정 쉐어 타임,배경,홈웨어,https://raw.githubusercontent.com/JforPlay/data_for_toy/main/skin_shipyard/401261.webp
401280,Z28,Z28,X,,https://raw.githubusercontent.com/JforPlay/data_for_toy/main/skin_shipyard/401280.webp
401281,Z28,뒤죽박죽 뉴이어!,배경,정월,https://raw.githubusercontent.com/JforPlay/data_for_toy/main/skin_shipyard/401281.webp
401282,Z28,숲속의 파티,배경,파티,https://raw.githubusercontent.com/JforPlay/data_for_toy/main/skin_shipyard/401282.webp
401350,Z35,Z35,X,,https://raw.githubusercontent.com/JforPlay/data_for_toy/main/skin_shipyard/401350.webp
401351,Z35,projekt Kirschblüte,배경,정월,https://raw.githubusercontent.com/JforPlay/data_for_toy/main/skin_shipyard/401351.webp
401352,Z35,가게의 리벤델 엥겔,배경,메이드 타임,https://raw.githubusercontent.com/JforPlay/data_for_toy/main/skin_shipyard/401352.webp
401353,Z35,사랑이 펼쳐지는 하늘,특수배경 (움짤),동화 속 세계,https://raw.githubusercontent.com/JforPlay/data_for_toy/main/skin_shipyard/401353.webp
401360,Z36,Z36,X,,https://raw.githubusercontent.com/JforPlay/data_for_toy/main/skin_shipyard/401360.webp
401430,Z43,Z43,X,,https://raw.githubusercontent.com/JforPlay/data_for_toy/main/skin_shipyard/401430.webp
401431,Z43,둘만의 비밀기지,배경,학교,https://raw.githubusercontent.com/JforPlay/data_for_toy/main/skin_shipyard/401431.webp
401460,Z46,Z46,X,,https://raw.githubusercontent.com/JforPlay/data_for_toy/main/skin_shipyard/401460.webp
401461,Z46,퍼스트 서머,"L2D, 배경",수영복,https://raw.githubusercontent.com/JforPlay/data_for_toy/main/skin_shipyard/401461.webp
401462,Z46,스카벤지 헌트리스,"L2D, 배경",스포츠,https://raw.githubusercontent.com/JforPlay/data_for_toy/main/skin_shipyard/401462.webp
401463,Z46,미지의 반짝이 무대,"L2D, 특수배경 (움짤)",Live,https://raw.githubusercontent.com/JforPlay/data_for_toy/main/skin_shipyard/401463.webp
401464,Z46,자른 그림의 판타지아,특수배경 (움짤),이스트 글림 스타일,https://raw.githubusercontent.com/JforPlay/data_for_toy/main/skin_shipyard/401464.webp
401465,Z46,끝없는 먼지 싸움,배경,메이드 타임,https://raw.githubusercontent.com/JforPlay/data_for_toy/main/skin_shipyard/401465.webp
401466,Z46,바드 하멜른,배경,이세계 모험,https://raw.githubusercontent.com/JforPlay/data_for_toy/main/skin_shipyard/401466.webp
401470,Z47,Z47,X,,https://raw.githubusercontent.com/JforPlay/data_for_toy/main/skin_shipyard/401470.webp
401471,Z47,어린이 필터,X,학교,https://raw.githubusercontent.com/JforPlay/data_for_toy/main/skin_shipyard/401471.webp
401472,Z47,타자★홈런,X,스포츠,https://raw.githubusercontent.com/JforPlay/data_for_toy/main/skin_shipyard/401472.webp
401520,Z52,Z52,X,,https://raw.githubusercontent.com/JforPlay/data_for_toy/main/skin_shipyard/401520.webp
401521,Z52,달리는 바니걸!,"쁘띠모션, 배경",카니발,https://raw.githubusercontent.com/JforPlay/data_for_toy/main/skin_shipyard/401521.webp
401522,Z52,Sprintender Sommer！,배경,수영복,https://raw.githubusercontent.com/JforPlay/data_for_toy/main/skin_shipyard/401522.webp
401990,오토 폰 알벤슬레벤,오토 폰 알벤슬레벤,X,,https://raw.githubusercontent.com/JforPlay/data_for_toy/main/skin_shipyard/401990.webp
401991,오토 폰 알벤슬레벤,함선과 함정,배경,수영복,https://raw.githubusercontent.com/JforPlay/data_for_toy/main/skin_shipyard/401991.webp
401992,오토 폰 알벤슬레벤,덜렁이 메이드의 대위기!?,"쁘띠모션, 배경",메이드 타임,https://raw.githubusercontent.com/JforPlay/data_for_toy/main/skin_shipyard/401992.webp
402010,쾨니히스베르크,쾨니히스베르크,X,,https://raw.githubusercontent.com/JforPlay/data_for_toy/main/skin_shipyard/402010.webp
402020,카를스루에,카를스루에,X,,https://raw.githubusercontent.com/JforPlay/data_for_toy/main/skin_shipyard/402020.webp
402029,카를스루에,카를스루에·改,X,개조,https://raw.githubusercontent.com/JforPlay/data_for_toy/main/skin_shipyard/402029.webp
402030,쾰른,쾰른,X,,https://raw.githubusercontent.com/JforPlay/data_for_toy/main/skin_shipyard/402030.webp
402039,쾰른,쾰른·改,X,개조,https://raw.githubusercontent.com/JforPlay/data_for_toy/main/skin_shipyard/402039.webp
402040,라이프치히,라이프치히,X,,https://raw.githubusercontent.com/JforPlay/data_for_toy/main/skin_shipyard/402040.webp
402041,라이프치히,스토어 프런트·연습 중,배경,메이드 타임,https://raw.githubusercontent.com/JforPlay/data_for_toy/main/skin_shipyard/402041.webp
402049,라이프치히,라이프치히·改,X,개조,https://raw.githubusercontent.com/JforPlay/data_for_toy/main/skin_shipyard/402049.webp
402050,뉘른베르크,뉘른베르크,X,,https://raw.githubusercontent.com/JforPlay/data_for_toy/main/skin_shipyard/402050.webp
402051,뉘른베르크,정월의 여행,배경,정월,https://raw.githubusercontent.com/JforPlay/data_for_toy/main/skin_shipyard/402051.webp
402060,마그데부르크,마그데부르크,X,,https://raw.githubusercontent.com/JforPlay/data_for_toy/main/skin_shipyard/402060.webp
402061,마그데부르크,청소? 고양이 소동!,배경,메이드 타임,https://raw.githubusercontent.com/JforPlay/data_for_toy/main/skin_shipyard/402061.webp
402062,마그데부르크,반짝이는 휴일,배경,수영복,https://raw.githubusercontent.com/JforPlay/data_for_toy/main/skin_shipyard/402062.webp
402070,엠덴,엠덴,X,,https://raw.githubusercontent.com/JforPlay/data_for_toy/main/skin_shipyard/402070.webp
402071,엠덴,흑백의 파르티타,"L2D, 배경",블러드 문,https://raw.githubusercontent.com/JforPlay/data_for_toy/main/skin_shipyard/402071.webp
402072,엠덴,물에 비친 달의 골짜기,특수배경 (움짤),이스트 글림 스타일,https://raw.githubusercontent.com/JforPlay/data_for_toy/main/skin_shipyard/402072.webp
402073,엠덴,별을 이끄는 이중창,"쁘띠모션, 배경",오피스 타임,https://raw.githubusercontent.com/JforPlay/data_for_toy/main/skin_shipyard/402073.webp
402074,엠덴,물가의 칸초네,"쁘띠모션, ASMR, 배경",수영복,https://raw.githubusercontent.com/JforPlay/data_for_toy/main/skin_shipyard/402074.webp
402080,엘빙,엘빙,X,,https://raw.githubusercontent.com/JforPlay/data_for_toy/main/skin_shipyard/402080.webp
402081,엘빙,환몽의 프로셀피나,배경,블러드 문,https://raw.githubusercontent.com/JforPlay/data_for_toy/main/skin_shipyard/402081.webp
402082,엘빙,잠 못 이루는 밤의 소원,X,홈웨어,https://raw.githubusercontent.com/JforPlay/data_for_toy/main/skin_shipyard/402082.webp
402083,엘빙,춘등가인,특수배경 (움짤),이스트 글림 스타일,https://raw.githubusercontent.com/JforPlay/data_for_toy/main/skin_shipyard/402083.webp
402100,레겐스부르크,레겐스부르크,X,,https://raw.githubusercontent.com/JforPlay/data_for_toy/main/skin_shipyard/402100.webp
402101,레겐스부르크,흑룡과 빛의 해안,"L2D, 배경",수영복,https://raw.githubusercontent.com/JforPlay/data_for_toy/main/skin_shipyard/402101.webp
402102,레겐스부르크,암룡의 창고 던전,배경,카니발,https://raw.githubusercontent.com/JforPlay/data_for_toy/main/skin_shipyard/402102.webp
402110,뒤스부르크,뒤스부르크,X,,https://raw.githubusercontent.com/JforPlay/data_for_toy/main/skin_shipyard/402110.webp
402111,뒤스부르크,부끄러움 참기 특훈,"쁘띠모션, 배경",카니발,https://raw.githubusercontent.com/JforPlay/data_for_toy/main/skin_shipyard/402111.webp
403010,아드미랄 히퍼,아드미랄 히퍼,X,,https://raw.githubusercontent.com/JforPlay/data_for_toy/main/skin_shipyard/403010.webp
403012,아드미랄 히퍼,햇빛 아래의 온천 거리,배경,여름 축제,https://raw.githubusercontent.com/JforPlay/data_for_toy/main/skin_shipyard/403012.webp
403019,아드미랄 히퍼,아드미랄 히퍼·改,X,개조,https://raw.githubusercontent.com/JforPlay/data_for_toy/main/skin_shipyard/403019.webp
403020,블뤼허,블뤼허,X,,https://raw.githubusercontent.com/JforPlay/data_for_toy/main/skin_shipyard/403020.webp
403021,블뤼허,정상에서 폴링 인 러브,특수배경 (움짤),스포츠,https://raw.githubusercontent.com/JforPlay/data_for_toy/main/skin_shipyard/403021.webp
403022,블뤼허,날아오르는 버닝 하트,배경,이세계 모험,https://raw.githubusercontent.com/JforPlay/data_for_toy/main/skin_shipyard/403022.webp
403023,블뤼허,방과 후의 기다림☆,배경,,https://raw.githubusercontent.com/JforPlay/data_for_toy/main/skin_shipyard/403023.webp
403030,프린츠 오이겐,프린츠 오이겐,X,,https://raw.githubusercontent.com/JforPlay/data_for_toy/main/skin_shipyard/403030.webp
403031,프린츠 오이겐,변치 않는 미소,배경,수영복,https://raw.githubusercontent.com/JforPlay/data_for_toy/main/skin_shipyard/403031.webp
403032,프린츠 오이겐,백화요란,배경,정월,https://raw.githubusercontent.com/JforPlay/data_for_toy/main/skin_shipyard/403032.webp
403033,프린츠 오이겐,Wein Kornblume,배경,파티,https://raw.githubusercontent.com/JforPlay/data_for_toy/main/skin_shipyard/403033.webp
403034,프린츠 오이겐,Final Lap,"L2D, 특수배경 (움짤)",극속광열,https://raw.githubusercontent.com/JforPlay/data_for_toy/main/skin_shipyard/403034.webp
403035,프린츠 오이겐,이 밤에 취해라,"L2D, 배경",메이드 타임,https://raw.githubusercontent.com/JforPlay/data_for_toy/main/skin_shipyard/403035.webp
403036,프린츠 오이겐,브릴리언트 터치다운,"배경, 쁘띠모션",스포츠,https://raw.githubusercontent.com/JforPlay/data_for_toy/main/skin_shipyard/403036.webp
403037,프린츠 오이겐,취기와 밀당 사이,"L2D+, 배경",카니발,https://raw.githubusercontent.com/JforPlay/data_for_toy/main/skin_shipyard/403037.webp
403038,프린츠 오이겐,운명의 교향곡,X,서약,https://raw.githubusercontent.com/JforPlay/data_for_toy/main/skin_shipyard/403038.webp
403040,도이칠란트,도이칠란트,X,,https://raw.githubusercontent.com/JforPlay/data_for_toy/main/skin_shipyard/403040.webp
403041,도이칠란트,칠흑의 마희,X,파티,https://raw.githubusercontent.com/JforPlay/data_for_toy/main/skin_shipyard/403041.webp
403042,도이칠란트,서비스 타임?,"L2D, 배경",수영복,https://raw.githubusercontent.com/JforPlay/data_for_toy/main/skin_shipyard/403042.webp
403043,도이칠란트,마희의 나이트 파티,배경,파티,https://raw.githubusercontent.com/JforPlay/data_for_toy/main/skin_shipyard/403043.webp
403044,도이칠란트,등불 아래의 지배자,특수배경 (움짤),이스트 글림 스타일,https://raw.githubusercontent.com/JforPlay/data_for_toy/main/skin_shipyard/403044.webp
403050,아드미랄 그라프 슈피,아드미랄 그라프 슈피,X,,https://raw.githubusercontent.com/JforPlay/data_for_toy/main/skin_shipyard/403050.webp
403051,아드미랄 그라프 슈피,소녀의 일요일,배경,학교,https://raw.githubusercontent.com/JforPlay/data_for_toy/main/skin_shipyard/403051.webp
403052,아드미랄 그라프 슈피,평온한 나날,X,사복,https://raw.githubusercontent.com/JforPlay/data_for_toy/main/skin_shipyard/403052.webp
403053,아드미랄 그라프 슈피,비밀 연회,배경,파티,https://raw.githubusercontent.com/JforPlay/data_for_toy/main/skin_shipyard/403053.webp
403054,아드미랄 그라프 슈피,메탈 블러드♥귀여워,"L2D, 특수배경 (움짤)",Live,https://raw.githubusercontent.com/JforPlay/data_for_toy/main/skin_shipyard/403054.webp
403070,아드미랄 히퍼(μ장비),아드미랄 히퍼(μ장비),X,,https://raw.githubusercontent.com/JforPlay/data_for_toy/main/skin_shipyard/403070.webp
403080,론(μ장비),론(μ장비),X,,https://raw.githubusercontent.com/JforPlay/data_for_toy/main/skin_shipyard/403080.webp
403090,프린츠 하인리히,프린츠 하인리히,X,,https://raw.githubusercontent.com/JforPlay/data_for_toy/main/skin_shipyard/403090.webp
403091,프린츠 하인리히,화려한 불꽃의 봄그림,배경,정월,https://raw.githubusercontent.com/JforPlay/data_for_toy/main/skin_shipyard/403091.webp
403092,프린츠 하인리히,세이프티 래빗,"L2D, 배경",수영복,https://raw.githubusercontent.com/JforPlay/data_for_toy/main/skin_shipyard/403092.webp
403093,프린츠 하인리히,어두운 곳의 히든 보스?,배경,학교,https://raw.githubusercontent.com/JforPlay/data_for_toy/main/skin_shipyard/403093.webp
403094,프린츠 하인리히,하인리히 온스테이지,특수배경 (움짤),파티,https://raw.githubusercontent.com/JforPlay/data_for_toy/main/skin_shipyard/403094.webp
403100,프린츠 아달베르트,프린츠 아달베르트,X,,https://raw.githubusercontent.com/JforPlay/data_for_toy/main/skin_shipyard/403100.webp
403101,프린츠 아달베르트,폐점 후의 특별 시간,"L2D, 배경",메이드 타임,https://raw.githubusercontent.com/JforPlay/data_for_toy/main/skin_shipyard/403101.webp
403102,프린츠 아달베르트,욕실에서 일어난 사고,"L2D, 배경",홈웨어,https://raw.githubusercontent.com/JforPlay/data_for_toy/main/skin_shipyard/403102.webp
403103,프린츠 아달베르트,흑백 마술사,"쁘띠모션, 배경",동화 속 세계,https://raw.githubusercontent.com/JforPlay/data_for_toy/main/skin_shipyard/403103.webp
403110,요르크,요르크,X,,https://raw.githubusercontent.com/JforPlay/data_for_toy/main/skin_shipyard/403110.webp
403111,요르크,주월의 파괴자,배경,블러드 문,https://raw.githubusercontent.com/JforPlay/data_for_toy/main/skin_shipyard/403111.webp
403112,요르크,밤의 동반자,"배경, 쁘띠모션",수영복,https://raw.githubusercontent.com/JforPlay/data_for_toy/main/skin_shipyard/403112.webp
403120,꼬마 프린츠 오이겐,꼬마 프린츠 오이겐,X,,https://raw.githubusercontent.com/JforPlay/data_for_toy/main/skin_shipyard/403120.webp
403130,꼬마 슈피,꼬마 슈피,X,,https://raw.githubusercontent.com/JforPlay/data_for_toy/main/skin_shipyard/403130.webp
403140,프리드리히 카를,프리드리히 카를,X,,https://raw.githubusercontent.com/JforPlay/data_for_toy/main/skin_shipyard/403140.webp
403141,프리드리히 카를,다디단 한낮의 유희,배경,홈웨어,https://raw.githubusercontent.com/JforPlay/data_for_toy/main/skin_shipyard/403141.webp
403142,프리드리히 카를,사랑의 서머 케어,"L2D, 배경",수영복,https://raw.githubusercontent.com/JforPlay/data_for_toy/main/skin_shipyard/403142.webp
403150,프린츠 오이겐(μ장비),프린츠 오이겐(μ장비),X,,https://raw.githubusercontent.com/JforPlay/data_for_toy/main/skin_shipyard/403150.webp
403160,꼬마 에기르,꼬마 에기르,X,,https://raw.githubusercontent.com/JforPlay/data_for_toy/main/skin_shipyard/403160.webp
403170,프린츠 모리츠,프린츠 모리츠,X,,https://raw.githubusercontent.com/JforPlay/data_for_toy/main/skin_shipyard/403170.webp
403171,프린츠 모리츠,램프 마인의 소원 게임,"중파 일러, 배경",수영복,https://raw.githubusercontent.com/JforPlay/data_for_toy/main/skin_shipyard/403171.webp
404010,샤른호르스트,샤른호르스트,X,,https://raw.githubusercontent.com/JforPlay/data_for_toy/main/skin_shipyard/404010.webp
404011,샤른호르스트,설표와 매화,특수배경 (움짤),이스트 글림 스타일,https://raw.githubusercontent.com/JforPlay/data_for_toy/main/skin_shipyard/404011.webp
404020,그나이제나우,그나이제나우,X,,https://raw.githubusercontent.com/JforPlay/data_for_toy/main/skin_shipyard/404020.webp
404021,그나이제나우,서큐버스 나이트메어,"L2D, 배경",할로윈,https://raw.githubusercontent.com/JforPlay/data_for_toy/main/skin_shipyard/404021.webp
404030,자이틀리츠,자이틀리츠,X,,https://raw.githubusercontent.com/JforPlay/data_for_toy/main/skin_shipyard/404030.webp
404031,자이틀리츠,암멸의 족보,배경,블러드 문,https://raw.githubusercontent.com/JforPlay/data_for_toy/main/skin_shipyard/404031.webp
404032,자이틀리츠,플라워리 리버레이션,특수배경 (움짤),파티,https://raw.githubusercontent.com/JforPlay/data_for_toy/main/skin_shipyard/404032.webp
404033,자이틀리츠,오피서즈 스트리트!,배경,사복,https://raw.githubusercontent.com/JforPlay/data_for_toy/main/skin_shipyard/404033.webp
404034,자이틀리츠,더블 이머전시,배경,특수 훈련,https://raw.githubusercontent.com/JforPlay/data_for_toy/main/skin_shipyard/404034.webp
404040,뤼초,뤼초,X,,https://raw.githubusercontent.com/JforPlay/data_for_toy/main/skin_shipyard/404040.webp
404041,뤼초,긴 밤의 노블 레드,"L2D, 배경",블러드 문,https://raw.githubusercontent.com/JforPlay/data_for_toy/main/skin_shipyard/404041.webp
404042,뤼초,뜨거울 때 줘♪,배경,이스트 글림 스타일,https://raw.githubusercontent.com/JforPlay/data_for_toy/main/skin_shipyard/404042.webp
404048,뤼초,슬리핑 화이트 뷰티,X,서약,https://raw.githubusercontent.com/JforPlay/data_for_toy/main/skin_shipyard/404048.webp
404050,브륀힐드,브륀힐드,X,,https://raw.githubusercontent.com/JforPlay/data_for_toy/main/skin_shipyard/404050.webp
404051,브륀힐드,빵 먹는 그라네,배경,스포츠,https://raw.githubusercontent.com/JforPlay/data_for_toy/main/skin_shipyard/404051.webp
404060,알비트,알비트,X,,https://raw.githubusercontent.com/JforPlay/data_for_toy/main/skin_shipyard/404060.webp
404061,알비트,무스펠헤임의 비밀,"배경, 쁘띠모션",오피스 타임,https://raw.githubusercontent.com/JforPlay/data_for_toy/main/skin_shipyard/404061.webp
404070,아드미랄 젠커,아드미랄 젠커,X,,https://raw.githubusercontent.com/JforPlay/data_for_toy/main/skin_shipyard/404070.webp
404071,아드미랄 젠커,두근두근 심문 시간,"L2D, 배경",특수 훈련,https://raw.githubusercontent.com/JforPlay/data_for_toy/main/skin_shipyard/404071.webp
405010,비스마르크,비스마르크,X,,https://raw.githubusercontent.com/JforPlay/data_for_toy/main/skin_shipyard/405010.webp
405011,비스마르크,메탈 블러드의 영광,"L2D, 배경",파티,https://raw.githubusercontent.com/JforPlay/data_for_toy/main/skin_shipyard/405011.webp
405012,비스마르크,아이언 블랙 엘리시움,배경,메이드 타임,https://raw.githubusercontent.com/JforPlay/data_for_toy/main/skin_shipyard/405012.webp
405013,비스마르크,언팩드 서프라이즈,"L2D, 배경",크리스마스,https://raw.githubusercontent.com/JforPlay/data_for_toy/main/skin_shipyard/405013.webp
405018,비스마르크,웨딩 도미니언,X,서약,https://raw.githubusercontent.com/JforPlay/data_for_toy/main/skin_shipyard/405018.webp
405020,티르피츠,티르피츠,X,,https://raw.githubusercontent.com/JforPlay/data_for_toy/main/skin_shipyard/405020.webp
405021,티르피츠,얼음이 녹는 여름,"L2D, 배경",수영복,https://raw.githubusercontent.com/JforPlay/data_for_toy/main/skin_shipyard/405021.webp
405022,티르피츠,메탈 블러드의 아이스 윈드,배경,파티,https://raw.githubusercontent.com/JforPlay/data_for_toy/main/skin_shipyard/405022.webp
405023,티르피츠,송절과 하얀 빙화,특수배경 (움짤),정월,https://raw.githubusercontent.com/JforPlay/data_for_toy/main/skin_shipyard/405023.webp
405024,티르피츠,빼어난 빙화,배경,이스트 글림 스타일,https://raw.githubusercontent.com/JforPlay/data_for_toy/main/skin_shipyard/405024.webp
405025,티르피츠,트래킹 어웨이트,배경,극속광열,https://raw.githubusercontent.com/JforPlay/data_for_toy/main/skin_shipyard/405025.webp
405030,울리히 폰 후텐,울리히 폰 후텐,X,,https://raw.githubusercontent.com/JforPlay/data_for_toy/main/skin_shipyard/405030.webp
405031,울리히 폰 후텐,Mädchen Trümmer,"L2D, 배경",메이드 타임,https://raw.githubusercontent.com/JforPlay/data_for_toy/main/skin_shipyard/405031.webp
405032,울리히 폰 후텐,고고한 이그니션 타임,"L2D, 특수배경 (움짤)",극속광열,https://raw.githubusercontent.com/JforPlay/data_for_toy/main/skin_shipyard/405032.webp
405033,울리히 폰 후텐,교실 안의 기다림,"쁘띠모션, 배경",학교,https://raw.githubusercontent.com/JforPlay/data_for_toy/main/skin_shipyard/405033.webp
405038,울리히 폰 후텐,사랑이라는 이름의 독,배경,서약,https://raw.githubusercontent.com/JforPlay/data_for_toy/main/skin_shipyard/405038.webp
405040,튀링겐,튀링겐,X,,https://raw.githubusercontent.com/JforPlay/data_for_toy/main/skin_shipyard/405040.webp
405041,튀링겐,월하의 대청소,배경,블러드 문,https://raw.githubusercontent.com/JforPlay/data_for_toy/main/skin_shipyard/405041.webp
405050,비스마르크 Zwei,비스마르크 Zwei,X,,https://raw.githubusercontent.com/JforPlay/data_for_toy/main/skin_shipyard/405050.webp
405051,비스마르크 Zwei,청명한 뷘트슈틸레,"배경, 쁘띠모션",수영복,https://raw.githubusercontent.com/JforPlay/data_for_toy/main/skin_shipyard/405051.webp
405052,비스마르크 Zwei,광휘와 마음의 게디히트,쁘띠모션,사복,https://raw.githubusercontent.com/JforPlay/data_for_toy/main/skin_shipyard/405052.webp
405060,꼬마 프리드리히,꼬마 프리드리히,X,,https://raw.githubusercontent.com/JforPlay/data_for_toy/main/skin_shipyard/405060.webp
405070,괴츠 폰 베를리힝겐,괴츠 폰 베를리힝겐,X,,https://raw.githubusercontent.com/JforPlay/data_for_toy/main/skin_shipyard/405070.webp
405071,괴츠 폰 베를리힝겐,환상에 잠긴 붉은 달,"L2D+, 배경",수영복,https://raw.githubusercontent.com/JforPlay/data_for_toy/main/skin_shipyard/405071.webp
406010,베저,베저,X,,https://raw.githubusercontent.com/JforPlay/data_for_toy/main/skin_shipyard/406010.webp
406011,베저,금빛 어둠의 향연,배경,정월,https://raw.githubusercontent.com/JforPlay/data_for_toy/main/skin_shipyard/406011.webp
406012,베저,흑요에 빛나는 블랙 다이아,"L2D, 배경",파티,https://raw.githubusercontent.com/JforPlay/data_for_toy/main/skin_shipyard/406012.webp
406013,베저,아름다운 파도의 낙원,배경,수영복,https://raw.githubusercontent.com/JforPlay/data_for_toy/main/skin_shipyard/406013.webp
406014,베저,Offtime Cafe,배경,메이드 타임,https://raw.githubusercontent.com/JforPlay/data_for_toy/main/skin_shipyard/406014.webp
406020,엘베,엘베,X,,https://raw.githubusercontent.com/JforPlay/data_for_toy/main/skin_shipyard/406020.webp
406021,엘베,놓쳐버린 하이라이트?,배경,메이드 타임,https://raw.githubusercontent.com/JforPlay/data_for_toy/main/skin_shipyard/406021.webp
406022,엘베,청순한 ''악역 아가씨''?,"L2D, 배경",사복,https://raw.githubusercontent.com/JforPlay/data_for_toy/main/skin_shipyard/406022.webp
406030,야드,야드,X,,https://raw.githubusercontent.com/JforPlay/data_for_toy/main/skin_shipyard/406030.webp
406031,야드,한여름을 꿀꺽,배경,수영복,https://raw.githubusercontent.com/JforPlay/data_for_toy/main/skin_shipyard/406031.webp
406032,야드,착한 아이의 두근두근 매직,배경,이세계 모험,https://raw.githubusercontent.com/JforPlay/data_for_toy/main/skin_shipyard/406032.webp
407010,그라프 체펠린,그라프 체펠린,X,,https://raw.githubusercontent.com/JforPlay/data_for_toy/main/skin_shipyard/407010.webp
407011,그라프 체펠린,모래사장의 우르즈,"L2D, 배경",수영복,https://raw.githubusercontent.com/JforPlay/data_for_toy/main/skin_shipyard/407011.webp
407012,그라프 체펠린,만취의 붉은 빛,배경,이스트 글림 스타일,https://raw.githubusercontent.com/JforPlay/data_for_toy/main/skin_shipyard/407012.webp
407020,꼬마 그라프 체펠린,꼬마 그라프 체펠린,X,,https://raw.githubusercontent.com/JforPlay/data_for_toy/main/skin_shipyard/407020.webp
407030,페터 슈트라서,페터 슈트라서,X,,https://raw.githubusercontent.com/JforPlay/data_for_toy/main/skin_shipyard/407030.webp
407031,페터 슈트라서,축제의 Chronos,"L2D, 특수배경 (움짤)",정월,https://raw.githubusercontent.com/JforPlay/data_for_toy/main/skin_shipyard/407031.webp
407032,페터 슈트라서,Weiß Uhrzeiger,배경,파티,https://raw.githubusercontent.com/JforPlay/data_for_toy/main/skin_shipyard/407032.webp
407033,페터 슈트라서,서재의 수호 기사,배경,이스트 글림 스타일,https://raw.githubusercontent.com/JforPlay/data_for_toy/main/skin_shipyard/407033.webp
407040,프리츠 루메이,프리츠 루메이,X,,https://raw.githubusercontent.com/JforPlay/data_for_toy/main/skin_shipyard/407040.webp
407041,프리츠 루메이,Schwarzes Kaninchen,"L2D, 배경",카니발,https://raw.githubusercontent.com/JforPlay/data_for_toy/main/skin_shipyard/407041.webp
408010,U-81,U-81,X,,https://raw.githubusercontent.com/JforPlay/data_for_toy/main/skin_shipyard/408010.webp
408011,U-81,정밀한 세레나데,배경,파티,https://raw.githubusercontent.com/JforPlay/data_for_toy/main/skin_shipyard/408011.webp
408012,U-81,등불이 비춘 보름달,특수배경 (움짤),이스트 글림 스타일,https://raw.githubusercontent.com/JforPlay/data_for_toy/main/skin_shipyard/408012.webp
408020,U-47,U-47,X,,https://raw.githubusercontent.com/JforPlay/data_for_toy/main/skin_shipyard/408020.webp
408021,U-47,비기너 라이더?,배경,사복,https://raw.githubusercontent.com/JforPlay/data_for_toy/main/skin_shipyard/408021.webp
408022,U-47,Eigenen Raum,배경,파티,https://raw.githubusercontent.com/JforPlay/data_for_toy/main/skin_shipyard/408022.webp
408023,U-47,어반 메이드,X,메이드 타임,https://raw.githubusercontent.com/JforPlay/data_for_toy/main/skin_shipyard/408023.webp
408024,U-47,나른한 붉은 달밤,배경,블러드 문,https://raw.githubusercontent.com/JforPlay/data_for_toy/main/skin_shipyard/408024.webp
408025,U-47,다이나믹 라이징,특수배경 (움짤),이스트 글림 스타일,https://raw.githubusercontent.com/JforPlay/data_for_toy/main/skin_shipyard/408025.webp
408030,U-557,U-557,X,,https://raw.githubusercontent.com/JforPlay/data_for_toy/main/skin_shipyard/408030.webp
408040,U-556,U-556,X,,https://raw.githubusercontent.com/JforPlay/data_for_toy/main/skin_shipyard/408040.webp
408041,U-556,해피 나이트,X,파티,https://raw.githubusercontent.com/JforPlay/data_for_toy/main/skin_shipyard/408041.webp
408042,U-556,Cruiserush Knight,배경,웨스턴,https://raw.githubusercontent.com/JforPlay/data_for_toy/main/skin_shipyard/408042.webp
408050,U-73,U-73,X,,https://raw.githubusercontent.com/JforPlay/data_for_toy/main/skin_shipyard/408050.webp
408051,U-73,이과 실험 시간!,X,학교,https://raw.githubusercontent.com/JforPlay/data_for_toy/main/skin_shipyard/408051.webp
408052,U-73,초봄의 뜨거운 케미컬 포션,특수배경 (움짤),이스트 글림 스타일,https://raw.githubusercontent.com/JforPlay/data_for_toy/main/skin_shipyard/408052.webp
408060,U-101,U-101,X,,https://raw.githubusercontent.com/JforPlay/data_for_toy/main/skin_shipyard/408060.webp
408061,U-101,학교의 Posaunist,배경,학교,https://raw.githubusercontent.com/JforPlay/data_for_toy/main/skin_shipyard/408061.webp
408070,U-522,U-522,X,,https://raw.githubusercontent.com/JforPlay/data_for_toy/main/skin_shipyard/408070.webp
408080,U-110,U-110,X,,https://raw.githubusercontent.com/JforPlay/data_for_toy/main/skin_shipyard/408080.webp
408081,U-110,Kleiner Hai,배경,학교,https://raw.githubusercontent.com/JforPlay/data_for_toy/main/skin_shipyard/408081.webp
408082,U-110,상어 귀여미,특수배경 (움짤),파티,https://raw.githubusercontent.com/JforPlay/data_for_toy/main/skin_shipyard/408082.webp
408083,U-110,아이돌 귀여미,특수배경 (움짤),Live,https://raw.githubusercontent.com/JforPlay/data_for_toy/main/skin_shipyard/408083.webp
408084,U-110,꼬마 상어의 첫 꿈,배경,정월,https://raw.githubusercontent.com/JforPlay/data_for_toy/main/skin_shipyard/408084.webp
408085,U-110,샤크 인 더 스프링,특수배경 (움짤),이스트 글림 스타일,https://raw.githubusercontent.com/JforPlay/data_for_toy/main/skin_shipyard/408085.webp
408090,U-96,U-96,X,,https://raw.githubusercontent.com/JforPlay/data_for_toy/main/skin_shipyard/408090.webp
408091,U-96,비밀의 게임 시간,배경,홈웨어,https://raw.githubusercontent.com/JforPlay/data_for_toy/main/skin_shipyard/408091.webp
408092,U-96,바벨은 몇 키로까지?,배경,스포츠,https://raw.githubusercontent.com/JforPlay/data_for_toy/main/skin_shipyard/408092.webp
408093,U-96,Wolfen Dolly,"쁘띠모션, 배경",극속광열,https://raw.githubusercontent.com/JforPlay/data_for_toy/main/skin_shipyard/408093.webp
408100,U-37,U-37,X,,https://raw.githubusercontent.com/JforPlay/data_for_toy/main/skin_shipyard/408100.webp
408101,U-37,물거품처럼 노래하는 정월,배경,정월,https://raw.githubusercontent.com/JforPlay/data_for_toy/main/skin_shipyard/408101.webp
408102,U-37,로드 피스 메이커스,배경,특수 훈련,https://raw.githubusercontent.com/JforPlay/data_for_toy/main/skin_shipyard/408102.webp
408110,U-410,U-410,X,,https://raw.githubusercontent.com/JforPlay/data_for_toy/main/skin_shipyard/408110.webp
408111,U-410,봄을 비추는 매화,특수배경 (움짤),이스트 글림 스타일,https://raw.githubusercontent.com/JforPlay/data_for_toy/main/skin_shipyard/408111.webp
408112,U-410,여유로운 응원 연습,X,스포츠,https://raw.githubusercontent.com/JforPlay/data_for_toy/main/skin_shipyard/408112.webp
408120,U-1206,U-1206,X,,https://raw.githubusercontent.com/JforPlay/data_for_toy/main/skin_shipyard/408120.webp
408121,U-1206,도움이 필요하면 벨 눌러!,배경,메이드 타임,https://raw.githubusercontent.com/JforPlay/data_for_toy/main/skin_shipyard/408121.webp
408130,U-31,U-31,X,,https://raw.githubusercontent.com/JforPlay/data_for_toy/main/skin_shipyard/408130.webp
408131,U-31,같이 귀가하기 전에,배경,학교,https://raw.githubusercontent.com/JforPlay/data_for_toy/main/skin_shipyard/408131.webp
408140,U-552,U-552,X,,https://raw.githubusercontent.com/JforPlay/data_for_toy/main/skin_shipyard/408140.webp
408141,U-552,특별 관광 서비스,배경,특수 훈련,https://raw.githubusercontent.com/JforPlay/data_for_toy/main/skin_shipyard/408141.webp
408150,U-2501,U-2501,X,,https://raw.githubusercontent.com/JforPlay/data_for_toy/main/skin_shipyard/408150.webp
408151,U-2501,물의 장막 너머의 보물,"L2D, 배경",수영복,https://raw.githubusercontent.com/JforPlay/data_for_toy/main/skin_shipyard/408151.webp
431230,Z23,시크릿 리빙룸,배경,홈웨어,https://raw.githubusercontent.com/JforPlay/data_for_toy/main/skin_shipyard/431230.webp
431232,Z23,강화 실패？！,배경,이세계 모험,https://raw.githubusercontent.com/JforPlay/data_for_toy/main/skin_shipyard/431232.webp
431233,Z23,무도회와 검은 장미,배경,파티,https://raw.githubusercontent.com/JforPlay/data_for_toy/main/skin_shipyard/431233.webp
431234,Z23,기상의 묵희,특수배경 (움짤),이스트 글림 스타일,https://raw.githubusercontent.com/JforPlay/data_for_toy/main/skin_shipyard/431234.webp
499010,론,론,X,,https://raw.githubusercontent.com/JforPlay/data_for_toy/main/skin_shipyard/499010.webp
499011,론,다크레드 스마일,배경,파티,https://raw.githubusercontent.com/JforPlay/data_for_toy/main/skin_shipyard/499011.webp
499012,론,초록과 파랑의 편안함,"L2D, 배경",이스트 글림 스타일,https://raw.githubusercontent.com/JforPlay/data_for_toy/main/skin_shipyard/499012.webp
499013,론,암청빛 두근거림,배경,사복,https://raw.githubusercontent.com/JforPlay/data_for_toy/main/skin_shipyard/499013.webp
499018,론,포옹 속의 심연,배경,서약,https://raw.githubusercontent.com/JforPlay/data_for_toy/main/skin_shipyard/499018.webp
499020,프리드리히 데어 그로세,프리드리히 데어 그로세,X,,https://raw.githubusercontent.com/JforPlay/data_for_toy/main/skin_shipyard/499020.webp
499021,프리드리히 데어 그로세,아악의 어둠,배경,정월,https://raw.githubusercontent.com/JforPlay/data_for_toy/main/skin_shipyard/499021.webp
499022,프리드리히 데어 그로세,한여름 밤의 만남,"L2D, 배경",수영복,https://raw.githubusercontent.com/JforPlay/data_for_toy/main/skin_shipyard/499022.webp
499023,프리드리히 데어 그로세,"은은한 침실의 불꽃 (듀얼, L2D, 배경)","듀얼, L2D, 배경",이스트 글림 스타일,https://raw.githubusercontent.com/JforPlay/data_for_toy/main/skin_shipyard/499023.webp
499024,프리드리히 데어 그로세,"은은한 침실의 불꽃 (듀얼, 쁘띠모션, 배경)","듀얼, 쁘띠모션, 배경",이스트 글림 스타일,https://raw.githubusercontent.com/JforPlay/data_for_toy/main/skin_shipyard/499024.webp
499028,프리드리히 데어 그로세,요람의 Zeremonie,X,서약,https://raw.githubusercontent.com/JforPlay/data_for_toy/main/skin_shipyard/499028.webp
499030,마인츠,마인츠,X,,https://raw.githubusercontent.com/JforPlay/data_for_toy/main/skin_shipyard/499030.webp
499032,마인츠,커피와 얇은 천,배경,온천 타임,https://raw.githubusercontent.com/JforPlay/data_for_toy/main/skin_shipyard/499032.webp
499033,마인츠,세레니티 블렌드,"L2D, 배경",이스트 글림 스타일,https://raw.githubusercontent.com/JforPlay/data_for_toy/main/skin_shipyard/499033.webp
499040,오딘,오딘,X,,https://raw.githubusercontent.com/JforPlay/data_for_toy/main/skin_shipyard/499040.webp
499041,오딘,휘호창설,배경,정월,https://raw.githubusercontent.com/JforPlay/data_for_toy/main/skin_shipyard/499041.webp
499050,에기르,에기르,X,,https://raw.githubusercontent.com/JforPlay/data_for_toy/main/skin_shipyard/499050.webp
499051,에기르,모항의 드래곤 메이드,"L2D, 배경",메이드 타임,https://raw.githubusercontent.com/JforPlay/data_for_toy/main/skin_shipyard/499051.webp
499052,에기르,상운을 오르는 금룡,"L2D, 배경",이스트 글림 스타일,https://raw.githubusercontent.com/JforPlay/data_for_toy/main/skin_shipyard/499052.webp
499053,에기르,한가한 마물의 휴식 시간,"L2D, 배경",홈웨어,https://raw.githubusercontent.com/JforPlay/data_for_toy/main/skin_shipyard/499053.webp
499060,아우구스트 폰 파르제팔,아우구스트 폰 파르제팔,X,,https://raw.githubusercontent.com/JforPlay/data_for_toy/main/skin_shipyard/499060.webp
499061,아우구스트 폰 파르제팔,메이드 마녀,배경,메이드 타임,https://raw.githubusercontent.com/JforPlay/data_for_toy/main/skin_shipyard/499061.webp
499062,아우구스트 폰 파르제팔,마녀의 오후,"쁘띠모션, 배경",홈웨어,https://raw.githubusercontent.com/JforPlay/data_for_toy/main/skin_shipyard/499062.webp
499063,아우구스트 폰 파르제팔,위치 스타 랑데부,"L2D+, 특수배경 (움짤)",파티,https://raw.githubusercontent.com/JforPlay/data_for_toy/main/skin_shipyard/499063.webp
499070,프린츠 루프레히트,프린츠 루프레히트,X,,https://raw.githubusercontent.com/JforPlay/data_for_toy/main/skin_shipyard/499070.webp
499071,프린츠 루프레히트,드래곤의 용문 오르기?,"L2D, 배경",이스트 글림 스타일,https://raw.githubusercontent.com/JforPlay/data_for_toy/main/skin_shipyard/499071.webp
499072,프린츠 루프레히트,미드나이트 펄,배경,동화 속 세계,https://raw.githubusercontent.com/JforPlay/data_for_toy/main/skin_shipyard/499072.webp
499080,펠릭스 슐츠,펠릭스 슐츠,X,,https://raw.githubusercontent.com/JforPlay/data_for_toy/main/skin_shipyard/499080.webp
499081,펠릭스 슐츠,스윗 리벤저,배경,메이드 타임,https://raw.githubusercontent.com/JforPlay/data_for_toy/main/skin_shipyard/499081.webp
499090,힌덴부르크,힌덴부르크,X,,https://raw.githubusercontent.com/JforPlay/data_for_toy/main/skin_shipyard/499090.webp
499091,힌덴부르크,패럴리틱 버서스,"L2D, 배경",카니발,https://raw.githubusercontent.com/JforPlay/data_for_toy/main/skin_shipyard/499091.webp
499092,힌덴부르크,매혹하는 심계의 춤,"L2D, 배경",이스트 글림 스타일,https://raw.githubusercontent.com/JforPlay/data_for_toy/main/skin_shipyard/499092.webp
499100,메클렌부르크,메클렌부르크,X,,https://raw.githubusercontent.com/JforPlay/data_for_toy/main/skin_shipyard/499100.webp
499101,메클렌부르크,낙인의 헥세라이,"L2D+, 배경",메이드 타임,https://raw.githubusercontent.com/JforPlay/data_for_toy/main/skin_shipyard/499101.webp
499110,막스 임멜만,막스 임멜만,X,,https://raw.githubusercontent.com/JforPlay/data_for_toy/main/skin_shipyard/499110.webp
501010,안샨,안샨,X,,https://raw.githubusercontent.com/JforPlay/data_for_toy/main/skin_shipyard/501010.webp
501012,안샨,석양과 그 사람,배경,학교,https://raw.githubusercontent.com/JforPlay/data_for_toy/main/skin_shipyard/501012.webp
501019,안샨,안샨·改,X,개조,https://raw.githubusercontent.com/JforPlay/data_for_toy/main/skin_shipyard/501019.webp
501020,푸슌,푸슌,X,,https://raw.githubusercontent.com/JforPlay/data_for_toy/main/skin_shipyard/501020.webp
501021,푸슌,사천왕의 빠오즈 낚시,배경,이스트 글림 스타일,https://raw.githubusercontent.com/JforPlay/data_for_toy/main/skin_shipyard/501021.webp
501029,푸슌,푸슌·改,X,개조,https://raw.githubusercontent.com/JforPlay/data_for_toy/main/skin_shipyard/501029.webp
501030,창춘,창춘,X,,https://raw.githubusercontent.com/JforPlay/data_for_toy/main/skin_shipyard/501030.webp
501031,창춘,춘계사양,배경,이스트 글림 스타일,https://raw.githubusercontent.com/JforPlay/data_for_toy/main/skin_shipyard/501031.webp
501032,창춘,행운이 깃들기를,특수배경 (움짤),이스트 글림 스타일,https://raw.githubusercontent.com/JforPlay/data_for_toy/main/skin_shipyard/501032.webp
501039,창춘,창춘·改,X,개조,https://raw.githubusercontent.com/JforPlay/data_for_toy/main/skin_shipyard/501039.webp
501040,타이위안,타이위안,X,,https://raw.githubusercontent.com/JforPlay/data_for_toy/main/skin_shipyard/501040.webp
501041,타이위안,봄을 깨우는 검은 거북이,"L2D, 배경",이스트 글림 스타일,https://raw.githubusercontent.com/JforPlay/data_for_toy/main/skin_shipyard/501041.webp
501042,타이위안,두근두근 곁잠,배경,홈웨어,https://raw.githubusercontent.com/JforPlay/data_for_toy/main/skin_shipyard/501042.webp
501049,타이위안,타이위안·改,X,개조,https://raw.githubusercontent.com/JforPlay/data_for_toy/main/skin_shipyard/501049.webp
501050,롱우,롱우,X,,https://raw.githubusercontent.com/JforPlay/data_for_toy/main/skin_shipyard/501050.webp
501051,롱우,승천하는 용의 새해 연회,"L2D, 특수배경 (움짤)",이스트 글림 스타일,https://raw.githubusercontent.com/JforPlay/data_for_toy/main/skin_shipyard/501051.webp
501052,롱우,유연한 푸른 바다,배경,수영복,https://raw.githubusercontent.com/JforPlay/data_for_toy/main/skin_shipyard/501052.webp
501060,후번,후번,X,,https://raw.githubusercontent.com/JforPlay/data_for_toy/main/skin_shipyard/501060.webp
501061,후번,호무영춘,"특수배경 (움짤), 쁘띠모션",이스트 글림 스타일,https://raw.githubusercontent.com/JforPlay/data_for_toy/main/skin_shipyard/501061.webp
501070,페이윈,페이윈,X,,https://raw.githubusercontent.com/JforPlay/data_for_toy/main/skin_shipyard/501070.webp
501071,페이윈,하늘에 뜬 구름,특수배경 (움짤),이스트 글림 스타일,https://raw.githubusercontent.com/JforPlay/data_for_toy/main/skin_shipyard/501071.webp
501072,페이윈,페이윈 님의 설탕 포탄,배경,이스트 글림 스타일,https://raw.githubusercontent.com/JforPlay/data_for_toy/main/skin_shipyard/501072.webp
501080,창펑,창펑,X,,https://raw.githubusercontent.com/JforPlay/data_for_toy/main/skin_shipyard/501080.webp
501081,창펑,따뜻한 대청소,배경,이스트 글림 스타일,https://raw.githubusercontent.com/JforPlay/data_for_toy/main/skin_shipyard/501081.webp
501082,창펑,벽옥보다 푸른 천청색,배경,이스트 글림 스타일,https://raw.githubusercontent.com/JforPlay/data_for_toy/main/skin_shipyard/501082.webp
501090,푸보,푸보,X,,https://raw.githubusercontent.com/JforPlay/data_for_toy/main/skin_shipyard/501090.webp
501091,푸보,잠재우기 힘든 짓궂은 파도,배경,이스트 글림 스타일,https://raw.githubusercontent.com/JforPlay/data_for_toy/main/skin_shipyard/501091.webp
502010,얏센,얏센,X,,https://raw.githubusercontent.com/JforPlay/data_for_toy/main/skin_shipyard/502010.webp
502011,얏센,진수아미,"배경, 쁘띠모션",이스트 글림 스타일,https://raw.githubusercontent.com/JforPlay/data_for_toy/main/skin_shipyard/502011.webp
502012,얏센,청차의 향기,"배경, 브금",이스트 글림 스타일,https://raw.githubusercontent.com/JforPlay/data_for_toy/main/skin_shipyard/502012.webp
502013,얏센,부풍에 이는 흰 파도,"쁘띠모션, 배경",수영복,https://raw.githubusercontent.com/JforPlay/data_for_toy/main/skin_shipyard/502013.webp
502018,얏센,봉관하피,X,서약,https://raw.githubusercontent.com/JforPlay/data_for_toy/main/skin_shipyard/502018.webp
502019,얏센,얏센·改,X,개조,https://raw.githubusercontent.com/JforPlay/data_for_toy/main/skin_shipyard/502019.webp
502020,닝하이,닝하이,X,,https://raw.githubusercontent.com/JforPlay/data_for_toy/main/skin_shipyard/502020.webp
502021,닝하이,식욕의 여름!,배경,수영복,https://raw.githubusercontent.com/JforPlay/data_for_toy/main/skin_shipyard/502021.webp
502022,닝하이,달궁전의 토끼,X,기타,https://raw.githubusercontent.com/JforPlay/data_for_toy/main/skin_shipyard/502022.webp
502023,닝하이,이스트 글림 시스터즈!・N,"L2D, 특수배경 (움짤)",Live,https://raw.githubusercontent.com/JforPlay/data_for_toy/main/skin_shipyard/502023.webp
502024,닝하이,새해맞이 여행!,배경,이스트 글림 스타일,https://raw.githubusercontent.com/JforPlay/data_for_toy/main/skin_shipyard/502024.webp
502025,닝하이,보랏빛 연회,특수배경 (움짤),파티,https://raw.githubusercontent.com/JforPlay/data_for_toy/main/skin_shipyard/502025.webp
502026,닝하이,닝닝의 친구,X,사복,https://raw.githubusercontent.com/JforPlay/data_for_toy/main/skin_shipyard/502026.webp
502027,닝하이,정신없는 설날의 주방,X,메이드 타임,https://raw.githubusercontent.com/JforPlay/data_for_toy/main/skin_shipyard/502027.webp
502029,닝하이,닝하이·改,X,개조,https://raw.githubusercontent.com/JforPlay/data_for_toy/main/skin_shipyard/502029.webp
502030,핑하이,핑하이,X,,https://raw.githubusercontent.com/JforPlay/data_for_toy/main/skin_shipyard/502030.webp
502031,핑하이,신나는 여름?!,배경,수영복,https://raw.githubusercontent.com/JforPlay/data_for_toy/main/skin_shipyard/502031.webp
502032,핑하이,계수나무 꽃의 달토끼,X,기타,https://raw.githubusercontent.com/JforPlay/data_for_toy/main/skin_shipyard/502032.webp
502033,핑하이,이스트 글림 시스터즈!・P,"L2D, 특수배경 (움짤)",Live,https://raw.githubusercontent.com/JforPlay/data_for_toy/main/skin_shipyard/502033.webp
502034,핑하이,미식 원정대!,배경,이스트 글림 스타일,https://raw.githubusercontent.com/JforPlay/data_for_toy/main/skin_shipyard/502034.webp
502035,핑하이,스위트 레드,"L2D, 특수배경 (움짤)",파티,https://raw.githubusercontent.com/JforPlay/data_for_toy/main/skin_shipyard/502035.webp
502036,핑하이,핑핑의 친구,X,사복,https://raw.githubusercontent.com/JforPlay/data_for_toy/main/skin_shipyard/502036.webp
502037,핑하이,뜨거운 연회 준비,배경,메이드 타임,https://raw.githubusercontent.com/JforPlay/data_for_toy/main/skin_shipyard/502037.webp
502039,핑하이,핑하이·改,X,개조,https://raw.githubusercontent.com/JforPlay/data_for_toy/main/skin_shipyard/502039.webp
502040,잉 루이,잉 루이,X,,https://raw.githubusercontent.com/JforPlay/data_for_toy/main/skin_shipyard/502040.webp
502041,잉 루이,한송설난,특수배경 (움짤),이스트 글림 스타일,https://raw.githubusercontent.com/JforPlay/data_for_toy/main/skin_shipyard/502041.webp
502042,잉 루이,장난치는 송매화·上,"L2D, 배경",이스트 글림 스타일,https://raw.githubusercontent.com/JforPlay/data_for_toy/main/skin_shipyard/502042.webp
502043,잉 루이,푸른 물결과 맑은 여름,"쁘띠모션, 배경",수영복,https://raw.githubusercontent.com/JforPlay/data_for_toy/main/skin_shipyard/502043.webp
502049,잉 루이,잉 루이·改,X,개조,https://raw.githubusercontent.com/JforPlay/data_for_toy/main/skin_shipyard/502049.webp
502050,차오 호,차오 호,X,,https://raw.githubusercontent.com/JforPlay/data_for_toy/main/skin_shipyard/502050.webp
502051,차오 호,화지영매,특수배경 (움짤),이스트 글림 스타일,https://raw.githubusercontent.com/JforPlay/data_for_toy/main/skin_shipyard/502051.webp
502052,차오 호,장난치는 송매화·下,"L2D, 배경",이스트 글림 스타일,https://raw.githubusercontent.com/JforPlay/data_for_toy/main/skin_shipyard/502052.webp
502053,차오 호,"푸른 물결, 빛나는 태양","쁘띠모션, 배경",수영복,https://raw.githubusercontent.com/JforPlay/data_for_toy/main/skin_shipyard/502053.webp
502059,차오 호,차오 호·改,X,개조,https://raw.githubusercontent.com/JforPlay/data_for_toy/main/skin_shipyard/502059.webp
502070,하이티엔,하이티엔,X,,https://raw.githubusercontent.com/JforPlay/data_for_toy/main/skin_shipyard/502070.webp
502071,하이티엔,시의 향이 풍기는 정자,특수배경 (움짤),이스트 글림 스타일,https://raw.githubusercontent.com/JforPlay/data_for_toy/main/skin_shipyard/502071.webp
502072,하이티엔,신선의 춤사위,"특수배경 (움짤), 브금",기타,https://raw.githubusercontent.com/JforPlay/data_for_toy/main/skin_shipyard/502072.webp
502073,하이티엔,괴이가 도량하는 가을밤에,배경,할로윈,https://raw.githubusercontent.com/JforPlay/data_for_toy/main/skin_shipyard/502073.webp
502074,하이티엔,달콤한 마음의 제빵사,배경,이스트 글림 스타일,https://raw.githubusercontent.com/JforPlay/data_for_toy/main/skin_shipyard/502074.webp
502078,하이티엔,난봉화명,X,서약,https://raw.githubusercontent.com/JforPlay/data_for_toy/main/skin_shipyard/502078.webp
502080,하이치,하이치,X,,https://raw.githubusercontent.com/JforPlay/data_for_toy/main/skin_shipyard/502080.webp
502081,하이치,맑은 샘의 악무,특수배경 (움짤),이스트 글림 스타일,https://raw.githubusercontent.com/JforPlay/data_for_toy/main/skin_shipyard/502081.webp
502090,지안,지안,X,,https://raw.githubusercontent.com/JforPlay/data_for_toy/main/skin_shipyard/502090.webp
502091,지안,화등과 밤놀이,특수배경 (움짤),이스트 글림 스타일,https://raw.githubusercontent.com/JforPlay/data_for_toy/main/skin_shipyard/502091.webp
502092,지안,이국의 몽상향,"L2D, 배경",이집트 스타일,https://raw.githubusercontent.com/JforPlay/data_for_toy/main/skin_shipyard/502092.webp
502100,하이롱,하이롱,X,,https://raw.githubusercontent.com/JforPlay/data_for_toy/main/skin_shipyard/502100.webp
502101,하이롱,메이플 임프레션,배경,이스트 글림 스타일,https://raw.githubusercontent.com/JforPlay/data_for_toy/main/skin_shipyard/502101.webp
502120,하이처우,하이처우,X,,https://raw.githubusercontent.com/JforPlay/data_for_toy/main/skin_shipyard/502120.webp
502121,하이처우,잠을 깨우는 진한 향기,"쁘띠모션, ASMR, 배경",이스트 글림 스타일,https://raw.githubusercontent.com/JforPlay/data_for_toy/main/skin_shipyard/502121.webp
503010,지엔우,지엔우,X,,https://raw.githubusercontent.com/JforPlay/data_for_toy/main/skin_shipyard/503010.webp
503011,지엔우,"오늘 밤만을 위한 치장 (듀얼, L2D, 배경)","듀얼, L2D, 배경",이스트 글림 스타일,https://raw.githubusercontent.com/JforPlay/data_for_toy/main/skin_shipyard/503011.webp
503012,지엔우,"오늘 밤만을 위한 치장 (듀얼, 쁘띠모션, 배경)","듀얼, 쁘띠모션, 배경",이스트 글림 스타일,https://raw.githubusercontent.com/JforPlay/data_for_toy/main/skin_shipyard/503012.webp
503013,지엔우,밤샘으로 완성한 명품,"쁘띠모션, 배경",홈웨어,https://raw.githubusercontent.com/JforPlay/data_for_toy/main/skin_shipyard/503013.webp
503020,장우,장우,X,,https://raw.githubusercontent.com/JforPlay/data_for_toy/main/skin_shipyard/503020.webp
503021,장우,"한 가지의 봄, 찬란히 피어나리","L2D+, 특수배경 (움짤)",이스트 글림 스타일,https://raw.githubusercontent.com/JforPlay/data_for_toy/main/skin_shipyard/503021.webp
504010,환창,환창,X,,https://raw.githubusercontent.com/JforPlay/data_for_toy/main/skin_shipyard/504010.webp
504011,환창,월하연무,"배경, 쁘띠모션",이스트 글림 스타일,https://raw.githubusercontent.com/JforPlay/data_for_toy/main/skin_shipyard/504011.webp
506010,젠하이,젠하이,X,,https://raw.githubusercontent.com/JforPlay/data_for_toy/main/skin_shipyard/506010.webp
506011,젠하이,불가사의한 성전,특수배경 (움짤),이스트 글림 스타일,https://raw.githubusercontent.com/JforPlay/data_for_toy/main/skin_shipyard/506011.webp
506012,젠하이,흔들리는 물결,특수배경 (움짤),파티,https://raw.githubusercontent.com/JforPlay/data_for_toy/main/skin_shipyard/506012.webp
506013,젠하이,취원가수,브금,이스트 글림 스타일,https://raw.githubusercontent.com/JforPlay/data_for_toy/main/skin_shipyard/506013.webp
506018,젠하이,붉은 밀월의 밤,배경,서약,https://raw.githubusercontent.com/JforPlay/data_for_toy/main/skin_shipyard/506018.webp
506019,젠하이,젠하이·改,X,개조,https://raw.githubusercontent.com/JforPlay/data_for_toy/main/skin_shipyard/506019.webp
506020,화지아,화지아,X,,https://raw.githubusercontent.com/JforPlay/data_for_toy/main/skin_shipyard/506020.webp
506021,화지아,강시 함선의 봄날 밤,"특수배경 (움짤), 쁘띠모션",이스트 글림 스타일,https://raw.githubusercontent.com/JforPlay/data_for_toy/main/skin_shipyard/506021.webp
506022,화지아,옻칠의 광채,배경,이스트 글림 스타일,https://raw.githubusercontent.com/JforPlay/data_for_toy/main/skin_shipyard/506022.webp
506029,화지아,화지아·改,X,개조,https://raw.githubusercontent.com/JforPlay/data_for_toy/main/skin_shipyard/506029.webp
519010,딩안,딩안,X,,https://raw.githubusercontent.com/JforPlay/data_for_toy/main/skin_shipyard/519010.webp
519011,딩안,백옥유련,배경,이스트 글림 스타일,https://raw.githubusercontent.com/JforPlay/data_for_toy/main/skin_shipyard/519011.webp
519012,딩안,잠입 마케팅?!,배경,동화 속 세계,https://raw.githubusercontent.com/JforPlay/data_for_toy/main/skin_shipyard/519012.webp
599010,하얼빈,하얼빈,X,,https://raw.githubusercontent.com/JforPlay/data_for_toy/main/skin_shipyard/599010.webp
599011,하얼빈,분방한 수천일색,배경,수영복,https://raw.githubusercontent.com/JforPlay/data_for_toy/main/skin_shipyard/599011.webp
599012,하얼빈,한여름 보물선의 돛을 올려라,"쁘띠모션, 배경",수영복,https://raw.githubusercontent.com/JforPlay/data_for_toy/main/skin_shipyard/599012.webp
599018,하얼빈,페오니아 레드,X,서약,https://raw.githubusercontent.com/JforPlay/data_for_toy/main/skin_shipyard/599018.webp
601020,카라비니에레,카라비니에레,X,,https://raw.githubusercontent.com/JforPlay/data_for_toy/main/skin_shipyard/601020.webp
601021,카라비니에레,상쾌한 여름Choice,배경,사복,https://raw.githubusercontent.com/JforPlay/data_for_toy/main/skin_shipyard/601021.webp
601030,빈첸초 조베르티,빈첸초 조베르티,X,,https://raw.githubusercontent.com/JforPlay/data_for_toy/main/skin_shipyard/601030.webp
601032,빈첸초 조베르티,"""숙녀""의 초대",배경,파티,https://raw.githubusercontent.com/JforPlay/data_for_toy/main/skin_shipyard/601032.webp
601040,마에스트라레,마에스트라레,X,,https://raw.githubusercontent.com/JforPlay/data_for_toy/main/skin_shipyard/601040.webp
601041,마에스트라레,론리 비치,배경,수영복,https://raw.githubusercontent.com/JforPlay/data_for_toy/main/skin_shipyard/601041.webp
601050,리베치오,리베치오,X,,https://raw.githubusercontent.com/JforPlay/data_for_toy/main/skin_shipyard/601050.webp
601051,리베치오,수병은 남서쪽으로!,배경,수영복,https://raw.githubusercontent.com/JforPlay/data_for_toy/main/skin_shipyard/601051.webp
601060,니콜로소 다 레코,니콜로소 다 레코,X,,https://raw.githubusercontent.com/JforPlay/data_for_toy/main/skin_shipyard/601060.webp
601061,니콜로소 다 레코,출항 전 한 방!,배경,수영복,https://raw.githubusercontent.com/JforPlay/data_for_toy/main/skin_shipyard/601061.webp
601070,폼페오 마뇨,폼페오 마뇨,X,,https://raw.githubusercontent.com/JforPlay/data_for_toy/main/skin_shipyard/601070.webp
601071,폼페오 마뇨,퀘이버 데이드림,배경,학교,https://raw.githubusercontent.com/JforPlay/data_for_toy/main/skin_shipyard/601071.webp
601080,알프레도 오리아니,알프레도 오리아니,X,,https://raw.githubusercontent.com/JforPlay/data_for_toy/main/skin_shipyard/601080.webp
601081,알프레도 오리아니,화련한 Vivace,배경,댄스,https://raw.githubusercontent.com/JforPlay/data_for_toy/main/skin_shipyard/601081.webp
601090,에마누엘레 페사노,에마누엘레 페사노,X,,https://raw.githubusercontent.com/JforPlay/data_for_toy/main/skin_shipyard/601090.webp
601091,에마누엘레 페사노,무대 뒤의 준비 시간,배경,댄스,https://raw.githubusercontent.com/JforPlay/data_for_toy/main/skin_shipyard/601091.webp
601100,아틸리오 레골로,아틸리오 레골로,X,,https://raw.githubusercontent.com/JforPlay/data_for_toy/main/skin_shipyard/601100.webp
601101,아틸리오 레골로,반짝이는 성,배경,오피스 타임,https://raw.githubusercontent.com/JforPlay/data_for_toy/main/skin_shipyard/601101.webp
601102,아틸리오 레골로,구름 위에 내린 천사,배경,파티,https://raw.githubusercontent.com/JforPlay/data_for_toy/main/skin_shipyard/601102.webp
601110,조수에 카르두치,조수에 카르두치,X,,https://raw.githubusercontent.com/JforPlay/data_for_toy/main/skin_shipyard/601110.webp
601111,조수에 카르두치,포엣 스태빌리티,배경,이집트 스타일,https://raw.githubusercontent.com/JforPlay/data_for_toy/main/skin_shipyard/601111.webp
601120,우골리노 비발디,우골리노 비발디,X,,https://raw.githubusercontent.com/JforPlay/data_for_toy/main/skin_shipyard/601120.webp
601121,우골리노 비발디,서프라이즈 고져스 프라이즈!,X,홈웨어,https://raw.githubusercontent.com/JforPlay/data_for_toy/main/skin_shipyard/601121.webp
602010,두카 델리 아브루치,두카 델리 아브루치,X,,https://raw.githubusercontent.com/JforPlay/data_for_toy/main/skin_shipyard/602010.webp
602011,두카 델리 아브루치,칠흑 같은 인어공주,배경,수영복,https://raw.githubusercontent.com/JforPlay/data_for_toy/main/skin_shipyard/602011.webp
602020,주세페 가리발디,주세페 가리발디,X,,https://raw.githubusercontent.com/JforPlay/data_for_toy/main/skin_shipyard/602020.webp
602021,주세페 가리발디,검은 날개의 노빌멘테,특수배경 (움짤),댄스,https://raw.githubusercontent.com/JforPlay/data_for_toy/main/skin_shipyard/602021.webp
602030,바르톨로메오 콜레오니,바르톨로메오 콜레오니,X,,https://raw.githubusercontent.com/JforPlay/data_for_toy/main/skin_shipyard/602030.webp
602031,바르톨로메오 콜레오니,여제의 연애 공략,배경,이집트 스타일,https://raw.githubusercontent.com/JforPlay/data_for_toy/main/skin_shipyard/602031.webp
602040,알베르토 디 주사노,알베르토 디 주사노,X,,https://raw.githubusercontent.com/JforPlay/data_for_toy/main/skin_shipyard/602040.webp
602041,알베르토 디 주사노,화려한 해프닝,배경,홈웨어,https://raw.githubusercontent.com/JforPlay/data_for_toy/main/skin_shipyard/602041.webp
603010,트렌토,트렌토,X,,https://raw.githubusercontent.com/JforPlay/data_for_toy/main/skin_shipyard/603010.webp
603011,트렌토,멀티플 템테이션,배경,수영복,https://raw.githubusercontent.com/JforPlay/data_for_toy/main/skin_shipyard/603011.webp
603020,차라,차라,X,,https://raw.githubusercontent.com/JforPlay/data_for_toy/main/skin_shipyard/603020.webp
603021,차라,수영장의 우연,"L2D, 배경",수영복,https://raw.githubusercontent.com/JforPlay/data_for_toy/main/skin_shipyard/603021.webp
603030,폴라,폴라,X,,https://raw.githubusercontent.com/JforPlay/data_for_toy/main/skin_shipyard/603030.webp
603031,폴라,물가 해프닝?,"L2D, 배경",수영복,https://raw.githubusercontent.com/JforPlay/data_for_toy/main/skin_shipyard/603031.webp
603040,트리에스테,트리에스테,X,,https://raw.githubusercontent.com/JforPlay/data_for_toy/main/skin_shipyard/603040.webp
603041,트리에스테,기대되는 도시락 시간?,배경,학교,https://raw.githubusercontent.com/JforPlay/data_for_toy/main/skin_shipyard/603041.webp
603042,트리에스테,온천의 이너몰라멘토,"배경, 쁘띠모션",온천 타임,https://raw.githubusercontent.com/JforPlay/data_for_toy/main/skin_shipyard/603042.webp
603043,트리에스테,봄 밤의 붓질,배경,이스트 글림 스타일,https://raw.githubusercontent.com/JforPlay/data_for_toy/main/skin_shipyard/603043.webp
603050,볼차노,볼차노,X,,https://raw.githubusercontent.com/JforPlay/data_for_toy/main/skin_shipyard/603050.webp
603051,볼차노,선무지각,특수배경 (움짤),댄스,https://raw.githubusercontent.com/JforPlay/data_for_toy/main/skin_shipyard/603051.webp
603052,볼차노,아이캐치 트레저,배경,수영복,https://raw.githubusercontent.com/JforPlay/data_for_toy/main/skin_shipyard/603052.webp
603053,볼차노,둘만의 특별한 밤,배경,이스트 글림 스타일,https://raw.githubusercontent.com/JforPlay/data_for_toy/main/skin_shipyard/603053.webp
603060,고리치아,고리치아,X,,https://raw.githubusercontent.com/JforPlay/data_for_toy/main/skin_shipyard/603060.webp
603061,고리치아,이루어지지 않는 오피스 러브?,"L2D, 배경",오피스 타임,https://raw.githubusercontent.com/JforPlay/data_for_toy/main/skin_shipyard/603061.webp
603062,고리치아,디피티드 스파이,"쁘띠모션, 배경",특수 훈련,https://raw.githubusercontent.com/JforPlay/data_for_toy/main/skin_shipyard/603062.webp
605010,비토리오 베네토,비토리오 베네토,X,,https://raw.githubusercontent.com/JforPlay/data_for_toy/main/skin_shipyard/605010.webp
605011,비토리오 베네토,라스페치아의 꽃,"L2D, 배경",수영복,https://raw.githubusercontent.com/JforPlay/data_for_toy/main/skin_shipyard/605011.webp
605020,리토리오,리토리오,X,,https://raw.githubusercontent.com/JforPlay/data_for_toy/main/skin_shipyard/605020.webp
605021,리토리오,나폴리의 빛,배경,수영복,https://raw.githubusercontent.com/JforPlay/data_for_toy/main/skin_shipyard/605021.webp
605022,리토리오,Calabria Aurea,배경,파티,https://raw.githubusercontent.com/JforPlay/data_for_toy/main/skin_shipyard/605022.webp
605023,리토리오,집에서의 개인 시간,배경,홈웨어,https://raw.githubusercontent.com/JforPlay/data_for_toy/main/skin_shipyard/605023.webp
605024,리토리오,사랑은 비를 타고,배경,오피스 타임,https://raw.githubusercontent.com/JforPlay/data_for_toy/main/skin_shipyard/605024.webp
605030,로마,로마,X,,https://raw.githubusercontent.com/JforPlay/data_for_toy/main/skin_shipyard/605030.webp
605031,로마,한밤중의 백조,"L2D, 특수배경 (움짤)",댄스,https://raw.githubusercontent.com/JforPlay/data_for_toy/main/skin_shipyard/605031.webp
605032,로마,테베레의 휴일,배경,수영복,https://raw.githubusercontent.com/JforPlay/data_for_toy/main/skin_shipyard/605032.webp
605050,콘테 디 카보우르,콘테 디 카보우르,X,,https://raw.githubusercontent.com/JforPlay/data_for_toy/main/skin_shipyard/605050.webp
605051,콘테 디 카보우르,샌드 스커미시,배경,수영복,https://raw.githubusercontent.com/JforPlay/data_for_toy/main/skin_shipyard/605051.webp
605060,줄리오 체사레,줄리오 체사레,X,,https://raw.githubusercontent.com/JforPlay/data_for_toy/main/skin_shipyard/605060.webp
605061,줄리오 체사레,피트니스 마스터,X,홈웨어,https://raw.githubusercontent.com/JforPlay/data_for_toy/main/skin_shipyard/605061.webp
605062,줄리오 체사레,햇빛의 Alta marea,배경,수영복,https://raw.githubusercontent.com/JforPlay/data_for_toy/main/skin_shipyard/605062.webp
605070,안드레아 도리아,안드레아 도리아,X,,https://raw.githubusercontent.com/JforPlay/data_for_toy/main/skin_shipyard/605070.webp
605071,안드레아 도리아,Have a safe flight!,배경,오피스 타임,https://raw.githubusercontent.com/JforPlay/data_for_toy/main/skin_shipyard/605071.webp
605080,라파엘로,라파엘로,X,,https://raw.githubusercontent.com/JforPlay/data_for_toy/main/skin_shipyard/605080.webp
605081,라파엘로,사랑과 미의 비밀 소장품,"L2D, 배경",이집트 스타일,https://raw.githubusercontent.com/JforPlay/data_for_toy/main/skin_shipyard/605081.webp
605082,라파엘로,콤비 아트 매직,"쁘띠모션, 배경",동화 속 세계,https://raw.githubusercontent.com/JforPlay/data_for_toy/main/skin_shipyard/605082.webp
605090,프란체스코 카라치올로,프란체스코 카라치올로,X,,https://raw.githubusercontent.com/JforPlay/data_for_toy/main/skin_shipyard/605090.webp
605091,프란체스코 카라치올로,스포트라이트 속의 자백,"쁘띠모션, 배경",홈웨어,https://raw.githubusercontent.com/JforPlay/data_for_toy/main/skin_shipyard/605091.webp
607010,아퀼라,아퀼라,X,,https://raw.githubusercontent.com/JforPlay/data_for_toy/main/skin_shipyard/607010.webp
607011,아퀼라,햇살과 썰물의 휴일,배경,수영복,https://raw.githubusercontent.com/JforPlay/data_for_toy/main/skin_shipyard/607011.webp
607012,아퀼라,녹원의 우아한 화원,배경,파티,https://raw.githubusercontent.com/JforPlay/data_for_toy/main/skin_shipyard/607012.webp
607020,임페로,임페로,X,,https://raw.githubusercontent.com/JforPlay/data_for_toy/main/skin_shipyard/607020.webp
607021,임페로,몽롱한 라이브러리언,배경,학교,https://raw.githubusercontent.com/JforPlay/data_for_toy/main/skin_shipyard/607021.webp
607022,임페로,취기 어린 꿈결,배경,오피스 타임,https://raw.githubusercontent.com/JforPlay/data_for_toy/main/skin_shipyard/607022.webp
608010,토리첼리,토리첼리,X,,https://raw.githubusercontent.com/JforPlay/data_for_toy/main/skin_shipyard/608010.webp
608011,토리첼리,그늘이 드리워진 모래사장,배경,수영복,https://raw.githubusercontent.com/JforPlay/data_for_toy/main/skin_shipyard/608011.webp
608020,레오나르도 다 빈치,레오나르도 다 빈치,X,,https://raw.githubusercontent.com/JforPlay/data_for_toy/main/skin_shipyard/608020.webp
608021,레오나르도 다 빈치,호숫가의 어린 백조,배경,댄스,https://raw.githubusercontent.com/JforPlay/data_for_toy/main/skin_shipyard/608021.webp
608022,레오나르도 다 빈치,요술과 흔들흔들 발명소녀,배경,동화 속 세계,https://raw.githubusercontent.com/JforPlay/data_for_toy/main/skin_shipyard/608022.webp
608030,마조레 바라카,마조레 바라카,X,,https://raw.githubusercontent.com/JforPlay/data_for_toy/main/skin_shipyard/608030.webp
608031,마조레 바라카,신의 징계 플레이,"쁘띠모션, 배경",이집트 스타일,https://raw.githubusercontent.com/JforPlay/data_for_toy/main/skin_shipyard/608031.webp
699010,마르코 폴로,마르코 폴로,X,,https://raw.githubusercontent.com/JforPlay/data_for_toy/main/skin_shipyard/699010.webp
699011,마르코 폴로,Lovely Million,배경,메이드 타임,https://raw.githubusercontent.com/JforPlay/data_for_toy/main/skin_shipyard/699011.webp
699012,마르코 폴로,앰비셔스 쇼다운,"쁘띠모션, 배경",동화 속 세계,https://raw.githubusercontent.com/JforPlay/data_for_toy/main/skin_shipyard/699012.webp
699020,나폴리,나폴리,X,,https://raw.githubusercontent.com/JforPlay/data_for_toy/main/skin_shipyard/699020.webp
699021,나폴리,Dreamy Night,"L2D, 배경",카니발,https://raw.githubusercontent.com/JforPlay/data_for_toy/main/skin_shipyard/699021.webp
699030,비토리오 쿠니베르티,비토리오 쿠니베르티,X,,https://raw.githubusercontent.com/JforPlay/data_for_toy/main/skin_shipyard/699030.webp
699031,비토리오 쿠니베르티,냥냥 습성 연구,배경,메이드 타임,https://raw.githubusercontent.com/JforPlay/data_for_toy/main/skin_shipyard/699031.webp
701020,그로즈니,그로즈니,X,,https://raw.githubusercontent.com/JforPlay/data_for_toy/main/skin_shipyard/701020.webp
701021,그로즈니,감옥의 위험한 토끼,"L2D, 배경",특수 훈련,https://raw.githubusercontent.com/JforPlay/data_for_toy/main/skin_shipyard/701021.webp
701022,그로즈니,무기 개조 계획?,배경,홈웨어,https://raw.githubusercontent.com/JforPlay/data_for_toy/main/skin_shipyard/701022.webp
701023,그로즈니,암흑 연합 돌격!,"L2D, 배경",특수 훈련,https://raw.githubusercontent.com/JforPlay/data_for_toy/main/skin_shipyard/701023.webp
701024,그로즈니,크롤리크의 티타임,배경,이스트 글림 스타일,https://raw.githubusercontent.com/JforPlay/data_for_toy/main/skin_shipyard/701024.webp
701025,그로즈니,산토끼와 찜질방,"L2D, 배경",온천 타임,https://raw.githubusercontent.com/JforPlay/data_for_toy/main/skin_shipyard/701025.webp
701030,민스크,민스크,X,,https://raw.githubusercontent.com/JforPlay/data_for_toy/main/skin_shipyard/701030.webp
701031,민스크,벼락의 감옥장,배경,특수 훈련,https://raw.githubusercontent.com/JforPlay/data_for_toy/main/skin_shipyard/701031.webp
701040,타슈켄트,타슈켄트,X,,https://raw.githubusercontent.com/JforPlay/data_for_toy/main/skin_shipyard/701040.webp
701041,타슈켄트,속박된 순양함,배경,특수 훈련,https://raw.githubusercontent.com/JforPlay/data_for_toy/main/skin_shipyard/701041.webp
701042,타슈켄트,하늘색 휴일,배경,홈웨어,https://raw.githubusercontent.com/JforPlay/data_for_toy/main/skin_shipyard/701042.webp
701043,타슈켄트,요정의 초대,"배경, 쁘띠모션",파티,https://raw.githubusercontent.com/JforPlay/data_for_toy/main/skin_shipyard/701043.webp
701050,타슈켄트(μ장비),타슈켄트(μ장비),X,,https://raw.githubusercontent.com/JforPlay/data_for_toy/main/skin_shipyard/701050.webp
701060,스트례미텔니,스트례미텔니,X,,https://raw.githubusercontent.com/JforPlay/data_for_toy/main/skin_shipyard/701060.webp
701061,스트례미텔니,한가로운 게임 시간,배경,홈웨어,https://raw.githubusercontent.com/JforPlay/data_for_toy/main/skin_shipyard/701061.webp
701062,스트례미텔니,야간 간호 당직 중,배경,병원,https://raw.githubusercontent.com/JforPlay/data_for_toy/main/skin_shipyard/701062.webp
701070,그리먀시,그리먀시,X,,https://raw.githubusercontent.com/JforPlay/data_for_toy/main/skin_shipyard/701070.webp
701071,그리먀시,몽환의 독서 시간,배경,홈웨어,https://raw.githubusercontent.com/JforPlay/data_for_toy/main/skin_shipyard/701071.webp
701080,그롬키,그롬키,X,,https://raw.githubusercontent.com/JforPlay/data_for_toy/main/skin_shipyard/701080.webp
701081,그롬키,새벽의 부름,배경,홈웨어,https://raw.githubusercontent.com/JforPlay/data_for_toy/main/skin_shipyard/701081.webp
701090,소브라지텔니,소브라지텔니,X,,https://raw.githubusercontent.com/JforPlay/data_for_toy/main/skin_shipyard/701090.webp
701091,소브라지텔니,바이오로지컬 메카닉,배경,특수 훈련,https://raw.githubusercontent.com/JforPlay/data_for_toy/main/skin_shipyard/701091.webp
701100,키예프,키예프,X,,https://raw.githubusercontent.com/JforPlay/data_for_toy/main/skin_shipyard/701100.webp
701101,키예프,뒷골목의 은빛 소나타,배경,특수 훈련,https://raw.githubusercontent.com/JforPlay/data_for_toy/main/skin_shipyard/701101.webp
701102,키예프,얼음의 요정,특수배경 (움짤),댄스,https://raw.githubusercontent.com/JforPlay/data_for_toy/main/skin_shipyard/701102.webp
701110,오그네보이,오그네보이,X,,https://raw.githubusercontent.com/JforPlay/data_for_toy/main/skin_shipyard/701110.webp
701111,오그네보이,저스티스 노바!,배경,특수 훈련,https://raw.githubusercontent.com/JforPlay/data_for_toy/main/skin_shipyard/701111.webp
701120,스비레피,스비레피,X,,https://raw.githubusercontent.com/JforPlay/data_for_toy/main/skin_shipyard/701120.webp
701121,스비레피,아트 오브 리벨리언,배경,특수 훈련,https://raw.githubusercontent.com/JforPlay/data_for_toy/main/skin_shipyard/701121.webp
701130,오조르노이,오조르노이,X,,https://raw.githubusercontent.com/JforPlay/data_for_toy/main/skin_shipyard/701130.webp
701131,오조르노이,바람 타고 하늘 가르며,특수배경 (움짤),이스트 글림 스타일,https://raw.githubusercontent.com/JforPlay/data_for_toy/main/skin_shipyard/701131.webp
702010,아브로라,아브로라,X,,https://raw.githubusercontent.com/JforPlay/data_for_toy/main/skin_shipyard/702010.webp
702011,아브로라,사로잡힌 서광의 공주,배경,특수 훈련,https://raw.githubusercontent.com/JforPlay/data_for_toy/main/skin_shipyard/702011.webp
702012,아브로라,어울리지 않는 역할은 무리하지 않기?,배경,특수 훈련,https://raw.githubusercontent.com/JforPlay/data_for_toy/main/skin_shipyard/702012.webp
702013,아브로라,얼큰한 바닷바람,배경,파티,https://raw.githubusercontent.com/JforPlay/data_for_toy/main/skin_shipyard/702013.webp
702020,파먀티 메르쿠리야,파먀티 메르쿠리야,X,,https://raw.githubusercontent.com/JforPlay/data_for_toy/main/skin_shipyard/702020.webp
702021,파먀티 메르쿠리야,감옥과 유혹,배경,특수 훈련,https://raw.githubusercontent.com/JforPlay/data_for_toy/main/skin_shipyard/702021.webp
702022,파먀티 메르쿠리야,체리와 휴식시간,배경,홈웨어,https://raw.githubusercontent.com/JforPlay/data_for_toy/main/skin_shipyard/702022.webp
702023,파먀티 메르쿠리야,대기 스타일,배경,사복,https://raw.githubusercontent.com/JforPlay/data_for_toy/main/skin_shipyard/702023.webp
702024,파먀티 메르쿠리야,사랑 듬뿍 초콜릿,배경,홈웨어,https://raw.githubusercontent.com/JforPlay/data_for_toy/main/skin_shipyard/702024.webp
702025,파먀티 메르쿠리야,장난꾸러기 셀렉트!,배경,,https://raw.githubusercontent.com/JforPlay/data_for_toy/main/skin_shipyard/702025.webp
702029,파먀티 메르쿠리야,파먀티 메르쿠리야·改,X,개조,https://raw.githubusercontent.com/JforPlay/data_for_toy/main/skin_shipyard/702029.webp
702030,차파예프,차파예프,X,,https://raw.githubusercontent.com/JforPlay/data_for_toy/main/skin_shipyard/702030.webp
702031,차파예프,결박된 백기병,배경,특수 훈련,https://raw.githubusercontent.com/JforPlay/data_for_toy/main/skin_shipyard/702031.webp
702032,차파예프,백기병의 휴일,배경,홈웨어,https://raw.githubusercontent.com/JforPlay/data_for_toy/main/skin_shipyard/702032.webp
702033,차파예프,남빛과 등불의 서머 나이트,배경,여름 축제,https://raw.githubusercontent.com/JforPlay/data_for_toy/main/skin_shipyard/702033.webp
702034,차파예프,백기사의 멜로디아,특수배경 (움짤),파티,https://raw.githubusercontent.com/JforPlay/data_for_toy/main/skin_shipyard/702034.webp
702040,키로프,키로프,X,,https://raw.githubusercontent.com/JforPlay/data_for_toy/main/skin_shipyard/702040.webp
702041,키로프,커피 타임,배경,홈웨어,https://raw.githubusercontent.com/JforPlay/data_for_toy/main/skin_shipyard/702041.webp
702042,키로프,피키 튜닝,"L2D, 배경",특수 훈련,https://raw.githubusercontent.com/JforPlay/data_for_toy/main/skin_shipyard/702042.webp
702043,키로프,하이 점프 스타,배경,스포츠,https://raw.githubusercontent.com/JforPlay/data_for_toy/main/skin_shipyard/702043.webp
702050,쿠이비셰프,쿠이비셰프,X,,https://raw.githubusercontent.com/JforPlay/data_for_toy/main/skin_shipyard/702050.webp
702051,쿠이비셰프,은빛 현의 향도병,특수배경 (움짤),이스트 글림 스타일,https://raw.githubusercontent.com/JforPlay/data_for_toy/main/skin_shipyard/702051.webp
702052,쿠이비셰프,레이니 블루,배경,카니발,https://raw.githubusercontent.com/JforPlay/data_for_toy/main/skin_shipyard/702052.webp
702060,무르만스크,무르만스크,X,,https://raw.githubusercontent.com/JforPlay/data_for_toy/main/skin_shipyard/702060.webp
702061,무르만스크,순백의 설경,배경,홈웨어,https://raw.githubusercontent.com/JforPlay/data_for_toy/main/skin_shipyard/702061.webp
702062,무르만스크,그윽한 콤나타,"쁘띠모션, 배경",이스트 글림 스타일,https://raw.githubusercontent.com/JforPlay/data_for_toy/main/skin_shipyard/702062.webp
702070,보로실로프,보로실로프,X,,https://raw.githubusercontent.com/JforPlay/data_for_toy/main/skin_shipyard/702070.webp
702071,보로실로프,"따뜻한 눈을 경치로, 진심을 그대에게","배경, 쁘띠모션",온천 타임,https://raw.githubusercontent.com/JforPlay/data_for_toy/main/skin_shipyard/702071.webp
702072,보로실로프,스페셜케어 시뮬레이션,"쁘띠모션, 배경",병원,https://raw.githubusercontent.com/JforPlay/data_for_toy/main/skin_shipyard/702072.webp
702080,올레그,올레그,X,,https://raw.githubusercontent.com/JforPlay/data_for_toy/main/skin_shipyard/702080.webp
702081,올레그,벽난로 곁 나른한 밤,배경,홈웨어,https://raw.githubusercontent.com/JforPlay/data_for_toy/main/skin_shipyard/702081.webp
702090,크라스늬 캅카스,크라스늬 캅카스,X,,https://raw.githubusercontent.com/JforPlay/data_for_toy/main/skin_shipyard/702090.webp
702091,크라스늬 캅카스,블라인드♥마작,"쁘띠모션, 배경",이스트 글림 스타일,https://raw.githubusercontent.com/JforPlay/data_for_toy/main/skin_shipyard/702091.webp
702100,바가티르,바가티르,X,,https://raw.githubusercontent.com/JforPlay/data_for_toy/main/skin_shipyard/702100.webp
702101,바가티르,감정 데이터 점검 중,"중파 일러, 특수배경 (움짤)",이스트 글림 스타일,https://raw.githubusercontent.com/JforPlay/data_for_toy/main/skin_shipyard/702101.webp
703010,탈린,탈린,X,,https://raw.githubusercontent.com/JforPlay/data_for_toy/main/skin_shipyard/703010.webp
703011,탈린,Pilsner·Nostalgic,배경,홈웨어,https://raw.githubusercontent.com/JforPlay/data_for_toy/main/skin_shipyard/703011.webp
703012,탈린,예스 마이 레이디,배경,특수 훈련,https://raw.githubusercontent.com/JforPlay/data_for_toy/main/skin_shipyard/703012.webp
703013,탈린,정으로 가득한 달밤,"쁘띠모션, 배경",이스트 글림 스타일,https://raw.githubusercontent.com/JforPlay/data_for_toy/main/skin_shipyard/703013.webp
703020,쿠르스크,쿠르스크,X,,https://raw.githubusercontent.com/JforPlay/data_for_toy/main/skin_shipyard/703020.webp
703021,쿠르스크,수증기 속의 고독한 늑대,"L2D, 배경",온천 타임,https://raw.githubusercontent.com/JforPlay/data_for_toy/main/skin_shipyard/703021.webp
703022,쿠르스크,아름다운 사냥꾼,배경,파티,https://raw.githubusercontent.com/JforPlay/data_for_toy/main/skin_shipyard/703022.webp
703030,모스크바,모스크바,X,,https://raw.githubusercontent.com/JforPlay/data_for_toy/main/skin_shipyard/703030.webp
703031,모스크바,다음 수를 기다리며,"쁘띠모션, 배경",이스트 글림 스타일,https://raw.githubusercontent.com/JforPlay/data_for_toy/main/skin_shipyard/703031.webp
705010,강구트,강구트,X,,https://raw.githubusercontent.com/JforPlay/data_for_toy/main/skin_shipyard/705010.webp
705011,강구트,단호한 집행자,배경,특수 훈련,https://raw.githubusercontent.com/JforPlay/data_for_toy/main/skin_shipyard/705011.webp
705012,강구트,보드카 애호가,배경,홈웨어,https://raw.githubusercontent.com/JforPlay/data_for_toy/main/skin_shipyard/705012.webp
705020,소비에츠키 소유즈,소비에츠키 소유즈,X,,https://raw.githubusercontent.com/JforPlay/data_for_toy/main/skin_shipyard/705020.webp
705021,소비에츠키 소유즈,폴 스카이 에이전트,"L2D, 배경",특수 훈련,https://raw.githubusercontent.com/JforPlay/data_for_toy/main/skin_shipyard/705021.webp
705022,소비에츠키 소유즈,"와이어드 인터로게이트 (듀얼, L2D, 배경)","듀얼, L2D, 배경",닌자의 성,https://raw.githubusercontent.com/JforPlay/data_for_toy/main/skin_shipyard/705022.webp
705023,소비에츠키 소유즈,"와이어드 인터로게이트 (듀얼, 쁘띠모션, 배경)","듀얼, 쁘띠모션, 배경",닌자의 성,https://raw.githubusercontent.com/JforPlay/data_for_toy/main/skin_shipyard/705023.webp
705040,소비에츠카야 벨로루시아,소비에츠카야 벨로루시아,X,,https://raw.githubusercontent.com/JforPlay/data_for_toy/main/skin_shipyard/705040.webp
705041,소비에츠카야 벨로루시아,시간을 보내는 방법,배경,홈웨어,https://raw.githubusercontent.com/JforPlay/data_for_toy/main/skin_shipyard/705041.webp
705042,소비에츠카야 벨로루시아,잔물결에 나부끼는 베일,배경,수영복,https://raw.githubusercontent.com/JforPlay/data_for_toy/main/skin_shipyard/705042.webp
705050,소비에츠카야 러시아,소비에츠카야 러시아,X,,https://raw.githubusercontent.com/JforPlay/data_for_toy/main/skin_shipyard/705050.webp
705051,소비에츠카야 러시아,게으른 감시자,배경,특수 훈련,https://raw.githubusercontent.com/JforPlay/data_for_toy/main/skin_shipyard/705051.webp
705060,아르한겔스크,아르한겔스크,X,,https://raw.githubusercontent.com/JforPlay/data_for_toy/main/skin_shipyard/705060.webp
705061,아르한겔스크,플라이 어나더 데이,배경,특수 훈련,https://raw.githubusercontent.com/JforPlay/data_for_toy/main/skin_shipyard/705061.webp
705062,아르한겔스크,마도 파티시펀트,"배경, 쁘띠모션",이세계 모험,https://raw.githubusercontent.com/JforPlay/data_for_toy/main/skin_shipyard/705062.webp
705070,세바스토폴,세바스토폴,X,,https://raw.githubusercontent.com/JforPlay/data_for_toy/main/skin_shipyard/705070.webp
705071,세바스토폴,알딸딸한 정도가 아니야…?!,배경,온천 타임,https://raw.githubusercontent.com/JforPlay/data_for_toy/main/skin_shipyard/705071.webp
705080,폴타바,폴타바,X,,https://raw.githubusercontent.com/JforPlay/data_for_toy/main/skin_shipyard/705080.webp
705081,폴타바,그레이스 마피아,배경,특수 훈련,https://raw.githubusercontent.com/JforPlay/data_for_toy/main/skin_shipyard/705081.webp
705090,카잔,카잔,X,,https://raw.githubusercontent.com/JforPlay/data_for_toy/main/skin_shipyard/705090.webp
705091,카잔,아침 햇살과 온기,"쁘띠모션, 배경",홈웨어,https://raw.githubusercontent.com/JforPlay/data_for_toy/main/skin_shipyard/705091.webp
707010,볼가,볼가,X,,https://raw.githubusercontent.com/JforPlay/data_for_toy/main/skin_shipyard/707010.webp
707011,볼가,맛있는 AR 탐정 체험,배경,특수 훈련,https://raw.githubusercontent.com/JforPlay/data_for_toy/main/skin_shipyard/707011.webp
718010,크론시타트,크론시타트,X,,https://raw.githubusercontent.com/JforPlay/data_for_toy/main/skin_shipyard/718010.webp
718011,크론시타트,돌입 개시!,"L2D, 배경",특수 훈련,https://raw.githubusercontent.com/JforPlay/data_for_toy/main/skin_shipyard/718011.webp
718012,크론시타트,애니멀 에이전트,쁘띠모션,이세계 모험,https://raw.githubusercontent.com/JforPlay/data_for_toy/main/skin_shipyard/718012.webp
799010,치칼로프,치칼로프,X,,https://raw.githubusercontent.com/JforPlay/data_for_toy/main/skin_shipyard/799010.webp
799011,치칼로프,시사이드 워케이션,배경,수영복,https://raw.githubusercontent.com/JforPlay/data_for_toy/main/skin_shipyard/799011.webp
799020,아드미랄 나히모프,아드미랄 나히모프,X,,https://raw.githubusercontent.com/JforPlay/data_for_toy/main/skin_shipyard/799020.webp
799021,아드미랄 나히모프,스포트라이트 데뷔,"L2D, 배경",카니발,https://raw.githubusercontent.com/JforPlay/data_for_toy/main/skin_shipyard/799021.webp
799022,아드미랄 나히모프,프레시 그린,배경,사복,https://raw.githubusercontent.com/JforPlay/data_for_toy/main/skin_shipyard/799022.webp
799023,아드미랄 나히모프,치어링 튜너?,"쁘띠모션, 배경",극속광열,https://raw.githubusercontent.com/JforPlay/data_for_toy/main/skin_shipyard/799023.webp
799030,드미트리 돈스코이,드미트리 돈스코이,X,,https://raw.githubusercontent.com/JforPlay/data_for_toy/main/skin_shipyard/799030.webp
799031,드미트리 돈스코이,깡총깡총 룸서비스,배경,카니발,https://raw.githubusercontent.com/JforPlay/data_for_toy/main/skin_shipyard/799031.webp
801010,르 트리옹팡,르 트리옹팡,X,,https://raw.githubusercontent.com/JforPlay/data_for_toy/main/skin_shipyard/801010.webp
801020,포르뱅,포르뱅,X,,https://raw.githubusercontent.com/JforPlay/data_for_toy/main/skin_shipyard/801020.webp
801021,포르뱅,플뢰르 드 블랑,X,사복,https://raw.githubusercontent.com/JforPlay/data_for_toy/main/skin_shipyard/801021.webp
801022,포르뱅,학원의 견습 기사,배경,학교,https://raw.githubusercontent.com/JforPlay/data_for_toy/main/skin_shipyard/801022.webp
801023,포르뱅,샴페인 연회,특수배경 (움짤),파티,https://raw.githubusercontent.com/JforPlay/data_for_toy/main/skin_shipyard/801023.webp
801028,포르뱅,서약의 신성한 꽃다발,X,서약,https://raw.githubusercontent.com/JforPlay/data_for_toy/main/skin_shipyard/801028.webp
801029,포르뱅,포르뱅·改,X,개조,https://raw.githubusercontent.com/JforPlay/data_for_toy/main/skin_shipyard/801029.webp
801030,르 테메레르,르 테메레르,X,,https://raw.githubusercontent.com/JforPlay/data_for_toy/main/skin_shipyard/801030.webp
801031,르 테메레르,한여름 Festival!,배경,수영복,https://raw.githubusercontent.com/JforPlay/data_for_toy/main/skin_shipyard/801031.webp
801032,르 테메레르,Dream.Dolce,배경,홈웨어,https://raw.githubusercontent.com/JforPlay/data_for_toy/main/skin_shipyard/801032.webp
801033,르 테메레르,엘레강트 스텝,배경,스포츠,https://raw.githubusercontent.com/JforPlay/data_for_toy/main/skin_shipyard/801033.webp
801040,로피니아트르,로피니아트르,X,,https://raw.githubusercontent.com/JforPlay/data_for_toy/main/skin_shipyard/801040.webp
801041,로피니아트르,모래사장의 마법사?,배경,수영복,https://raw.githubusercontent.com/JforPlay/data_for_toy/main/skin_shipyard/801041.webp
801050,르 아르디,르 아르디,X,,https://raw.githubusercontent.com/JforPlay/data_for_toy/main/skin_shipyard/801050.webp
801051,르 아르디,끈적끈적한 시츄에이션,배경,온천 타임,https://raw.githubusercontent.com/JforPlay/data_for_toy/main/skin_shipyard/801051.webp
801060,랑트레피드,랑트레피드,X,,https://raw.githubusercontent.com/JforPlay/data_for_toy/main/skin_shipyard/801060.webp
801061,랑트레피드,프레임 로드 대시!,"쁘띠모션, 특수배경 (움짤)",동화 속 세계,https://raw.githubusercontent.com/JforPlay/data_for_toy/main/skin_shipyard/801061.webp
801070,르 테리블,르 테리블,X,,https://raw.githubusercontent.com/JforPlay/data_for_toy/main/skin_shipyard/801070.webp
801071,르 테리블,"고요, 수면, 편안",배경,홈웨어,https://raw.githubusercontent.com/JforPlay/data_for_toy/main/skin_shipyard/801071.webp
801072,르 테리블,"햇빛, 바다, 신성한 푸른빛",배경,수영복,https://raw.githubusercontent.com/JforPlay/data_for_toy/main/skin_shipyard/801072.webp
801080,마이예 브레제,마이예 브레제,X,,https://raw.githubusercontent.com/JforPlay/data_for_toy/main/skin_shipyard/801080.webp
801081,마이예 브레제,여기사의 라스트 스탠드!,배경,홈웨어,https://raw.githubusercontent.com/JforPlay/data_for_toy/main/skin_shipyard/801081.webp
801082,마이예 브레제,당분으로 휴가 중,배경,파티,https://raw.githubusercontent.com/JforPlay/data_for_toy/main/skin_shipyard/801082.webp
801090,르 테메레르(μ장비),르 테메레르(μ장비),X,,https://raw.githubusercontent.com/JforPlay/data_for_toy/main/skin_shipyard/801090.webp
802010,에밀 베르탱,에밀 베르탱,X,,https://raw.githubusercontent.com/JforPlay/data_for_toy/main/skin_shipyard/802010.webp
802011,에밀 베르탱,Côte d'Azur/코트다쥐르,"L2D, 배경",수영복,https://raw.githubusercontent.com/JforPlay/data_for_toy/main/skin_shipyard/802011.webp
802012,에밀 베르탱,「메이드」로맨틱,"L2D, 배경",메이드 타임,https://raw.githubusercontent.com/JforPlay/data_for_toy/main/skin_shipyard/802012.webp
802013,에밀 베르탱,향기로운 무희,배경,파티,https://raw.githubusercontent.com/JforPlay/data_for_toy/main/skin_shipyard/802013.webp
802019,에밀 베르탱,에밀 베르탱·改,X,개조,https://raw.githubusercontent.com/JforPlay/data_for_toy/main/skin_shipyard/802019.webp
802020,잔 다르크,잔 다르크,X,,https://raw.githubusercontent.com/JforPlay/data_for_toy/main/skin_shipyard/802020.webp
802021,잔 다르크,바다의 성녀,배경,수영복,https://raw.githubusercontent.com/JforPlay/data_for_toy/main/skin_shipyard/802021.webp
802022,잔 다르크,축복하는 성녀과 꽃등,특수배경 (움짤),이스트 글림 스타일,https://raw.githubusercontent.com/JforPlay/data_for_toy/main/skin_shipyard/802022.webp
802030,기샹,기샹,X,,https://raw.githubusercontent.com/JforPlay/data_for_toy/main/skin_shipyard/802030.webp
802031,기샹,빙판 위의 소르시에르,특수배경 (움짤),댄스,https://raw.githubusercontent.com/JforPlay/data_for_toy/main/skin_shipyard/802031.webp
802032,기샹,밀크 & 키스,"ASMR, 쁘띠모션, 배경",메이드 타임,https://raw.githubusercontent.com/JforPlay/data_for_toy/main/skin_shipyard/802032.webp
802040,뒤게 트루앵,뒤게 트루앵,X,,https://raw.githubusercontent.com/JforPlay/data_for_toy/main/skin_shipyard/802040.webp
802041,뒤게 트루앵,온천 기슭의 욕심쟁이,"쁘띠모션, 배경",온천 타임,https://raw.githubusercontent.com/JforPlay/data_for_toy/main/skin_shipyard/802041.webp
803010,쉬프랑,쉬프랑,X,,https://raw.githubusercontent.com/JforPlay/data_for_toy/main/skin_shipyard/803010.webp
803011,쉬프랑,임펄시브 액시던트,배경,스포츠,https://raw.githubusercontent.com/JforPlay/data_for_toy/main/skin_shipyard/803011.webp
803012,쉬프랑,화려함의 극치,배경,파티,https://raw.githubusercontent.com/JforPlay/data_for_toy/main/skin_shipyard/803012.webp
803020,브렌누스,브렌누스,X,,https://raw.githubusercontent.com/JforPlay/data_for_toy/main/skin_shipyard/803020.webp
803021,브렌누스,연주자의 칼끝,배경,수영복,https://raw.githubusercontent.com/JforPlay/data_for_toy/main/skin_shipyard/803021.webp
803022,브렌누스,연주자의 야상곡,특수배경 (움짤),여름 축제,https://raw.githubusercontent.com/JforPlay/data_for_toy/main/skin_shipyard/803022.webp
803030,뒤켄,뒤켄,X,,https://raw.githubusercontent.com/JforPlay/data_for_toy/main/skin_shipyard/803030.webp
803031,뒤켄,진홍빛 밤에 젖어,배경,온천 타임,https://raw.githubusercontent.com/JforPlay/data_for_toy/main/skin_shipyard/803031.webp
804010,마세나,마세나,X,,https://raw.githubusercontent.com/JforPlay/data_for_toy/main/skin_shipyard/804010.webp
804011,마세나,취한 듯 달콤한 온천,"L2D, 배경",온천 타임,https://raw.githubusercontent.com/JforPlay/data_for_toy/main/skin_shipyard/804011.webp
805010,리슐리외,리슐리외,X,,https://raw.githubusercontent.com/JforPlay/data_for_toy/main/skin_shipyard/805010.webp
805011,리슐리외,잔잔한 조석풍의 Fleuron,"L2D, 배경",수영복,https://raw.githubusercontent.com/JforPlay/data_for_toy/main/skin_shipyard/805011.webp
805012,리슐리외,상록 Rêve prophétique,"L2D, 배경",정월,https://raw.githubusercontent.com/JforPlay/data_for_toy/main/skin_shipyard/805012.webp
805020,리옹,리옹,X,,https://raw.githubusercontent.com/JforPlay/data_for_toy/main/skin_shipyard/805020.webp
805021,리옹,페어 엑서사이즈,배경,스포츠,https://raw.githubusercontent.com/JforPlay/data_for_toy/main/skin_shipyard/805021.webp
805030,알자스,알자스,X,,https://raw.githubusercontent.com/JforPlay/data_for_toy/main/skin_shipyard/805030.webp
805031,알자스,과열된 한여름의 비적,"L2D, 배경",수영복,https://raw.githubusercontent.com/JforPlay/data_for_toy/main/skin_shipyard/805031.webp
805032,알자스,성스러운 밤의 만취한 오니,"L2D, 배경",닌자의 성,https://raw.githubusercontent.com/JforPlay/data_for_toy/main/skin_shipyard/805032.webp
806010,부아 벨루,부아 벨루,X,,https://raw.githubusercontent.com/JforPlay/data_for_toy/main/skin_shipyard/806010.webp
806011,부아 벨루,증기 테라피,L2D+,온천 타임,https://raw.githubusercontent.com/JforPlay/data_for_toy/main/skin_shipyard/806011.webp
806020,아로망슈,아로망슈,X,,https://raw.githubusercontent.com/JforPlay/data_for_toy/main/skin_shipyard/806020.webp
806021,아로망슈,다이나믹 아처리,"중파 일러, 특수배경 (움짤)",동화 속 세계,https://raw.githubusercontent.com/JforPlay/data_for_toy/main/skin_shipyard/806021.webp
807010,베아른,베아른,X,,https://raw.githubusercontent.com/JforPlay/data_for_toy/main/skin_shipyard/807010.webp
807011,베아른,라이프가드 스테이션,배경,수영복,https://raw.githubusercontent.com/JforPlay/data_for_toy/main/skin_shipyard/807011.webp
807020,팽르베,팽르베,X,,https://raw.githubusercontent.com/JforPlay/data_for_toy/main/skin_shipyard/807020.webp
807021,팽르베,두 사람의 스트레칭,"쁘띠모션, 배경",스포츠,https://raw.githubusercontent.com/JforPlay/data_for_toy/main/skin_shipyard/807021.webp
807022,팽르베,생크림에 행운 있으라,"L2D, 배경",수영복,https://raw.githubusercontent.com/JforPlay/data_for_toy/main/skin_shipyard/807022.webp
808010,쉬르쿠프,쉬르쿠프,X,,https://raw.githubusercontent.com/JforPlay/data_for_toy/main/skin_shipyard/808010.webp
808011,쉬르쿠프,쇼핑 타임!,"L2D, 배경",사복,https://raw.githubusercontent.com/JforPlay/data_for_toy/main/skin_shipyard/808011.webp
808012,쉬르쿠프,Loisirs balnéaires,"L2D, 배경",수영복,https://raw.githubusercontent.com/JforPlay/data_for_toy/main/skin_shipyard/808012.webp
818010,셰르부르,셰르부르,X,,https://raw.githubusercontent.com/JforPlay/data_for_toy/main/skin_shipyard/818010.webp
818011,셰르부르,인형 옷 속은……?,"L2D+, 특수배경 (움짤)",동화 속 세계,https://raw.githubusercontent.com/JforPlay/data_for_toy/main/skin_shipyard/818011.webp
899010,생 루이,생 루이,X,,https://raw.githubusercontent.com/JforPlay/data_for_toy/main/skin_shipyard/899010.webp
899011,생 루이,화려한 성기사,"L2D, 특수배경 (움짤)",파티,https://raw.githubusercontent.com/JforPlay/data_for_toy/main/skin_shipyard/899011.webp
899012,생 루이,귀려한 집행자,특수배경 (움짤),이스트 글림 스타일,https://raw.githubusercontent.com/JforPlay/data_for_toy/main/skin_shipyard/899012.webp
899013,생 루이,평온한 시간에 취해,"L2D, 배경",수영복,https://raw.githubusercontent.com/JforPlay/data_for_toy/main/skin_shipyard/899013.webp
899020,샹파뉴,샹파뉴,X,,https://raw.githubusercontent.com/JforPlay/data_for_toy/main/skin_shipyard/899020.webp
899021,샹파뉴,쪽빛 첫 꿈,특수배경 (움짤),정월,https://raw.githubusercontent.com/JforPlay/data_for_toy/main/skin_shipyard/899021.webp
899028,샹파뉴,영원한 찬송,X,서약,https://raw.githubusercontent.com/JforPlay/data_for_toy/main/skin_shipyard/899028.webp
899030,브레스트,브레스트,X,,https://raw.githubusercontent.com/JforPlay/data_for_toy/main/skin_shipyard/899030.webp
899031,브레스트,푸른 바다의 노래,"L2D, 배경",수영복,https://raw.githubusercontent.com/JforPlay/data_for_toy/main/skin_shipyard/899031.webp
899032,브레스트,깊은 밤의 봄 경치,"L2D, 특수배경 (움짤)",이스트 글림 스타일,https://raw.githubusercontent.com/JforPlay/data_for_toy/main/skin_shipyard/899032.webp
899040,바야르,바야르,X,,https://raw.githubusercontent.com/JforPlay/data_for_toy/main/skin_shipyard/899040.webp
899041,바야르,보팔 퀘스트,배경,카니발,https://raw.githubusercontent.com/JforPlay/data_for_toy/main/skin_shipyard/899041.webp
899050,오라주,오라주,X,,https://raw.githubusercontent.com/JforPlay/data_for_toy/main/skin_shipyard/899050.webp
901010,르 마르스,르 마르스,X,,https://raw.githubusercontent.com/JforPlay/data_for_toy/main/skin_shipyard/901010.webp
901011,르 마르스,에테 브릴리언트,배경,수영복,https://raw.githubusercontent.com/JforPlay/data_for_toy/main/skin_shipyard/901011.webp
901012,르 마르스,빛나는 행복한 학원,배경,학교,https://raw.githubusercontent.com/JforPlay/data_for_toy/main/skin_shipyard/901012.webp
901013,르 마르스,스플렌더 데뷔,배경,이스트 글림 스타일,https://raw.githubusercontent.com/JforPlay/data_for_toy/main/skin_shipyard/901013.webp
901019,르 마르스,르 마르스·改,X,개조,https://raw.githubusercontent.com/JforPlay/data_for_toy/main/skin_shipyard/901019.webp
901020,타르투,타르투,X,,https://raw.githubusercontent.com/JforPlay/data_for_toy/main/skin_shipyard/901020.webp
901021,타르투,걱정이 많은 한여름,배경,수영복,https://raw.githubusercontent.com/JforPlay/data_for_toy/main/skin_shipyard/901021.webp
901030,보클랭,보클랭,X,,https://raw.githubusercontent.com/JforPlay/data_for_toy/main/skin_shipyard/901030.webp
901031,보클랭,천진난만한 여름의 기사,배경,수영복,https://raw.githubusercontent.com/JforPlay/data_for_toy/main/skin_shipyard/901031.webp
901032,보클랭,전자동 교향악?,배경,파티,https://raw.githubusercontent.com/JforPlay/data_for_toy/main/skin_shipyard/901032.webp
901033,보클랭,패러렐 어드벤처,배경,기타,https://raw.githubusercontent.com/JforPlay/data_for_toy/main/skin_shipyard/901033.webp
901040,케르생,케르생,X,,https://raw.githubusercontent.com/JforPlay/data_for_toy/main/skin_shipyard/901040.webp
901041,케르생,홀리 런닝,"쁘띠모션, 배경",스포츠,https://raw.githubusercontent.com/JforPlay/data_for_toy/main/skin_shipyard/901041.webp
901042,케르생,성스러운 연민은 나쁘지 않다?,"쁘띠모션, 배경",웨스턴,https://raw.githubusercontent.com/JforPlay/data_for_toy/main/skin_shipyard/901042.webp
901050,플뢰레,플뢰레,X,,https://raw.githubusercontent.com/JforPlay/data_for_toy/main/skin_shipyard/901050.webp
901051,플뢰레,럭키 홀리 나이트,배경,카니발,https://raw.githubusercontent.com/JforPlay/data_for_toy/main/skin_shipyard/901051.webp
901060,에페,에페,X,,https://raw.githubusercontent.com/JforPlay/data_for_toy/main/skin_shipyard/901060.webp
901061,에페,외로운 외톨이 기사,배경,카니발,https://raw.githubusercontent.com/JforPlay/data_for_toy/main/skin_shipyard/901061.webp
901070,모가도르,모가도르,X,,https://raw.githubusercontent.com/JforPlay/data_for_toy/main/skin_shipyard/901070.webp
901071,모가도르,탈의실의 뜨거운 비밀,"L2D, 배경",수영복,https://raw.githubusercontent.com/JforPlay/data_for_toy/main/skin_shipyard/901071.webp
901072,모가도르,후각 진단 너스콜,"L2D, 배경",병원,https://raw.githubusercontent.com/JforPlay/data_for_toy/main/skin_shipyard/901072.webp
901073,모가도르,"스웨티 다이빙 (듀얼, L2D, 배경)","듀얼, L2D, 배경",수영복,https://raw.githubusercontent.com/JforPlay/data_for_toy/main/skin_shipyard/901073.webp
901074,모가도르,"스웨티 다이빙 (듀얼, 쁘띠모션, 배경)","듀얼, 쁘띠모션, 배경",수영복,https://raw.githubusercontent.com/JforPlay/data_for_toy/main/skin_shipyard/901074.webp
901110,르 말랭,르 말랭,X,,https://raw.githubusercontent.com/JforPlay/data_for_toy/main/skin_shipyard/901110.webp
901111,르 말랭,나른한 디망쉬,X,홈웨어,https://raw.githubusercontent.com/JforPlay/data_for_toy/main/skin_shipyard/901111.webp
901112,르 말랭,비밀 기지의 Mercredi,"L2D, 배경",수영복,https://raw.githubusercontent.com/JforPlay/data_for_toy/main/skin_shipyard/901112.webp
901113,르 말랭,나른한 흰토끼,"L2D, 배경",카니발,https://raw.githubusercontent.com/JforPlay/data_for_toy/main/skin_shipyard/901113.webp
901120,르 말랭(μ장비),르 말랭(μ장비),X,,https://raw.githubusercontent.com/JforPlay/data_for_toy/main/skin_shipyard/901120.webp
901130,랭동타블,랭동타블,X,,https://raw.githubusercontent.com/JforPlay/data_for_toy/main/skin_shipyard/901130.webp
901131,랭동타블,빨간 모자'의 고민,배경,동화 속 세계,https://raw.githubusercontent.com/JforPlay/data_for_toy/main/skin_shipyard/901131.webp
901132,랭동타블,따끈따끈 일일 점원,배경,이스트 글림 스타일,https://raw.githubusercontent.com/JforPlay/data_for_toy/main/skin_shipyard/901132.webp
901133,랭동타블,전력으로 변장 도청!,배경,특수 훈련,https://raw.githubusercontent.com/JforPlay/data_for_toy/main/skin_shipyard/901133.webp
901140,로데슈,로데슈,X,,https://raw.githubusercontent.com/JforPlay/data_for_toy/main/skin_shipyard/901140.webp
901141,로데슈,양산 밑의 슈발리에,배경,극속광열,https://raw.githubusercontent.com/JforPlay/data_for_toy/main/skin_shipyard/901141.webp
902010,라 갈리소니에르,라 갈리소니에르,X,,https://raw.githubusercontent.com/JforPlay/data_for_toy/main/skin_shipyard/902010.webp
902011,라 갈리소니에르,순결한 Piscine,배경,수영복,https://raw.githubusercontent.com/JforPlay/data_for_toy/main/skin_shipyard/902011.webp
902012,라 갈리소니에르,꿈에 취한 봄날의 새벽,"L2D, 특수배경 (움짤)",이스트 글림 스타일,https://raw.githubusercontent.com/JforPlay/data_for_toy/main/skin_shipyard/902012.webp
902013,라 갈리소니에르,검은 고양이와 호박의 밤,"L2D, 배경",할로윈,https://raw.githubusercontent.com/JforPlay/data_for_toy/main/skin_shipyard/902013.webp
902020,마르세예즈,마르세예즈,X,,https://raw.githubusercontent.com/JforPlay/data_for_toy/main/skin_shipyard/902020.webp
902021,마르세예즈,전투 천사의 엑서사이즈,"배경, 쁘띠모션",스포츠,https://raw.githubusercontent.com/JforPlay/data_for_toy/main/skin_shipyard/902021.webp
903010,포슈,포슈,X,,https://raw.githubusercontent.com/JforPlay/data_for_toy/main/skin_shipyard/903010.webp
903011,포슈,레인보우 Rendez-vous,배경,사복,https://raw.githubusercontent.com/JforPlay/data_for_toy/main/skin_shipyard/903011.webp
903012,포슈,총애의 마조르돔,배경,기타,https://raw.githubusercontent.com/JforPlay/data_for_toy/main/skin_shipyard/903012.webp
903020,알제리,알제리,X,,https://raw.githubusercontent.com/JforPlay/data_for_toy/main/skin_shipyard/903020.webp
903021,알제리,하얀 모래의 천국,배경,수영복,https://raw.githubusercontent.com/JforPlay/data_for_toy/main/skin_shipyard/903021.webp
903022,알제리,예스 유어 마제스티,배경,동화 속 세계,https://raw.githubusercontent.com/JforPlay/data_for_toy/main/skin_shipyard/903022.webp
903030,듀플렉스,듀플렉스,X,,https://raw.githubusercontent.com/JforPlay/data_for_toy/main/skin_shipyard/903030.webp
903031,듀플렉스,Final Check,배경,극속광열,https://raw.githubusercontent.com/JforPlay/data_for_toy/main/skin_shipyard/903031.webp
904010,됭케르크,됭케르크,X,,https://raw.githubusercontent.com/JforPlay/data_for_toy/main/skin_shipyard/904010.webp
904011,됭케르크,여름의 슈크레,"L2D, 배경",수영복,https://raw.githubusercontent.com/JforPlay/data_for_toy/main/skin_shipyard/904011.webp
904012,됭케르크,오후 3시의 Venus,배경,사복,https://raw.githubusercontent.com/JforPlay/data_for_toy/main/skin_shipyard/904012.webp
904020,스트라스부르,스트라스부르,X,,https://raw.githubusercontent.com/JforPlay/data_for_toy/main/skin_shipyard/904020.webp
904021,스트라스부르,경기장의 서킷 요정,"L2D, 배경",극속광열,https://raw.githubusercontent.com/JforPlay/data_for_toy/main/skin_shipyard/904021.webp
905010,장 바르,장 바르,X,,https://raw.githubusercontent.com/JforPlay/data_for_toy/main/skin_shipyard/905010.webp
905011,장 바르,자유의 BloodStone,배경,파티,https://raw.githubusercontent.com/JforPlay/data_for_toy/main/skin_shipyard/905011.webp
905012,장 바르,비밀의 Après midi,"L2D, 배경",수영복,https://raw.githubusercontent.com/JforPlay/data_for_toy/main/skin_shipyard/905012.webp
905013,장 바르,박도 Première neige,"L2D, 배경",정월,https://raw.githubusercontent.com/JforPlay/data_for_toy/main/skin_shipyard/905013.webp
905014,장 바르,봄의 등불이 비추는 étoiles,"L2D, 배경",이스트 글림 스타일,https://raw.githubusercontent.com/JforPlay/data_for_toy/main/skin_shipyard/905014.webp
905020,클레망소,클레망소,X,,https://raw.githubusercontent.com/JforPlay/data_for_toy/main/skin_shipyard/905020.webp
905021,클레망소,브리즈 스플렌디드,"L2D, 배경",스포츠,https://raw.githubusercontent.com/JforPlay/data_for_toy/main/skin_shipyard/905021.webp
905030,가스코뉴(μ장비),가스코뉴(μ장비),X,,https://raw.githubusercontent.com/JforPlay/data_for_toy/main/skin_shipyard/905030.webp
907010,조프르,조프르,X,,https://raw.githubusercontent.com/JforPlay/data_for_toy/main/skin_shipyard/907010.webp
907011,조프르,새장 속 백설공주,배경,동화 속 세계,https://raw.githubusercontent.com/JforPlay/data_for_toy/main/skin_shipyard/907011.webp
907012,조프르,극락의 엘리시온,"배경, 쁘띠모션",온천 타임,https://raw.githubusercontent.com/JforPlay/data_for_toy/main/skin_shipyard/907012.webp
907013,조프르,축복의 시작 스퍼트,L2D,극속광열,https://raw.githubusercontent.com/JforPlay/data_for_toy/main/skin_shipyard/907013.webp
999010,가스코뉴,가스코뉴,X,,https://raw.githubusercontent.com/JforPlay/data_for_toy/main/skin_shipyard/999010.webp
999011,가스코뉴,여름 환경 대응 쉘,배경,수영복,https://raw.githubusercontent.com/JforPlay/data_for_toy/main/skin_shipyard/999011.webp
999012,가스코뉴,여행하는 인형,배경,여름 축제,https://raw.githubusercontent.com/JforPlay/data_for_toy/main/skin_shipyard/999012.webp
999020,플랑드르,플랑드르,X,,https://raw.githubusercontent.com/JforPlay/data_for_toy/main/skin_shipyard/999020.webp
999021,플랑드르,사랑스러운 원죄에 구원 있으라,배경,메이드 타임,https://raw.githubusercontent.com/JforPlay/data_for_toy/main/skin_shipyard/999021.webp
1101010,에버트센,에버트센,X,,https://raw.githubusercontent.com/JforPlay/data_for_toy/main/skin_shipyard/1101010.webp
1101011,에버트센,창문맡 일광욕,"쁘띠모션, 배경",홈웨어,https://raw.githubusercontent.com/JforPlay/data_for_toy/main/skin_shipyard/1101011.webp
1101012,에버트센,맹그로브의 수호정령,배경,사복,https://raw.githubusercontent.com/JforPlay/data_for_toy/main/skin_shipyard/1101012.webp
1102010,드 제번 프로빈시엔,드 제번 프로빈시엔,X,,https://raw.githubusercontent.com/JforPlay/data_for_toy/main/skin_shipyard/1102010.webp
1102011,드 제번 프로빈시엔,곁에서 느껴지는 온기,"L2D, 배경",홈웨어,https://raw.githubusercontent.com/JforPlay/data_for_toy/main/skin_shipyard/1102011.webp
1199010,하우덴 리우,하우덴 리우,X,,https://raw.githubusercontent.com/JforPlay/data_for_toy/main/skin_shipyard/1199010.webp
1199011,하우덴 리우,자애로운 씻겨주기,"L2D+, 배경",메이드 타임,https://raw.githubusercontent.com/JforPlay/data_for_toy/main/skin_shipyard/1199011.webp
1299010,발파라이소,발파라이소,X,,https://raw.githubusercontent.com/JforPlay/data_for_toy/main/skin_shipyard/1299010.webp
9600010,로열 포춘,로열 포춘,X,,https://raw.githubusercontent.com/JforPlay/data_for_toy/main/skin_shipyard/9600010.webp
9600011,로열 포춘,사악한 신(?)의 “미식”,배경,할로윈,https://raw.githubusercontent.com/JforPlay/data_for_toy/main/skin_shipyard/9600011.webp
9600012,로열 포춘,해변의 규칙,"배경, 쁘띠모션",수영복,https://raw.githubusercontent.com/JforPlay/data_for_toy/main/skin_shipyard/9600012.webp
9600020,상 마르티뉴,상 마르티뉴,X,,https://raw.githubusercontent.com/JforPlay/data_for_toy/main/skin_shipyard/9600020.webp
9600021,상 마르티뉴,검은빛 그림자,배경,할로윈,https://raw.githubusercontent.com/JforPlay/data_for_toy/main/skin_shipyard/9600021.webp
9600030,골든 하인드,골든 하인드,X,,https://raw.githubusercontent.com/JforPlay/data_for_toy/main/skin_shipyard/9600030.webp
9600031,골든 하인드,옛 성채의 킬러 레이디,"L2D, 배경",할로윈,https://raw.githubusercontent.com/JforPlay/data_for_toy/main/skin_shipyard/9600031.webp
9600040,메리 셀러스트,메리 셀러스트,X,,https://raw.githubusercontent.com/JforPlay/data_for_toy/main/skin_shipyard/9600040.webp
9600041,메리 셀러스트,그림 나이트 리퍼,배경,할로윈,https://raw.githubusercontent.com/JforPlay/data_for_toy/main/skin_shipyard/9600041.webp
9600050,위다,위다,X,,https://raw.githubusercontent.com/JforPlay/data_for_toy/main/skin_shipyard/9600050.webp
9600051,위다,레이지 파이레츠 엔젤,"쁘띠모션, 배경",할로윈,https://raw.githubusercontent.com/JforPlay/data_for_toy/main/skin_shipyard/9600051.webp
9600060,어드벤처 갤리,어드벤처 갤리,X,,https://raw.githubusercontent.com/JforPlay/data_for_toy/main/skin_shipyard/9600060.webp
9600061,어드벤처 갤리,붉은 달의 카니발,배경,할로윈,https://raw.githubusercontent.com/JforPlay/data_for_toy/main/skin_shipyard/9600061.webp
9600070,건스웨이,건스웨이,X,,https://raw.githubusercontent.com/JforPlay/data_for_toy/main/skin_shipyard/9600070.webp
9600071,건스웨이,봉인된 머메이드,"쁘띠모션, 배경",할로윈,https://raw.githubusercontent.com/JforPlay/data_for_toy/main/skin_shipyard/9600071.webp
9600080,팬시,팬시,X,,https://raw.githubusercontent.com/JforPlay/data_for_toy/main/skin_shipyard/9600080.webp
9600081,팬시,팬시 하트 호러,배경,할로윈,https://raw.githubusercontent.com/JforPlay/data_for_toy/main/skin_shipyard/9600081.webp
9600090,아미티,아미티,X,,https://raw.githubusercontent.com/JforPlay/data_for_toy/main/skin_shipyard/9600090.webp
9600091,아미티,프렌들리 프랑켄,"쁘띠모션, 배경",할로윈,https://raw.githubusercontent.com/JforPlay/data_for_toy/main/skin_shipyard/9600091.webp
9600100,포츠머스 어드벤처,포츠머스 어드벤처,X,,https://raw.githubusercontent.com/JforPlay/data_for_toy/main/skin_shipyard/9600100.webp
9600101,포츠머스 어드벤처,서프라이즈 어드벤처,배경,할로윈,https://raw.githubusercontent.com/JforPlay/data_for_toy/main/skin_shipyard/9600101.webp
9600110,돌핀,돌핀,X,,https://raw.githubusercontent.com/JforPlay/data_for_toy/main/skin_shipyard/9600110.webp
9600111,돌핀,부활의 주문,배경,할로윈,https://raw.githubusercontent.com/JforPlay/data_for_toy/main/skin_shipyard/9600111.webp
9600120,퀸 앤즈 리벤지,퀸 앤즈 리벤지,X,,https://raw.githubusercontent.com/JforPlay/data_for_toy/main/skin_shipyard/9600120.webp
9600121,퀸 앤즈 리벤지,은밀한 포옹의 속삭임,"L2D, 배경",이세계 모험,https://raw.githubusercontent.com/JforPlay/data_for_toy/main/skin_shipyard/9600121.webp
9600130,라임,라임,X,,https://raw.githubusercontent.com/JforPlay/data_for_toy/main/skin_shipyard/9600130.webp
9600131,라임,데빌라이즈 트랩,"쁘띠모션, 배경",이세계 모험,https://raw.githubusercontent.com/JforPlay/data_for_toy/main/skin_shipyard/9600131.webp
9600140,펄,펄,X,,https://raw.githubusercontent.com/JforPlay/data_for_toy/main/skin_shipyard/9600140.webp
9600141,펄,마성의 타락 천사,"L2D+, 배경",이세계 모험,https://raw.githubusercontent.com/JforPlay/data_for_toy/main/skin_shipyard/9600141.webp
9600150,로열 제임스,로열 제임스,X,,https://raw.githubusercontent.com/JforPlay/data_for_toy/main/skin_shipyard/9600150.webp
9600151,로열 제임스,금기의 츄잉 본,배경,이세계 모험,https://raw.githubusercontent.com/JforPlay/data_for_toy/main/skin_shipyard/9600151.webp
9600160,어드벤처,어드벤처,X,,https://raw.githubusercontent.com/JforPlay/data_for_toy/main/skin_shipyard/9600160.webp
9600161,어드벤처,세이프 하우스 마스터,"쁘띠모션, 배경",이세계 모험,https://raw.githubusercontent.com/JforPlay/data_for_toy/main/skin_shipyard/9600161.webp
9701010,헌터·META,헌터·META,X,,https://raw.githubusercontent.com/JforPlay/data_for_toy/main/skin_shipyard/9701010.webp
9701020,포춘·META,포춘·META,X,,https://raw.githubusercontent.com/JforPlay/data_for_toy/main/skin_shipyard/9701020.webp
9701030,하타카제·META,하타카제·META,X,,https://raw.githubusercontent.com/JforPlay/data_for_toy/main/skin_shipyard/9701030.webp
9701040,킴벌리·META,킴벌리·META,X,,https://raw.githubusercontent.com/JforPlay/data_for_toy/main/skin_shipyard/9701040.webp
9701050,뱀파이어·META,뱀파이어·META,X,,https://raw.githubusercontent.com/JforPlay/data_for_toy/main/skin_shipyard/9701050.webp
9701060,카스미·META,카스미·META,X,,https://raw.githubusercontent.com/JforPlay/data_for_toy/main/skin_shipyard/9701060.webp
9701070,그렌빌·META,그렌빌·META,X,,https://raw.githubusercontent.com/JforPlay/data_for_toy/main/skin_shipyard/9701070.webp
9701080,카와카제·META,카와카제·META,X,,https://raw.githubusercontent.com/JforPlay/data_for_toy/main/skin_shipyard/9701080.webp
9701090,유다치·META,유다치·META,X,,https://raw.githubusercontent.com/JforPlay/data_for_toy/main/skin_shipyard/9701090.webp
9701100,듀이·META,듀이·META,X,,https://raw.githubusercontent.com/JforPlay/data_for_toy/main/skin_shipyard/9701100.webp
9701110,카라비니에레·META,카라비니에레·META,X,,https://raw.githubusercontent.com/JforPlay/data_for_toy/main/skin_shipyard/9701110.webp
9701120,브리스톨·META,브리스톨·META,X,,https://raw.githubusercontent.com/JforPlay/data_for_toy/main/skin_shipyard/9701120.webp
9702010,헬레나·META,헬레나·META,X,,https://raw.githubusercontent.com/JforPlay/data_for_toy/main/skin_shipyard/9702010.webp
9702020,멤피스·META,멤피스·META,X,,https://raw.githubusercontent.com/JforPlay/data_for_toy/main/skin_shipyard/9702020.webp
9702030,셰필드·META,셰필드·META,X,,https://raw.githubusercontent.com/JforPlay/data_for_toy/main/skin_shipyard/9702030.webp
9702040,라 갈리소니에르·META,라 갈리소니에르·META,X,,https://raw.githubusercontent.com/JforPlay/data_for_toy/main/skin_shipyard/9702040.webp
9702050,진츠·META,진츠·META,X,,https://raw.githubusercontent.com/JforPlay/data_for_toy/main/skin_shipyard/9702050.webp
9702060,키로프·META,키로프·META,X,,https://raw.githubusercontent.com/JforPlay/data_for_toy/main/skin_shipyard/9702060.webp
9702070,파먀티 메르쿠리야·META,파먀티 메르쿠리야·META,X,,https://raw.githubusercontent.com/JforPlay/data_for_toy/main/skin_shipyard/9702070.webp
9702080,보이시·META,보이시·META,X,,https://raw.githubusercontent.com/JforPlay/data_for_toy/main/skin_shipyard/9702080.webp
9702090,클리블랜드·META,클리블랜드·META,X,,https://raw.githubusercontent.com/JforPlay/data_for_toy/main/skin_shipyard/9702090.webp
9702100,쾰른·META,쾰른·META,X,,https://raw.githubusercontent.com/JforPlay/data_for_toy/main/skin_shipyard/9702100.webp
9702110,레겐스부르크·META,레겐스부르크·META,X,,https://raw.githubusercontent.com/JforPlay/data_for_toy/main/skin_shipyard/9702110.webp
9702120,쾨니히스베르크·META,쾨니히스베르크·META,X,,https://raw.githubusercontent.com/JforPlay/data_for_toy/main/skin_shipyard/9702120.webp
9703010,트렌토·META,트렌토·META,X,,https://raw.githubusercontent.com/JforPlay/data_for_toy/main/skin_shipyard/9703010.webp
9703020,알제리·META,알제리·META,X,,https://raw.githubusercontent.com/JforPlay/data_for_toy/main/skin_shipyard/9703020.webp
9703030,포슈·META,포슈·META,X,,https://raw.githubusercontent.com/JforPlay/data_for_toy/main/skin_shipyard/9703030.webp
9703040,위치타·META,위치타·META,X,,https://raw.githubusercontent.com/JforPlay/data_for_toy/main/skin_shipyard/9703040.webp
9703050,아드미랄 히퍼·META,아드미랄 히퍼·META,X,,https://raw.githubusercontent.com/JforPlay/data_for_toy/main/skin_shipyard/9703050.webp
9703060,볼차노·META,볼차노·META,X,,https://raw.githubusercontent.com/JforPlay/data_for_toy/main/skin_shipyard/9703060.webp
9704010,그나이제나우·META,그나이제나우·META,X,,https://raw.githubusercontent.com/JforPlay/data_for_toy/main/skin_shipyard/9704010.webp
9704020,샤른호르스트·META,샤른호르스트·META,X,,https://raw.githubusercontent.com/JforPlay/data_for_toy/main/skin_shipyard/9704020.webp
9704030,리펄스·META,리펄스·META,X,,https://raw.githubusercontent.com/JforPlay/data_for_toy/main/skin_shipyard/9704030.webp
9704040,리나운·META,리나운·META,X,,https://raw.githubusercontent.com/JforPlay/data_for_toy/main/skin_shipyard/9704040.webp
9704050,히에이·META,히에이·META,X,,https://raw.githubusercontent.com/JforPlay/data_for_toy/main/skin_shipyard/9704050.webp
9704060,됭케르크·META,됭케르크·META,X,,https://raw.githubusercontent.com/JforPlay/data_for_toy/main/skin_shipyard/9704060.webp
9705010,후소·META,후소·META,X,,https://raw.githubusercontent.com/JforPlay/data_for_toy/main/skin_shipyard/9705010.webp
9705020,야마시로·META,야마시로·META,X,,https://raw.githubusercontent.com/JforPlay/data_for_toy/main/skin_shipyard/9705020.webp
9705030,애리조나·META,애리조나·META,X,,https://raw.githubusercontent.com/JforPlay/data_for_toy/main/skin_shipyard/9705030.webp
9705040,퀸 엘리자베스·META,퀸 엘리자베스·META,X,,https://raw.githubusercontent.com/JforPlay/data_for_toy/main/skin_shipyard/9705040.webp
9705050,로드니·META,로드니·META,X,,https://raw.githubusercontent.com/JforPlay/data_for_toy/main/skin_shipyard/9705050.webp
9705060,나가토·META,나가토·META,X,,https://raw.githubusercontent.com/JforPlay/data_for_toy/main/skin_shipyard/9705060.webp
9705070,줄리오 체사레·META,줄리오 체사레·META,X,,https://raw.githubusercontent.com/JforPlay/data_for_toy/main/skin_shipyard/9705070.webp
9705080,안드레아 도리아·META,안드레아 도리아·META,X,,https://raw.githubusercontent.com/JforPlay/data_for_toy/main/skin_shipyard/9705080.webp
9705090,네바다·META,네바다·META,X,,https://raw.githubusercontent.com/JforPlay/data_for_toy/main/skin_shipyard/9705090.webp
9705100,강구트·META,강구트·META,X,,https://raw.githubusercontent.com/JforPlay/data_for_toy/main/skin_shipyard/9705100.webp
9706010,히요·META,히요·META,X,,https://raw.githubusercontent.com/JforPlay/data_for_toy/main/skin_shipyard/9706010.webp
9706020,준요·META,준요·META,X,,https://raw.githubusercontent.com/JforPlay/data_for_toy/main/skin_shipyard/9706020.webp
9706030,프린스턴·META,프린스턴·META,X,,https://raw.githubusercontent.com/JforPlay/data_for_toy/main/skin_shipyard/9706030.webp
9706040,호쇼·META,호쇼·META,X,,https://raw.githubusercontent.com/JforPlay/data_for_toy/main/skin_shipyard/9706040.webp
9706050,엘베·META,엘베·META,X,,https://raw.githubusercontent.com/JforPlay/data_for_toy/main/skin_shipyard/9706050.webp
9707010,히류·META,히류·META,X,,https://raw.githubusercontent.com/JforPlay/data_for_toy/main/skin_shipyard/9707010.webp
9707020,아크 로열·META,아크 로열·META,X,,https://raw.githubusercontent.com/JforPlay/data_for_toy/main/skin_shipyard/9707020.webp
9707030,소류·META,소류·META,X,,https://raw.githubusercontent.com/JforPlay/data_for_toy/main/skin_shipyard/9707030.webp
9707040,베아른·META,베아른·META,X,,https://raw.githubusercontent.com/JforPlay/data_for_toy/main/skin_shipyard/9707040.webp
9707050,다이호·META,다이호·META,X,,https://raw.githubusercontent.com/JforPlay/data_for_toy/main/skin_shipyard/9707050.webp
9707060,호넷·META,호넷·META,X,,https://raw.githubusercontent.com/JforPlay/data_for_toy/main/skin_shipyard/9707060.webp
9707070,글로리어스·META,글로리어스·META,X,,https://raw.githubusercontent.com/JforPlay/data_for_toy/main/skin_shipyard/9707070.webp
9707080,요크타운·META,요크타운·META,X,,https://raw.githubusercontent.com/JforPlay/data_for_toy/main/skin_shipyard/9707080.webp
9708010,U-556·META,U-556·META,X,,https://raw.githubusercontent.com/JforPlay/data_for_toy/main/skin_shipyard/9708010.webp
9712010,베스탈·META,베스탈·META,X,,https://raw.githubusercontent.com/JforPlay/data_for_toy/main/skin_shipyard/9712010.webp
9713010,에레버스·META,에레버스·META,X,,https://raw.githubusercontent.com/JforPlay/data_for_toy/main/skin_shipyard/9713010.webp
10100010,넵튠(콜라보),넵튠(콜라보),X,,https://raw.githubusercontent.com/JforPlay/data_for_toy/main/skin_shipyard/10100010.webp
10100020,느와르,느와르,X,,https://raw.githubusercontent.com/JforPlay/data_for_toy/main/skin_shipyard/10100020.webp
10100030,블랑,블랑,X,,https://raw.githubusercontent.com/JforPlay/data_for_toy/main/skin_shipyard/10100030.webp
10100040,벨(콜라보),벨(콜라보),X,,https://raw.githubusercontent.com/JforPlay/data_for_toy/main/skin_shipyard/10100040.webp
10100050,퍼플 하트,퍼플 하트,X,,https://raw.githubusercontent.com/JforPlay/data_for_toy/main/skin_shipyard/10100050.webp
10100051,퍼플 하트,여신의 약속,배경,기타,https://raw.githubusercontent.com/JforPlay/data_for_toy/main/skin_shipyard/10100051.webp
10100060,블랙 하트,블랙 하트,X,,https://raw.githubusercontent.com/JforPlay/data_for_toy/main/skin_shipyard/10100060.webp
10100061,블랙 하트,여신의 미소,배경,기타,https://raw.githubusercontent.com/JforPlay/data_for_toy/main/skin_shipyard/10100061.webp
10100070,화이트 하트,화이트 하트,X,,https://raw.githubusercontent.com/JforPlay/data_for_toy/main/skin_shipyard/10100070.webp
10100071,화이트 하트,여신의 부끄러움,배경,기타,https://raw.githubusercontent.com/JforPlay/data_for_toy/main/skin_shipyard/10100071.webp
10100080,그린 하트,그린 하트,X,,https://raw.githubusercontent.com/JforPlay/data_for_toy/main/skin_shipyard/10100080.webp
10100081,그린 하트,여신의 한때,배경,기타,https://raw.githubusercontent.com/JforPlay/data_for_toy/main/skin_shipyard/10100081.webp
10300010,쿠온,쿠온,X,,https://raw.githubusercontent.com/JforPlay/data_for_toy/main/skin_shipyard/10300010.webp
10300011,쿠온,쿠온 (칭송받는 자),배경,기타,https://raw.githubusercontent.com/JforPlay/data_for_toy/main/skin_shipyard/10300011.webp
10300020,네코네,네코네,X,,https://raw.githubusercontent.com/JforPlay/data_for_toy/main/skin_shipyard/10300020.webp
10300021,네코네,네코네 (칭송받는 자),배경,기타,https://raw.githubusercontent.com/JforPlay/data_for_toy/main/skin_shipyard/10300021.webp
10300030,루루티에,루루티에,X,,https://raw.githubusercontent.com/JforPlay/data_for_toy/main/skin_shipyard/10300030.webp
10300031,루루티에,루루티에 (칭송받는 자),배경,기타,https://raw.githubusercontent.com/JforPlay/data_for_toy/main/skin_shipyard/10300031.webp
10300040,우루루,우루루,X,,https://raw.githubusercontent.com/JforPlay/data_for_toy/main/skin_shipyard/10300040.webp
10300041,우루루,우루루 (칭송받는 자),배경,기타,https://raw.githubusercontent.com/JforPlay/data_for_toy/main/skin_shipyard/10300041.webp
10300050,사라나,사라나,X,,https://raw.githubusercontent.com/JforPlay/data_for_toy/main/skin_shipyard/10300050.webp
10300051,사라나,사라나 (칭송받는 자),배경,기타,https://raw.githubusercontent.com/JforPlay/data_for_toy/main/skin_shipyard/10300051.webp
10300060,후미뤼르,후미뤼르,X,,https://raw.githubusercontent.com/JforPlay/data_for_toy/main/skin_shipyard/10300060.webp
10300061,후미뤼르,후미뤼르 (칭송받는 자),배경,기타,https://raw.githubusercontent.com/JforPlay/data_for_toy/main/skin_shipyard/10300061.webp
10400010,키즈나 아이,키즈나 아이,X,,https://raw.githubusercontent.com/JforPlay/data_for_toy/main/skin_shipyard/10400010.webp
10400011,키즈나 아이,Sakura Festival,배경,여름 축제,https://raw.githubusercontent.com/JforPlay/data_for_toy/main/skin_shipyard/10400011.webp
10400020,키즈나 아이·Elegant,키즈나 아이·Elegant,X,,https://raw.githubusercontent.com/JforPlay/data_for_toy/main/skin_shipyard/10400020.webp
10400030,키즈나 아이·Anniversary,키즈나 아이·Anniversary,X,,https://raw.githubusercontent.com/JforPlay/data_for_toy/main/skin_shipyard/10400030.webp
10400040,키즈나 아이·SuperGamer,키즈나 아이·SuperGamer,X,,https://raw.githubusercontent.com/JforPlay/data_for_toy/main/skin_shipyard/10400040.webp
10500010,시라카미 후부키,시라카미 후부키,X,,https://raw.githubusercontent.com/JforPlay/data_for_toy/main/skin_shipyard/10500010.webp
10500011,시라카미 후부키,모래사장의 여우,"배경, 브금",수영복,https://raw.githubusercontent.com/JforPlay/data_for_toy/main/skin_shipyard/10500011.webp
10500020,토키노 소라,토키노 소라,X,,https://raw.githubusercontent.com/JforPlay/data_for_toy/main/skin_shipyard/10500020.webp
10500021,토키노 소라,맑은 하늘의 여름,"배경, 브금",수영복,https://raw.githubusercontent.com/JforPlay/data_for_toy/main/skin_shipyard/10500021.webp
10500030,미나토 아쿠아,미나토 아쿠아,X,,https://raw.githubusercontent.com/JforPlay/data_for_toy/main/skin_shipyard/10500030.webp
10500031,미나토 아쿠아,해변의 메이드,"배경, 브금",홈웨어,https://raw.githubusercontent.com/JforPlay/data_for_toy/main/skin_shipyard/10500031.webp
10500040,나츠이로 마츠리,나츠이로 마츠리,X,,https://raw.githubusercontent.com/JforPlay/data_for_toy/main/skin_shipyard/10500040.webp
10500041,나츠이로 마츠리,마츠리의 일상생활,"배경, 브금",홈웨어,https://raw.githubusercontent.com/JforPlay/data_for_toy/main/skin_shipyard/10500041.webp
10500050,나키리 아야메,나키리 아야메,X,,https://raw.githubusercontent.com/JforPlay/data_for_toy/main/skin_shipyard/10500050.webp
10500051,나키리 아야메,여름의 백귀,"배경, 브금",수영복,https://raw.githubusercontent.com/JforPlay/data_for_toy/main/skin_shipyard/10500051.webp
10500060,무라사키 시온,무라사키 시온,X,,https://raw.githubusercontent.com/JforPlay/data_for_toy/main/skin_shipyard/10500060.webp
10500061,무라사키 시온,버츄얼 마법사,"배경, 브금",홈웨어,https://raw.githubusercontent.com/JforPlay/data_for_toy/main/skin_shipyard/10500061.webp
10500070,오오카미 미오,오오카미 미오,X,,https://raw.githubusercontent.com/JforPlay/data_for_toy/main/skin_shipyard/10500070.webp
10500071,오오카미 미오,Summer Vacance,"배경, 브금",수영복,https://raw.githubusercontent.com/JforPlay/data_for_toy/main/skin_shipyard/10500071.webp
10600010,마리 로즈,마리 로즈,X,,https://raw.githubusercontent.com/JforPlay/data_for_toy/main/skin_shipyard/10600010.webp
10600011,마리 로즈,물보라와 소악마 서번트,"배경, 브금",수영복,https://raw.githubusercontent.com/JforPlay/data_for_toy/main/skin_shipyard/10600011.webp
10600012,마리 로즈,수증기 속 비너스,"L2D, 배경, 브금",온천 타임,https://raw.githubusercontent.com/JforPlay/data_for_toy/main/skin_shipyard/10600012.webp
10600020,호노카,호노카,X,,https://raw.githubusercontent.com/JforPlay/data_for_toy/main/skin_shipyard/10600020.webp
10600021,호노카,물가의 서머엔젤,"배경, 브금",수영복,https://raw.githubusercontent.com/JforPlay/data_for_toy/main/skin_shipyard/10600021.webp
10600030,카스미(콜라보),카스미(콜라보),X,,https://raw.githubusercontent.com/JforPlay/data_for_toy/main/skin_shipyard/10600030.webp
10600031,카스미(콜라보),물가의 노을 빛,"배경, 브금",수영복,https://raw.githubusercontent.com/JforPlay/data_for_toy/main/skin_shipyard/10600031.webp
10600040,미사키,미사키,X,,https://raw.githubusercontent.com/JforPlay/data_for_toy/main/skin_shipyard/10600040.webp
10600041,미사키,특별한 골든 세션,"배경, 브금",수영복,https://raw.githubusercontent.com/JforPlay/data_for_toy/main/skin_shipyard/10600041.webp
10600042,미사키,밤하늘에 피는 꽃,"쁘띠모션, 배경, 브금",수영복,https://raw.githubusercontent.com/JforPlay/data_for_toy/main/skin_shipyard/10600042.webp
10600050,나기사,나기사,X,,https://raw.githubusercontent.com/JforPlay/data_for_toy/main/skin_shipyard/10600050.webp
10600051,나기사,푸른 하늘과 좋은 기분,"배경, 브금",수영복,https://raw.githubusercontent.com/JforPlay/data_for_toy/main/skin_shipyard/10600051.webp
10600060,뇨텐구,뇨텐구,X,,https://raw.githubusercontent.com/JforPlay/data_for_toy/main/skin_shipyard/10600060.webp
10600061,뇨텐구,붉게 물드는 온천 바캉스,"배경, 브금",수영복,https://raw.githubusercontent.com/JforPlay/data_for_toy/main/skin_shipyard/10600061.webp
10600070,모니카,모니카,X,,https://raw.githubusercontent.com/JforPlay/data_for_toy/main/skin_shipyard/10600070.webp
10600071,모니카,유별난 에이스 오브 하츠,"배경, 브금",수영복,https://raw.githubusercontent.com/JforPlay/data_for_toy/main/skin_shipyard/10600071.webp
10600080,루나,루나,X,,https://raw.githubusercontent.com/JforPlay/data_for_toy/main/skin_shipyard/10600080.webp
10600081,루나,해변의 여신,"배경, 브금, 쁘띠모션",수영복,https://raw.githubusercontent.com/JforPlay/data_for_toy/main/skin_shipyard/10600081.webp
10600090,타마키,타마키,X,,https://raw.githubusercontent.com/JforPlay/data_for_toy/main/skin_shipyard/10600090.webp
10600091,타마키,아프로디테 샤워 타임,"배경, 브금",수영복,https://raw.githubusercontent.com/JforPlay/data_for_toy/main/skin_shipyard/10600091.webp
10600100,엘리제,엘리제,X,,https://raw.githubusercontent.com/JforPlay/data_for_toy/main/skin_shipyard/10600100.webp
10600101,엘리제,어느 여신의 오후,"쁘띠모션, 배경, 브금",수영복,https://raw.githubusercontent.com/JforPlay/data_for_toy/main/skin_shipyard/10600101.webp
10600110,시즈쿠,시즈쿠,X,,https://raw.githubusercontent.com/JforPlay/data_for_toy/main/skin_shipyard/10600110.webp
10600111,시즈쿠,물에서 노는 소녀,"쁘띠모션, 배경, 브금",수영복,https://raw.githubusercontent.com/JforPlay/data_for_toy/main/skin_shipyard/10600111.webp
10600120,샌디,샌디,X,,https://raw.githubusercontent.com/JforPlay/data_for_toy/main/skin_shipyard/10600120.webp
10600121,샌디,매혹적인 스페셜 드링크,"쁘띠모션, 배경, 브금",수영복,https://raw.githubusercontent.com/JforPlay/data_for_toy/main/skin_shipyard/10600121.webp
10600130,츠쿠시,츠쿠시,X,,https://raw.githubusercontent.com/JforPlay/data_for_toy/main/skin_shipyard/10600130.webp
10600131,츠쿠시,드림 머신,"쁘띠모션, 배경, 브금",수영복,https://raw.githubusercontent.com/JforPlay/data_for_toy/main/skin_shipyard/10600131.webp
10600140,패티,패티,X,,https://raw.githubusercontent.com/JforPlay/data_for_toy/main/skin_shipyard/10600140.webp
10600141,패티,복슬복슬 아일랜드,"쁘띠모션, 배경, 브금",수영복,https://raw.githubusercontent.com/JforPlay/data_for_toy/main/skin_shipyard/10600141.webp
10600150,유키노,유키노,X,,https://raw.githubusercontent.com/JforPlay/data_for_toy/main/skin_shipyard/10600150.webp
10600151,유키노,큐트 애니멀,"쁘띠모션, 배경, 브금",수영복,https://raw.githubusercontent.com/JforPlay/data_for_toy/main/skin_shipyard/10600151.webp
10700010,아마미 하루카,아마미 하루카,X,,https://raw.githubusercontent.com/JforPlay/data_for_toy/main/skin_shipyard/10700010.webp
10700011,아마미 하루카,소란 속의 평온,"배경, 브금",여름 축제,https://raw.githubusercontent.com/JforPlay/data_for_toy/main/skin_shipyard/10700011.webp
10700020,키사라기 치하야,키사라기 치하야,X,,https://raw.githubusercontent.com/JforPlay/data_for_toy/main/skin_shipyard/10700020.webp
10700021,키사라기 치하야,천화의 거울,"배경, 브금",여름 축제,https://raw.githubusercontent.com/JforPlay/data_for_toy/main/skin_shipyard/10700021.webp
10700030,미나세 이오리,미나세 이오리,X,,https://raw.githubusercontent.com/JforPlay/data_for_toy/main/skin_shipyard/10700030.webp
10700031,미나세 이오리,비밀의 저녁,"배경, 브금",여름 축제,https://raw.githubusercontent.com/JforPlay/data_for_toy/main/skin_shipyard/10700031.webp
10700040,미우라 아즈사,미우라 아즈사,X,,https://raw.githubusercontent.com/JforPlay/data_for_toy/main/skin_shipyard/10700040.webp
10700041,미우라 아즈사,한여름의 휴식처,"배경, 브금",여름 축제,https://raw.githubusercontent.com/JforPlay/data_for_toy/main/skin_shipyard/10700041.webp
10700050,아키즈키 리츠코,아키즈키 리츠코,X,,https://raw.githubusercontent.com/JforPlay/data_for_toy/main/skin_shipyard/10700050.webp
10700051,아키즈키 리츠코,섬머 타임 서비스,"배경, 브금",여름 축제,https://raw.githubusercontent.com/JforPlay/data_for_toy/main/skin_shipyard/10700051.webp
10700060,후타미 아미,후타미 아미,X,,https://raw.githubusercontent.com/JforPlay/data_for_toy/main/skin_shipyard/10700060.webp
10700061,후타미 아미,큰 북과 여름의 꽃,"배경, 브금",여름 축제,https://raw.githubusercontent.com/JforPlay/data_for_toy/main/skin_shipyard/10700061.webp
10700070,후타미 마미,후타미 마미,X,,https://raw.githubusercontent.com/JforPlay/data_for_toy/main/skin_shipyard/10700070.webp
10700071,후타미 마미,섹시 페스티벌!,"배경, 브금",여름 축제,https://raw.githubusercontent.com/JforPlay/data_for_toy/main/skin_shipyard/10700071.webp
10800010,타카라다 릿카,타카라다 릿카,X,,https://raw.githubusercontent.com/JforPlay/data_for_toy/main/skin_shipyard/10800010.webp
10800011,타카라다 릿카,맑은 하늘의 정거장,"배경, 브금",사복,https://raw.githubusercontent.com/JforPlay/data_for_toy/main/skin_shipyard/10800011.webp
10800012,타카라다 릿카,마이 룸웨어,"배경, 브금",홈웨어,https://raw.githubusercontent.com/JforPlay/data_for_toy/main/skin_shipyard/10800012.webp
10800020,신죠 아카네,신죠 아카네,X,,https://raw.githubusercontent.com/JforPlay/data_for_toy/main/skin_shipyard/10800020.webp
10800021,신죠 아카네,둘만의 휴일,"배경, 브금",홈웨어,https://raw.githubusercontent.com/JforPlay/data_for_toy/main/skin_shipyard/10800021.webp
10800022,신죠 아카네,시크릿 룸,"배경, 브금",홈웨어,https://raw.githubusercontent.com/JforPlay/data_for_toy/main/skin_shipyard/10800022.webp
10800030,핫스,핫스,X,,https://raw.githubusercontent.com/JforPlay/data_for_toy/main/skin_shipyard/10800030.webp
10800031,핫스,모항 인터뷰 방송 중!,"배경, 브금",사복,https://raw.githubusercontent.com/JforPlay/data_for_toy/main/skin_shipyard/10800031.webp
10800040,나미코,나미코,X,,https://raw.githubusercontent.com/JforPlay/data_for_toy/main/skin_shipyard/10800040.webp
10800041,나미코,거리의 만남,"배경, 브금",사복,https://raw.githubusercontent.com/JforPlay/data_for_toy/main/skin_shipyard/10800041.webp
10800050,미나미 유메,미나미 유메,X,,https://raw.githubusercontent.com/JforPlay/data_for_toy/main/skin_shipyard/10800050.webp
10800051,미나미 유메,창가에 열리는 꿈,브금,사복,https://raw.githubusercontent.com/JforPlay/data_for_toy/main/skin_shipyard/10800051.webp
10800052,미나미 유메,모닝 루틴,"배경, 브금",홈웨어,https://raw.githubusercontent.com/JforPlay/data_for_toy/main/skin_shipyard/10800052.webp
10800060,아스카가와 치세,아스카가와 치세,X,,https://raw.githubusercontent.com/JforPlay/data_for_toy/main/skin_shipyard/10800060.webp
10800061,아스카가와 치세,그대와 헤엄치는 하늘,"배경, 브금",사복,https://raw.githubusercontent.com/JforPlay/data_for_toy/main/skin_shipyard/10800061.webp
10800062,아스카가와 치세,해피 런드리,"배경, 브금",홈웨어,https://raw.githubusercontent.com/JforPlay/data_for_toy/main/skin_shipyard/10800062.webp
10800070,무지나,무지나,X,,https://raw.githubusercontent.com/JforPlay/data_for_toy/main/skin_shipyard/10800070.webp
10800071,무지나,황금빛 산책길,"배경, 브금",사복,https://raw.githubusercontent.com/JforPlay/data_for_toy/main/skin_shipyard/10800071.webp
10800080,2대,2대,X,,https://raw.githubusercontent.com/JforPlay/data_for_toy/main/skin_shipyard/10800080.webp
10800081,2대,프라이빗 타임,"배경, 브금",홈웨어,https://raw.githubusercontent.com/JforPlay/data_for_toy/main/skin_shipyard/10800081.webp
10800090,공주,공주,X,,https://raw.githubusercontent.com/JforPlay/data_for_toy/main/skin_shipyard/10800090.webp
10800091,공주,나이트캡 타임,"배경, 브금",홈웨어,https://raw.githubusercontent.com/JforPlay/data_for_toy/main/skin_shipyard/10800091.webp
10900010,라이잘린 스타우트,라이잘린 스타우트,X,,https://raw.githubusercontent.com/JforPlay/data_for_toy/main/skin_shipyard/10900010.webp
10900011,라이잘린 스타우트,밤새는 연금술사,브금,홈웨어,https://raw.githubusercontent.com/JforPlay/data_for_toy/main/skin_shipyard/10900011.webp
10900012,라이잘린 스타우트,요리 도전!,"쁘띠모션, 배경, 브금",홈웨어,https://raw.githubusercontent.com/JforPlay/data_for_toy/main/skin_shipyard/10900012.webp
10900020,클라우디아 발렌츠,클라우디아 발렌츠,X,,https://raw.githubusercontent.com/JforPlay/data_for_toy/main/skin_shipyard/10900020.webp
10900021,클라우디아 발렌츠,굿나잇 전의 야화,"배경, 브금",홈웨어,https://raw.githubusercontent.com/JforPlay/data_for_toy/main/skin_shipyard/10900021.webp
10900030,파트리샤 아벨하임,파트리샤 아벨하임,X,,https://raw.githubusercontent.com/JforPlay/data_for_toy/main/skin_shipyard/10900030.webp
10900031,파트리샤 아벨하임,꿈과 현실의 휴식 시간,"배경, 브금",홈웨어,https://raw.githubusercontent.com/JforPlay/data_for_toy/main/skin_shipyard/10900031.webp
10900040,릴라 디자이어스,릴라 디자이어스,X,,https://raw.githubusercontent.com/JforPlay/data_for_toy/main/skin_shipyard/10900040.webp
10900041,릴라 디자이어스,월하의 만남,"배경, 브금",홈웨어,https://raw.githubusercontent.com/JforPlay/data_for_toy/main/skin_shipyard/10900041.webp
10900050,세리 글로스,세리 글로스,X,,https://raw.githubusercontent.com/JforPlay/data_for_toy/main/skin_shipyard/10900050.webp
10900051,세리 글로스,별이 빛나는 밤의 요정,"배경, 브금",홈웨어,https://raw.githubusercontent.com/JforPlay/data_for_toy/main/skin_shipyard/10900051.webp
10900060,칼라 이데아스,칼라 이데아스,X,,https://raw.githubusercontent.com/JforPlay/data_for_toy/main/skin_shipyard/10900060.webp
10900061,칼라 이데아스,장로 셰프,"쁘띠모션, 배경, 브금",홈웨어,https://raw.githubusercontent.com/JforPlay/data_for_toy/main/skin_shipyard/10900061.webp
11000010,아스카,아스카,X,,https://raw.githubusercontent.com/JforPlay/data_for_toy/main/skin_shipyard/11000010.webp
11000011,아스카,블루 오션스,"배경, 브금",수영복,https://raw.githubusercontent.com/JforPlay/data_for_toy/main/skin_shipyard/11000011.webp
11000020,이카루가,이카루가,X,,https://raw.githubusercontent.com/JforPlay/data_for_toy/main/skin_shipyard/11000020.webp
11000021,이카루가,잠시 동안의 평안,"배경, 브금",수영복,https://raw.githubusercontent.com/JforPlay/data_for_toy/main/skin_shipyard/11000021.webp
11000030,호무라,호무라,X,,https://raw.githubusercontent.com/JforPlay/data_for_toy/main/skin_shipyard/11000030.webp
11000031,호무라,시노비 앵글러,"배경, 브금",수영복,https://raw.githubusercontent.com/JforPlay/data_for_toy/main/skin_shipyard/11000031.webp
11000040,유미,유미,X,,https://raw.githubusercontent.com/JforPlay/data_for_toy/main/skin_shipyard/11000040.webp
11000041,유미,애프터눈 티타임,"배경, 브금",수영복,https://raw.githubusercontent.com/JforPlay/data_for_toy/main/skin_shipyard/11000041.webp
11000050,후부키(콜라보),후부키(콜라보),X,,https://raw.githubusercontent.com/JforPlay/data_for_toy/main/skin_shipyard/11000050.webp
11000051,후부키(콜라보),선셋 위치,"배경, 브금",수영복,https://raw.githubusercontent.com/JforPlay/data_for_toy/main/skin_shipyard/11000051.webp
11000060,무라사키,무라사키,X,,https://raw.githubusercontent.com/JforPlay/data_for_toy/main/skin_shipyard/11000060.webp
11000061,무라사키,포로가 된 공주님의 우울,"배경, 브금",수영복,https://raw.githubusercontent.com/JforPlay/data_for_toy/main/skin_shipyard/11000061.webp
11000070,유우야키,유우야키,X,,https://raw.githubusercontent.com/JforPlay/data_for_toy/main/skin_shipyard/11000070.webp
11000071,유우야키,블루 스카이 라군,"배경, 브금",수영복,https://raw.githubusercontent.com/JforPlay/data_for_toy/main/skin_shipyard/11000071.webp
11100010,라라 사타린 데빌룩,라라 사타린 데빌룩,X,,https://raw.githubusercontent.com/JforPlay/data_for_toy/main/skin_shipyard/11100010.webp
11100011,라라 사타린 데빌룩,사로잡힌 공주님,"배경, 브금",홈웨어,https://raw.githubusercontent.com/JforPlay/data_for_toy/main/skin_shipyard/11100011.webp
11100020,나나 아스타 데빌룩,나나 아스타 데빌룩,X,,https://raw.githubusercontent.com/JforPlay/data_for_toy/main/skin_shipyard/11100020.webp
11100021,나나 아스타 데빌룩,게임 타임!,"배경, 브금",홈웨어,https://raw.githubusercontent.com/JforPlay/data_for_toy/main/skin_shipyard/11100021.webp
11100030,모모 베리아 데빌룩,모모 베리아 데빌룩,X,,https://raw.githubusercontent.com/JforPlay/data_for_toy/main/skin_shipyard/11100030.webp
11100031,모모 베리아 데빌룩,깨어나는 「꿈」,"배경, 브금",홈웨어,https://raw.githubusercontent.com/JforPlay/data_for_toy/main/skin_shipyard/11100031.webp
11100040,금빛 어둠,금빛 어둠,X,,https://raw.githubusercontent.com/JforPlay/data_for_toy/main/skin_shipyard/11100040.webp
11100041,금빛 어둠,친구들의 파자마 장비,"배경, 브금",홈웨어,https://raw.githubusercontent.com/JforPlay/data_for_toy/main/skin_shipyard/11100041.webp
11100050,사이렌지 하루나,사이렌지 하루나,X,,https://raw.githubusercontent.com/JforPlay/data_for_toy/main/skin_shipyard/11100050.webp
11100051,사이렌지 하루나,모든 것은 고요한 밤에,"배경, 브금",홈웨어,https://raw.githubusercontent.com/JforPlay/data_for_toy/main/skin_shipyard/11100051.webp
11100060,코테가와 유이,코테가와 유이,X,,https://raw.githubusercontent.com/JforPlay/data_for_toy/main/skin_shipyard/11100060.webp
11100061,코테가와 유이,선도부원의 휴일,"배경, 브금",홈웨어,https://raw.githubusercontent.com/JforPlay/data_for_toy/main/skin_shipyard/11100061.webp
11200010,BLACK★ROCK SHOOTER,BLACK★ROCK SHOOTER,X,,https://raw.githubusercontent.com/JforPlay/data_for_toy/main/skin_shipyard/11200010.webp
11200011,BLACK★ROCK SHOOTER,블랙의 여신,"쁘띠모션, 배경",수영복,https://raw.githubusercontent.com/JforPlay/data_for_toy/main/skin_shipyard/11200011.webp
11200020,DEAD MASTER,DEAD MASTER,X,,https://raw.githubusercontent.com/JforPlay/data_for_toy/main/skin_shipyard/11200020.webp
11200021,DEAD MASTER,전사의 휴식,쁘띠모션,수영복,https://raw.githubusercontent.com/JforPlay/data_for_toy/main/skin_shipyard/11200021.webp
11300010,유미아 리스펠트,유미아 리스펠트,X,,https://raw.githubusercontent.com/JforPlay/data_for_toy/main/skin_shipyard/11300010.webp
11300011,유미아 리스펠트,우리집 파티시에 씨,"쁘띠모션, 배경, 브금",홈웨어,https://raw.githubusercontent.com/JforPlay/data_for_toy/main/skin_shipyard/11300011.webp
11300020,아일라 폰 뒤러,아일라 폰 뒤러,X,,https://raw.githubusercontent.com/JforPlay/data_for_toy/main/skin_shipyard/11300020.webp
11300021,아일라 폰 뒤러,휴일의 아웃도어 스타일,"쁘띠모션, 배경, 브금",홈웨어,https://raw.githubusercontent.com/JforPlay/data_for_toy/main/skin_shipyard/11300021.webp
11300030,니나 프리드,니나 프리드,X,,https://raw.githubusercontent.com/JforPlay/data_for_toy/main/skin_shipyard/11300030.webp
11300031,니나 프리드,Cafe & Diner Mode,"쁘띠모션, 배경, 브금",홈웨어,https://raw.githubusercontent.com/JforPlay/data_for_toy/main/skin_shipyard/11300031.webp
11300040,레이냐,레이냐,X,,https://raw.githubusercontent.com/JforPlay/data_for_toy/main/skin_shipyard/11300040.webp
11300041,레이냐,서머 베케이션,"쁘띠모션, 배경, 브금",홈웨어,https://raw.githubusercontent.com/JforPlay/data_for_toy/main/skin_shipyard/11300041.webp
11400010,헤스티아,헤스티아,X,,https://raw.githubusercontent.com/JforPlay/data_for_toy/main/skin_shipyard/11400010.webp
11400011,헤스티아,갓 배케이션!,"쁘띠모션, 배경, 브금",수영복,https://raw.githubusercontent.com/JforPlay/data_for_toy/main/skin_shipyard/11400011.webp
11400020,류 리온,류 리온,X,,https://raw.githubusercontent.com/JforPlay/data_for_toy/main/skin_shipyard/11400020.webp
11400021,류 리온,밤의 술집에서,"쁘띠모션, 배경, 브금",메이드 타임,https://raw.githubusercontent.com/JforPlay/data_for_toy/main/skin_shipyard/11400021.webp
11500010,야토가미 토카,야토가미 토카,X,,https://raw.githubusercontent.com/JforPlay/data_for_toy/main/skin_shipyard/11500010.webp
11500011,야토가미 토카,브레이크 타임,"쁘띠모션, 배경, 브금",수영복,https://raw.githubusercontent.com/JforPlay/data_for_toy/main/skin_shipyard/11500011.webp
11500020,토비이치 오리가미,토비이치 오리가미,X,,https://raw.githubusercontent.com/JforPlay/data_for_toy/main/skin_shipyard/11500020.webp
11500021,토비이치 오리가미,매혹을 관장하는 정령,"쁘띠모션, 배경, 브금",수영복,https://raw.githubusercontent.com/JforPlay/data_for_toy/main/skin_shipyard/11500021.webp
11500030,이츠카 코토리,이츠카 코토리,X,,https://raw.githubusercontent.com/JforPlay/data_for_toy/main/skin_shipyard/11500030.webp
11500031,이츠카 코토리,물가의 여신,"쁘띠모션, 브금",수영복,https://raw.githubusercontent.com/JforPlay/data_for_toy/main/skin_shipyard/11500031.webp
11500040,요시노,요시노,X,,https://raw.githubusercontent.com/JforPlay/data_for_toy/main/skin_shipyard/11500040.webp
11500041,요시노,시크릿 베이스,"쁘띠모션, 배경, 브금",수영복,https://raw.githubusercontent.com/JforPlay/data_for_toy/main/skin_shipyard/11500041.webp
11500050,토키사키 쿠루미,토키사키 쿠루미,X,,https://raw.githubusercontent.com/JforPlay/data_for_toy/main/skin_shipyard/11500050.webp
11500051,토키사키 쿠루미,트윈 로즈,"쁘띠모션, 배경, 브금",수영복,https://raw.githubusercontent.com/JforPlay/data_for_toy/main/skin_shipyard/11500051.webp
11500060,야마이 카구야 · 야마이 유즈루,야마이 카구야 · 야마이 유즈루,X,,https://raw.githubusercontent.com/JforPlay/data_for_toy/main/skin_shipyard/11500060.webp
11500061,야마이 카구야 · 야마이 유즈루,블루 오션 랑데부,"쁘띠모션, 배경, 브금",수영복,https://raw.githubusercontent.com/JforPlay/data_for_toy/main/skin_shipyard/11500061.webp
