id,reason,name,image_url,아이웨어,자세,방향,강조부위,머리색,머리 다중색,눈색,수인특징
101020,충돌,듀이,https://wsrv.nl/?w=400&output=jpg&bg=white&url=https%3A%2F%2Fraw.githubusercontent.com%2FJforPlay%2Fdata_for_toy%2Fmain%2Foutput_expressions%2F101020%2Fpainting.png,없음,앉기·무릎꿇기,정면,없음,보라,단색,금색,없음
101021,충돌,여름의 동경,https://wsrv.nl/?w=400&output=jpg&bg=white&url=https%3A%2F%2Fraw.githubusercontent.com%2FJforPlay%2Fdata_for_toy%2Fmain%2Foutput_expressions%2F101021%2Fpainting.png,없음,엎드리기,후면,발바닥,보라,단색,금색,없음
101022,충돌,겨울밤의 감사,https://wsrv.nl/?w=400&output=jpg&bg=white&url=https%3A%2F%2Fraw.githubusercontent.com%2FJforPlay%2Fdata_for_toy%2Fmain%2Foutput_expressions%2F101022%2Fpainting.png,없음,앉기·무릎꿇기,정면,없음,보라,단색,금색,동물귀
101030,충돌,캐신,https://wsrv.nl/?w=400&output=jpg&bg=white&url=https%3A%2F%2Fraw.githubusercontent.com%2FJforPlay%2Fdata_for_toy%2Fmain%2Foutput_expressions%2F101030%2Fpainting.png,없음,서기,정면,없음,흑발,단색,오드아이,없음
101031,충돌,쇼핑 카트 아씨,https://wsrv.nl/?w=400&output=jpg&bg=white&url=https%3A%2F%2Fraw.githubusercontent.com%2FJforPlay%2Fdata_for_toy%2Fmain%2Foutput_expressions%2F101031%2Fpainting.png,없음,앉기·무릎꿇기,정면,발바닥,보라,단색,오드아이,없음
101039,충돌,캐신·改,https://wsrv.nl/?w=400&output=jpg&bg=white&url=https%3A%2F%2Fraw.githubusercontent.com%2FJforPlay%2Fdata_for_toy%2Fmain%2Foutput_expressions%2F101039%2Fpainting.png,없음,앉기·무릎꿇기,정면,발바닥,보라,그라데이션,금색,없음
101040,충돌,다운즈,https://wsrv.nl/?w=400&output=jpg&bg=white&url=https%3A%2F%2Fraw.githubusercontent.com%2FJforPlay%2Fdata_for_toy%2Fmain%2Foutput_expressions%2F101040%2Fpainting.png,없음,서기,정면,없음,은발·백발,단색,적색,없음
101041,충돌,파트 타임 봄버,https://wsrv.nl/?w=400&output=jpg&bg=white&url=https%3A%2F%2Fraw.githubusercontent.com%2FJforPlay%2Fdata_for_toy%2Fmain%2Foutput_expressions%2F101041%2Fpainting.png,없음,앉기·무릎꿇기,후면,없음,은발·백발,단색,금색,없음
101049,충돌,다운즈·改,https://wsrv.nl/?w=400&output=jpg&bg=white&url=https%3A%2F%2Fraw.githubusercontent.com%2FJforPlay%2Fdata_for_toy%2Fmain%2Foutput_expressions%2F101049%2Fpainting.png,없음,서기,정면,없음,은발·백발,브릿지,적색,없음
101110,충돌,찰스 오스본,https://wsrv.nl/?w=400&output=jpg&bg=white&url=https%3A%2F%2Fraw.githubusercontent.com%2FJforPlay%2Fdata_for_toy%2Fmain%2Foutput_expressions%2F101110%2Fpainting.png,없음,서기,정면,없음,금발,그라데이션,보라,없음
101119,충돌,찰스 오스본•改,https://wsrv.nl/?w=400&output=jpg&bg=white&url=https%3A%2F%2Fraw.githubusercontent.com%2FJforPlay%2Fdata_for_toy%2Fmain%2Foutput_expressions%2F101119%2Fpainting.png,없음,서기,정면,없음,금발,단색,보라,없음
101160,충돌,벤슨,https://wsrv.nl/?w=400&output=jpg&bg=white&url=https%3A%2F%2Fraw.githubusercontent.com%2FJforPlay%2Fdata_for_toy%2Fmain%2Foutput_expressions%2F101160%2Fpainting.png,없음,서기,정면,겨드랑이,금발,단색,갈색,동물귀
101161,충돌,핼러윈 토끼 미소녀!,https://wsrv.nl/?w=400&output=jpg&bg=white&url=https%3A%2F%2Fraw.githubusercontent.com%2FJforPlay%2Fdata_for_toy%2Fmain%2Foutput_expressions%2F101161%2Fpainting.png,없음,서기,후면,없음,금발,단색,금색,동물귀
101170,충돌,라피,https://wsrv.nl/?w=400&output=jpg&bg=white&url=https%3A%2F%2Fraw.githubusercontent.com%2FJforPlay%2Fdata_for_toy%2Fmain%2Foutput_expressions%2F101170%2Fpainting.png,없음,서기,정면,없음,은발·백발,단색,적색,없음
101172,충돌,눈토끼와 사과 사탕,https://wsrv.nl/?w=400&output=jpg&bg=white&url=https%3A%2F%2Fraw.githubusercontent.com%2FJforPlay%2Fdata_for_toy%2Fmain%2Foutput_expressions%2F101172%2Fpainting.png,없음,서기,정면,없음,은발·백발,단색,적색,없음
101173,충돌,봄을 기다리는 토끼,https://wsrv.nl/?w=400&output=jpg&bg=white&url=https%3A%2F%2Fraw.githubusercontent.com%2FJforPlay%2Fdata_for_toy%2Fmain%2Foutput_expressions%2F101173%2Fpainting.png,없음,앉기·무릎꿇기,정면,발바닥,은발·백발,단색,적색,동물귀
101174,충돌,토끼 직원?,https://wsrv.nl/?w=400&output=jpg&bg=white&url=https%3A%2F%2Fraw.githubusercontent.com%2FJforPlay%2Fdata_for_toy%2Fmain%2Foutput_expressions%2F101174%2Fpainting.png,없음,서기,정면,없음,은발·백발,단색,적색,없음
101175,충돌,피크닉 해프닝?,https://wsrv.nl/?w=400&output=jpg&bg=white&url=https%3A%2F%2Fraw.githubusercontent.com%2FJforPlay%2Fdata_for_toy%2Fmain%2Foutput_expressions%2F101175%2Fpainting.png,없음,앉기·무릎꿇기,정면,발바닥,보라,단색,분홍,동물귀
101176,충돌,토끼 아이돌・나른나른,https://wsrv.nl/?w=400&output=jpg&bg=white&url=https%3A%2F%2Fraw.githubusercontent.com%2FJforPlay%2Fdata_for_toy%2Fmain%2Foutput_expressions%2F101176%2Fpainting.png,없음,서기,정면,없음,은발·백발,단색,적색,없음
101177,충돌,대청소의 시작과 끝,https://wsrv.nl/?w=400&output=jpg&bg=white&url=https%3A%2F%2Fraw.githubusercontent.com%2FJforPlay%2Fdata_for_toy%2Fmain%2Foutput_expressions%2F101177%2Fpainting.png,없음,눕기,정면,발바닥,은발·백발,단색,적색,없음
101178,충돌,토끼와 서약,https://wsrv.nl/?w=400&output=jpg&bg=white&url=https%3A%2F%2Fraw.githubusercontent.com%2FJforPlay%2Fdata_for_toy%2Fmain%2Foutput_expressions%2F101178%2Fpainting.png,없음,서기,정면,없음,은발·백발,단색,적색,동물귀
101179,충돌,라피·改,https://wsrv.nl/?w=400&output=jpg&bg=white&url=https%3A%2F%2Fraw.githubusercontent.com%2FJforPlay%2Fdata_for_toy%2Fmain%2Foutput_expressions%2F101179%2Fpainting.png,없음,서기,정면,없음,은발·백발,단색,적색,없음
101250,충돌,허먼,https://wsrv.nl/?w=400&output=jpg&bg=white&url=https%3A%2F%2Fraw.githubusercontent.com%2FJforPlay%2Fdata_for_toy%2Fmain%2Foutput_expressions%2F101250%2Fpainting.png,없음,서기,정면,없음,은발·백발,단색,청색,"동물귀, 꼬리"
101251,충돌,새침데기 섬머,https://wsrv.nl/?w=400&output=jpg&bg=white&url=https%3A%2F%2Fraw.githubusercontent.com%2FJforPlay%2Fdata_for_toy%2Fmain%2Foutput_expressions%2F101251%2Fpainting.png,없음,서기,정면,없음,은발·백발,단색,청색,동물귀
101252,충돌,무도회의 새침한 요정,https://wsrv.nl/?w=400&output=jpg&bg=white&url=https%3A%2F%2Fraw.githubusercontent.com%2FJforPlay%2Fdata_for_toy%2Fmain%2Foutput_expressions%2F101252%2Fpainting.png,없음,서기,정면,없음,은발·백발,단색,청색,없음
101253,충돌,냥냥 아이돌 펀치!,https://wsrv.nl/?w=400&output=jpg&bg=white&url=https%3A%2F%2Fraw.githubusercontent.com%2FJforPlay%2Fdata_for_toy%2Fmain%2Foutput_expressions%2F101253%2Fpainting.png,없음,서기,정면,없음,은발·백발,단색,청색,"동물귀, 꼬리"
101254,충돌,성야의 서프라이즈!,https://wsrv.nl/?w=400&output=jpg&bg=white&url=https%3A%2F%2Fraw.githubusercontent.com%2FJforPlay%2Fdata_for_toy%2Fmain%2Foutput_expressions%2F101254%2Fpainting.png,없음,눕기,정면,발바닥,은발·백발,단색,청색,없음
101255,충돌,Blushing Fellow,https://wsrv.nl/?w=400&output=jpg&bg=white&url=https%3A%2F%2Fraw.githubusercontent.com%2FJforPlay%2Fdata_for_toy%2Fmain%2Foutput_expressions%2F101255%2Fpainting.png,없음,서기,후면,없음,은발·백발,단색,녹색,없음
101259,충돌,허먼·改,https://wsrv.nl/?w=400&output=jpg&bg=white&url=https%3A%2F%2Fraw.githubusercontent.com%2FJforPlay%2Fdata_for_toy%2Fmain%2Foutput_expressions%2F101259%2Fpainting.png,없음,서기,정면,없음,은발·백발,단색,청색,동물귀
101260,충돌,엘드릿지,https://wsrv.nl/?w=400&output=jpg&bg=white&url=https%3A%2F%2Fraw.githubusercontent.com%2FJforPlay%2Fdata_for_toy%2Fmain%2Foutput_expressions%2F101260%2Fpainting.png,없음,앉기·무릎꿇기,정면,없음,금발,단색,적색,없음
101261,충돌,성야의 포옹,https://wsrv.nl/?w=400&output=jpg&bg=white&url=https%3A%2F%2Fraw.githubusercontent.com%2FJforPlay%2Fdata_for_toy%2Fmain%2Foutput_expressions%2F101261%2Fpainting.png,없음,앉기·무릎꿇기,정면,겨드랑이,금발,단색,분홍,없음
101262,충돌,빈 교실의 불가사의,https://wsrv.nl/?w=400&output=jpg&bg=white&url=https%3A%2F%2Fraw.githubusercontent.com%2FJforPlay%2Fdata_for_toy%2Fmain%2Foutput_expressions%2F101262%2Fpainting.png,없음,앉기·무릎꿇기,정면,없음,금발,단색,분홍,없음
101263,충돌,정월의 손길,https://wsrv.nl/?w=400&output=jpg&bg=white&url=https%3A%2F%2Fraw.githubusercontent.com%2FJforPlay%2Fdata_for_toy%2Fmain%2Foutput_expressions%2F101263%2Fpainting.png,안경,서기,정면,없음,금발,단색,분홍,없음
101264,충돌,냥냥 아이돌?,https://wsrv.nl/?w=400&output=jpg&bg=white&url=https%3A%2F%2Fraw.githubusercontent.com%2FJforPlay%2Fdata_for_toy%2Fmain%2Foutput_expressions%2F101264%2Fpainting.png,없음,서기,정면,없음,금발,단색,분홍,"동물귀, 꼬리"
101265,충돌,우주 추석,https://wsrv.nl/?w=400&output=jpg&bg=white&url=https%3A%2F%2Fraw.githubusercontent.com%2FJforPlay%2Fdata_for_toy%2Fmain%2Foutput_expressions%2F101265%2Fpainting.png,없음,서기,정면,없음,금발,단색,분홍,없음
101266,충돌,오늘도 착한 아이의 방과후,https://wsrv.nl/?w=400&output=jpg&bg=white&url=https%3A%2F%2Fraw.githubusercontent.com%2FJforPlay%2Fdata_for_toy%2Fmain%2Foutput_expressions%2F101266%2Fpainting.png,없음,서기,정면,없음,금발,단색,적색,없음
101268,충돌,한낮의 포레스트 채플,https://wsrv.nl/?w=400&output=jpg&bg=white&url=https%3A%2F%2Fraw.githubusercontent.com%2FJforPlay%2Fdata_for_toy%2Fmain%2Foutput_expressions%2F101268%2Fpainting.png,없음,눕기,정면,없음,금발,단색,보라,없음
101269,충돌,엘드릿지·改,https://wsrv.nl/?w=400&output=jpg&bg=white&url=https%3A%2F%2Fraw.githubusercontent.com%2FJforPlay%2Fdata_for_toy%2Fmain%2Foutput_expressions%2F101269%2Fpainting.png,없음,서기,정면,없음,금발,단색,적색,없음
101270,충돌,베일리,https://wsrv.nl/?w=400&output=jpg&bg=white&url=https%3A%2F%2Fraw.githubusercontent.com%2FJforPlay%2Fdata_for_toy%2Fmain%2Foutput_expressions%2F101270%2Fpainting.png,없음,서기,정면,없음,적발,단색,적색,없음
101271,충돌,장난스러운 베일리,https://wsrv.nl/?w=400&output=jpg&bg=white&url=https%3A%2F%2Fraw.githubusercontent.com%2FJforPlay%2Fdata_for_toy%2Fmain%2Foutput_expressions%2F101271%2Fpainting.png,없음,앉기·무릎꿇기,정면,없음,적발,단색,적색,없음
101272,충돌,토끼토끼 산타!,https://wsrv.nl/?w=400&output=jpg&bg=white&url=https%3A%2F%2Fraw.githubusercontent.com%2FJforPlay%2Fdata_for_toy%2Fmain%2Foutput_expressions%2F101272%2Fpainting.png,없음,서기,후면,없음,적발,단색,갈색,없음
101279,충돌,베일리·改,https://wsrv.nl/?w=400&output=jpg&bg=white&url=https%3A%2F%2Fraw.githubusercontent.com%2FJforPlay%2Fdata_for_toy%2Fmain%2Foutput_expressions%2F101279%2Fpainting.png,없음,서기,정면,없음,적발,단색,적색,없음
101290,충돌,래드포드,https://wsrv.nl/?w=400&output=jpg&bg=white&url=https%3A%2F%2Fraw.githubusercontent.com%2FJforPlay%2Fdata_for_toy%2Fmain%2Foutput_expressions%2F101290%2Fpainting.png,없음,서기,정면,없음,분홍,단색,청색,없음
101291,충돌,Candy Magic！,https://wsrv.nl/?w=400&output=jpg&bg=white&url=https%3A%2F%2Fraw.githubusercontent.com%2FJforPlay%2Fdata_for_toy%2Fmain%2Foutput_expressions%2F101291%2Fpainting.png,없음,서기,후면,없음,분홍,단색,청색,동물귀
101300,충돌,젠킨스,https://wsrv.nl/?w=400&output=jpg&bg=white&url=https%3A%2F%2Fraw.githubusercontent.com%2FJforPlay%2Fdata_for_toy%2Fmain%2Foutput_expressions%2F101300%2Fpainting.png,없음,서기,정면,겨드랑이,금발,단색,적색,없음
101301,충돌,별빛과 흰눈의 이브,https://wsrv.nl/?w=400&output=jpg&bg=white&url=https%3A%2F%2Fraw.githubusercontent.com%2FJforPlay%2Fdata_for_toy%2Fmain%2Foutput_expressions%2F101301%2Fpainting.png,없음,앉기·무릎꿇기,정면,없음,금발,단색,금색,없음
101310,충돌,니콜라스,https://wsrv.nl/?w=400&output=jpg&bg=white&url=https%3A%2F%2Fraw.githubusercontent.com%2FJforPlay%2Fdata_for_toy%2Fmain%2Foutput_expressions%2F101310%2Fpainting.png,없음,앉기·무릎꿇기,정면,없음,은발·백발,단색,적색,없음
101311,충돌,니콜너스,https://wsrv.nl/?w=400&output=jpg&bg=white&url=https%3A%2F%2Fraw.githubusercontent.com%2FJforPlay%2Fdata_for_toy%2Fmain%2Foutput_expressions%2F101311%2Fpainting.png,없음,앉기·무릎꿇기,정면,없음,은발·백발,단색,오드아이,없음
101312,충돌,미스 패키징?,https://wsrv.nl/?w=400&output=jpg&bg=white&url=https%3A%2F%2Fraw.githubusercontent.com%2FJforPlay%2Fdata_for_toy%2Fmain%2Foutput_expressions%2F101312%2Fpainting.png,없음,눕기,정면,발바닥,은발·백발,단색,오드아이,없음
101313,충돌,여름 청소 운동,https://wsrv.nl/?w=400&output=jpg&bg=white&url=https%3A%2F%2Fraw.githubusercontent.com%2FJforPlay%2Fdata_for_toy%2Fmain%2Foutput_expressions%2F101313%2Fpainting.png,없음,서기,후면,없음,은발·백발,단색,오드아이,없음
101314,충돌,방과후의 서프라이즈?,https://wsrv.nl/?w=400&output=jpg&bg=white&url=https%3A%2F%2Fraw.githubusercontent.com%2FJforPlay%2Fdata_for_toy%2Fmain%2Foutput_expressions%2F101314%2Fpainting.png,없음,앉기·무릎꿇기,정면,없음,은발·백발,단색,오드아이,없음
101319,충돌,니콜라스·改,https://wsrv.nl/?w=400&output=jpg&bg=white&url=https%3A%2F%2Fraw.githubusercontent.com%2FJforPlay%2Fdata_for_toy%2Fmain%2Foutput_expressions%2F101319%2Fpainting.png,없음,서기,정면,없음,은발·백발,단색,오드아이,없음
101350,충돌,배시,https://wsrv.nl/?w=400&output=jpg&bg=white&url=https%3A%2F%2Fraw.githubusercontent.com%2FJforPlay%2Fdata_for_toy%2Fmain%2Foutput_expressions%2F101350%2Fpainting.png,없음,서기,정면,없음,금발,단색,보라,없음
101351,충돌,럭셔리 스피드 스타,https://wsrv.nl/?w=400&output=jpg&bg=white&url=https%3A%2F%2Fraw.githubusercontent.com%2FJforPlay%2Fdata_for_toy%2Fmain%2Foutput_expressions%2F101351%2Fpainting.png,선글라스,앉기·무릎꿇기,정면,발바닥,금발,단색,보라,없음
101352,충돌,눈부신 경기장의 별,https://wsrv.nl/?w=400&output=jpg&bg=white&url=https%3A%2F%2Fraw.githubusercontent.com%2FJforPlay%2Fdata_for_toy%2Fmain%2Foutput_expressions%2F101352%2Fpainting.png,고글,서기,정면,겨드랑이,금발,단색,금색,없음
101360,충돌,하비,https://wsrv.nl/?w=400&output=jpg&bg=white&url=https%3A%2F%2Fraw.githubusercontent.com%2FJforPlay%2Fdata_for_toy%2Fmain%2Foutput_expressions%2F101360%2Fpainting.png,없음,서기,정면,발바닥,은발·백발,단색,분홍,없음
101361,충돌,리틀 스쿨 스타,https://wsrv.nl/?w=400&output=jpg&bg=white&url=https%3A%2F%2Fraw.githubusercontent.com%2FJforPlay%2Fdata_for_toy%2Fmain%2Foutput_expressions%2F101361%2Fpainting.png,없음,서기,정면,없음,은발·백발,그라데이션,보라,동물귀
101370,충돌,커크,https://wsrv.nl/?w=400&output=jpg&bg=white&url=https%3A%2F%2Fraw.githubusercontent.com%2FJforPlay%2Fdata_for_toy%2Fmain%2Foutput_expressions%2F101370%2Fpainting.png,없음,서기,정면,없음,금발,브릿지,청색,없음
101371,충돌,학원의 눈꽃 요정,https://wsrv.nl/?w=400&output=jpg&bg=white&url=https%3A%2F%2Fraw.githubusercontent.com%2FJforPlay%2Fdata_for_toy%2Fmain%2Foutput_expressions%2F101371%2Fpainting.png,없음,서기,정면,없음,금발,그라데이션,청색,없음
101400,충돌,아일윈,https://wsrv.nl/?w=400&output=jpg&bg=white&url=https%3A%2F%2Fraw.githubusercontent.com%2FJforPlay%2Fdata_for_toy%2Fmain%2Foutput_expressions%2F101400%2Fpainting.png,없음,서기,후면,없음,분홍,단색,적색,없음
101401,충돌,일요일의 아쿠아리움,https://wsrv.nl/?w=400&output=jpg&bg=white&url=https%3A%2F%2Fraw.githubusercontent.com%2FJforPlay%2Fdata_for_toy%2Fmain%2Foutput_expressions%2F101401%2Fpainting.png,없음,서기,정면,없음,분홍,그라데이션,적색,없음
101420,충돌,스몰리,https://wsrv.nl/?w=400&output=jpg&bg=white&url=https%3A%2F%2Fraw.githubusercontent.com%2FJforPlay%2Fdata_for_toy%2Fmain%2Foutput_expressions%2F101420%2Fpainting.png,없음,서기,정면,없음,금발,단색,청색,없음
101421,충돌,위치 딜리버리,https://wsrv.nl/?w=400&output=jpg&bg=white&url=https%3A%2F%2Fraw.githubusercontent.com%2FJforPlay%2Fdata_for_toy%2Fmain%2Foutput_expressions%2F101421%2Fpainting.png,없음,기타,정면,없음,금발,단색,청색,"뿔, 날개"
101440,충돌,쿠퍼,https://wsrv.nl/?w=400&output=jpg&bg=white&url=https%3A%2F%2Fraw.githubusercontent.com%2FJforPlay%2Fdata_for_toy%2Fmain%2Foutput_expressions%2F101440%2Fpainting.png,없음,서기,정면,없음,흑발,단색,분홍,없음
101441,충돌,뜨거운 테니스장,https://wsrv.nl/?w=400&output=jpg&bg=white&url=https%3A%2F%2Fraw.githubusercontent.com%2FJforPlay%2Fdata_for_toy%2Fmain%2Foutput_expressions%2F101441%2Fpainting.png,없음,서기,정면,없음,흑발,단색,분홍,없음
101442,충돌,성야의 따뜻한 선물,https://wsrv.nl/?w=400&output=jpg&bg=white&url=https%3A%2F%2Fraw.githubusercontent.com%2FJforPlay%2Fdata_for_toy%2Fmain%2Foutput_expressions%2F101442%2Fpainting.png,없음,앉기·무릎꿇기,후면,발바닥,흑발,단색,적색,없음
101450,충돌,알렌 M. 섬너,https://wsrv.nl/?w=400&output=jpg&bg=white&url=https%3A%2F%2Fraw.githubusercontent.com%2FJforPlay%2Fdata_for_toy%2Fmain%2Foutput_expressions%2F101450%2Fpainting.png,없음,서기,정면,겨드랑이,흑발,단색,적색,없음
101451,충돌,Charming Rabbit,https://wsrv.nl/?w=400&output=jpg&bg=white&url=https%3A%2F%2Fraw.githubusercontent.com%2FJforPlay%2Fdata_for_toy%2Fmain%2Foutput_expressions%2F101451%2Fpainting.png,없음,앉기·무릎꿇기,정면,없음,흑발,단색,적색,동물귀
101452,충돌,트윈 페이스 미스틱,https://wsrv.nl/?w=400&output=jpg&bg=white&url=https%3A%2F%2Fraw.githubusercontent.com%2FJforPlay%2Fdata_for_toy%2Fmain%2Foutput_expressions%2F101452%2Fpainting.png,안대,서기,후면,없음,청발,단색,적색,없음
101460,충돌,스테판 포터,https://wsrv.nl/?w=400&output=jpg&bg=white&url=https%3A%2F%2Fraw.githubusercontent.com%2FJforPlay%2Fdata_for_toy%2Fmain%2Foutput_expressions%2F101460%2Fpainting.png,없음,서기,정면,발바닥,금발,단색,청색,없음
101461,충돌,느긋한 핑크 바니,https://wsrv.nl/?w=400&output=jpg&bg=white&url=https%3A%2F%2Fraw.githubusercontent.com%2FJforPlay%2Fdata_for_toy%2Fmain%2Foutput_expressions%2F101461%2Fpainting.png,없음,눕기,정면,없음,금발,단색,보라,없음
101470,충돌,모리슨,https://wsrv.nl/?w=400&output=jpg&bg=white&url=https%3A%2F%2Fraw.githubusercontent.com%2FJforPlay%2Fdata_for_toy%2Fmain%2Foutput_expressions%2F101470%2Fpainting.png,없음,서기,정면,없음,갈색,단색,금색,없음
101471,충돌,Sleeping Bunny,https://wsrv.nl/?w=400&output=jpg&bg=white&url=https%3A%2F%2Fraw.githubusercontent.com%2FJforPlay%2Fdata_for_toy%2Fmain%2Foutput_expressions%2F101471%2Fpainting.png,없음,엎드리기,후면,발바닥,금발,단색,금색,동물귀
101472,충돌,하이테크? 인술?,https://wsrv.nl/?w=400&output=jpg&bg=white&url=https%3A%2F%2Fraw.githubusercontent.com%2FJforPlay%2Fdata_for_toy%2Fmain%2Foutput_expressions%2F101472%2Fpainting.png,없음,앉기·무릎꿇기,후면,없음,금발,단색,금색,없음
101480,충돌,잉그레이엄,https://wsrv.nl/?w=400&output=jpg&bg=white&url=https%3A%2F%2Fraw.githubusercontent.com%2FJforPlay%2Fdata_for_toy%2Fmain%2Foutput_expressions%2F101480%2Fpainting.png,안경,앉기·무릎꿇기,정면,없음,갈색,단색,적색,없음
101481,충돌,음료 연구원?,https://wsrv.nl/?w=400&output=jpg&bg=white&url=https%3A%2F%2Fraw.githubusercontent.com%2FJforPlay%2Fdata_for_toy%2Fmain%2Foutput_expressions%2F101481%2Fpainting.png,안경,앉기·무릎꿇기,정면,없음,흑발,단색,적색,없음
101490,충돌,브리스톨,https://wsrv.nl/?w=400&output=jpg&bg=white&url=https%3A%2F%2Fraw.githubusercontent.com%2FJforPlay%2Fdata_for_toy%2Fmain%2Foutput_expressions%2F101490%2Fpainting.png,없음,서기,정면,없음,흑발,단색,금색,없음
101491,충돌,이스트 글림의 괴담,https://wsrv.nl/?w=400&output=jpg&bg=white&url=https%3A%2F%2Fraw.githubusercontent.com%2FJforPlay%2Fdata_for_toy%2Fmain%2Foutput_expressions%2F101491%2Fpainting.png,없음,앉기·무릎꿇기,정면,없음,갈색,단색,금색,없음
101492,충돌,토플리스 인베스티게이터,https://wsrv.nl/?w=400&output=jpg&bg=white&url=https%3A%2F%2Fraw.githubusercontent.com%2FJforPlay%2Fdata_for_toy%2Fmain%2Foutput_expressions%2F101492%2Fpainting.png,없음,서기,정면,발바닥,흑발,브릿지,금색,없음
101500,충돌,허먼Ⅱ,https://wsrv.nl/?w=400&output=jpg&bg=white&url=https%3A%2F%2Fraw.githubusercontent.com%2FJforPlay%2Fdata_for_toy%2Fmain%2Foutput_expressions%2F101500%2Fpainting.png,없음,서기,후면,없음,은발·백발,단색,녹색,없음
101501,충돌,다시 찾아온 여름의 전쟁,https://wsrv.nl/?w=400&output=jpg&bg=white&url=https%3A%2F%2Fraw.githubusercontent.com%2FJforPlay%2Fdata_for_toy%2Fmain%2Foutput_expressions%2F101501%2Fpainting.png,없음,앉기·무릎꿇기,정면,발바닥,은발·백발,단색,청색,없음
101502,충돌,허먼의 맛있는 마법,https://wsrv.nl/?w=400&output=jpg&bg=white&url=https%3A%2F%2Fraw.githubusercontent.com%2FJforPlay%2Fdata_for_toy%2Fmain%2Foutput_expressions%2F101502%2Fpainting.png,없음,앉기·무릎꿇기,정면,발바닥,은발·백발,단색,청색,동물귀
101510,충돌,라피Ⅱ,https://wsrv.nl/?w=400&output=jpg&bg=white&url=https%3A%2F%2Fraw.githubusercontent.com%2FJforPlay%2Fdata_for_toy%2Fmain%2Foutput_expressions%2F101510%2Fpainting.png,없음,앉기·무릎꿇기,정면,없음,은발·백발,단색,적색,없음
101511,충돌,꾸벅꾸벅 바쁜 날,https://wsrv.nl/?w=400&output=jpg&bg=white&url=https%3A%2F%2Fraw.githubusercontent.com%2FJforPlay%2Fdata_for_toy%2Fmain%2Foutput_expressions%2F101511%2Fpainting.png,없음,서기,정면,없음,은발·백발,단색,적색,동물귀
101512,충돌,토끼토끼성 성주의 순찰 휴식,https://wsrv.nl/?w=400&output=jpg&bg=white&url=https%3A%2F%2Fraw.githubusercontent.com%2FJforPlay%2Fdata_for_toy%2Fmain%2Foutput_expressions%2F101512%2Fpainting.png,없음,앉기·무릎꿇기,정면,없음,은발·백발,단색,적색,동물귀
101520,충돌,벨,https://wsrv.nl/?w=400&output=jpg&bg=white&url=https%3A%2F%2Fraw.githubusercontent.com%2FJforPlay%2Fdata_for_toy%2Fmain%2Foutput_expressions%2F101520%2Fpainting.png,없음,서기,정면,없음,흑발,단색,보라,없음
101521,충돌,살룬 엑시던트,https://wsrv.nl/?w=400&output=jpg&bg=white&url=https%3A%2F%2Fraw.githubusercontent.com%2FJforPlay%2Fdata_for_toy%2Fmain%2Foutput_expressions%2F101521%2Fpainting.png,없음,서기,정면,없음,흑발,단색,은색·회색,없음
101530,충돌,밀러,https://wsrv.nl/?w=400&output=jpg&bg=white&url=https%3A%2F%2Fraw.githubusercontent.com%2FJforPlay%2Fdata_for_toy%2Fmain%2Foutput_expressions%2F101530%2Fpainting.png,없음,서기,정면,없음,은발·백발,단색,적색,뿔
101531,충돌,괴인 실험체 M01,https://wsrv.nl/?w=400&output=jpg&bg=white&url=https%3A%2F%2Fraw.githubusercontent.com%2FJforPlay%2Fdata_for_toy%2Fmain%2Foutput_expressions%2F101531%2Fpainting.png,없음,거꾸로,정면,발바닥,은발·백발,단색,적색,"동물귀, 꼬리"
102050,충돌,헬레나,https://wsrv.nl/?w=400&output=jpg&bg=white&url=https%3A%2F%2Fraw.githubusercontent.com%2FJforPlay%2Fdata_for_toy%2Fmain%2Foutput_expressions%2F102050%2Fpainting.png,없음,서기,후면,발바닥,청발,그라데이션,보라,없음
102051,충돌,파랑새의 정월,https://wsrv.nl/?w=400&output=jpg&bg=white&url=https%3A%2F%2Fraw.githubusercontent.com%2FJforPlay%2Fdata_for_toy%2Fmain%2Foutput_expressions%2F102051%2Fpainting.png,없음,서기,정면,없음,청발,그라데이션,보라,없음
102052,충돌,지휘관과의 춤,https://wsrv.nl/?w=400&output=jpg&bg=white&url=https%3A%2F%2Fraw.githubusercontent.com%2FJforPlay%2Fdata_for_toy%2Fmain%2Foutput_expressions%2F102052%2Fpainting.png,없음,서기,정면,없음,청발,그라데이션,보라,없음
102053,충돌,광휘의 트라이앵글 웨이브,https://wsrv.nl/?w=400&output=jpg&bg=white&url=https%3A%2F%2Fraw.githubusercontent.com%2FJforPlay%2Fdata_for_toy%2Fmain%2Foutput_expressions%2F102053%2Fpainting.png,없음,서기,정면,겨드랑이,청발,그라데이션,분홍,없음
102054,충돌,편백욕조와 따뜻한 시간,https://wsrv.nl/?w=400&output=jpg&bg=white&url=https%3A%2F%2Fraw.githubusercontent.com%2FJforPlay%2Fdata_for_toy%2Fmain%2Foutput_expressions%2F102054%2Fpainting.png,없음,서기,후면,없음,청발,그라데이션,분홍,없음
102058,충돌,순백의 기적,https://wsrv.nl/?w=400&output=jpg&bg=white&url=https%3A%2F%2Fraw.githubusercontent.com%2FJforPlay%2Fdata_for_toy%2Fmain%2Foutput_expressions%2F102058%2Fpainting.png,없음,서기,정면,없음,청발,그라데이션,보라,없음
102059,충돌,헬레나·改,https://wsrv.nl/?w=400&output=jpg&bg=white&url=https%3A%2F%2Fraw.githubusercontent.com%2FJforPlay%2Fdata_for_toy%2Fmain%2Foutput_expressions%2F102059%2Fpainting.png,없음,서기,후면,없음,청발,그라데이션,보라,없음
102070,충돌,쥬노,https://wsrv.nl/?w=400&output=jpg&bg=white&url=https%3A%2F%2Fraw.githubusercontent.com%2FJforPlay%2Fdata_for_toy%2Fmain%2Foutput_expressions%2F102070%2Fpainting.png,없음,앉기·무릎꿇기,정면,발바닥,금발,단색,적색,없음
102071,충돌,백조의 화원으로,https://wsrv.nl/?w=400&output=jpg&bg=white&url=https%3A%2F%2Fraw.githubusercontent.com%2FJforPlay%2Fdata_for_toy%2Fmain%2Foutput_expressions%2F102071%2Fpainting.png,없음,앉기·무릎꿇기,정면,없음,금발,단색,갈색,없음
102079,충돌,쥬노·改,https://wsrv.nl/?w=400&output=jpg&bg=white&url=https%3A%2F%2Fraw.githubusercontent.com%2FJforPlay%2Fdata_for_toy%2Fmain%2Foutput_expressions%2F102079%2Fpainting.png,없음,서기,정면,없음,금발,단색,갈색,없음
102080,충돌,샌디에이고,https://wsrv.nl/?w=400&output=jpg&bg=white&url=https%3A%2F%2Fraw.githubusercontent.com%2FJforPlay%2Fdata_for_toy%2Fmain%2Foutput_expressions%2F102080%2Fpainting.png,없음,서기,정면,없음,분홍,단색,청색,없음
102081,충돌,메리 크리디에이고!,https://wsrv.nl/?w=400&output=jpg&bg=white&url=https%3A%2F%2Fraw.githubusercontent.com%2FJforPlay%2Fdata_for_toy%2Fmain%2Foutput_expressions%2F102081%2Fpainting.png,없음,서기,정면,없음,적발,단색,청색,없음
102088,충돌,June Bride No.1！,https://wsrv.nl/?w=400&output=jpg&bg=white&url=https%3A%2F%2Fraw.githubusercontent.com%2FJforPlay%2Fdata_for_toy%2Fmain%2Foutput_expressions%2F102088%2Fpainting.png,없음,서기,후면,발바닥,적발,단색,청색,없음
102089,충돌,샌디에이고·改,https://wsrv.nl/?w=400&output=jpg&bg=white&url=https%3A%2F%2Fraw.githubusercontent.com%2FJforPlay%2Fdata_for_toy%2Fmain%2Foutput_expressions%2F102089%2Fpainting.png,없음,서기,정면,발바닥,적발,단색,청색,없음
102090,충돌,클리블랜드,https://wsrv.nl/?w=400&output=jpg&bg=white&url=https%3A%2F%2Fraw.githubusercontent.com%2FJforPlay%2Fdata_for_toy%2Fmain%2Foutput_expressions%2F102090%2Fpainting.png,없음,서기,정면,없음,금발,단색,적색,없음
102091,충돌,데빌 피버,https://wsrv.nl/?w=400&output=jpg&bg=white&url=https%3A%2F%2Fraw.githubusercontent.com%2FJforPlay%2Fdata_for_toy%2Fmain%2Foutput_expressions%2F102091%2Fpainting.png,없음,앉기·무릎꿇기,정면,없음,금발,단색,적색,"뿔, 날개"
102092,충돌,비스티 나이트,https://wsrv.nl/?w=400&output=jpg&bg=white&url=https%3A%2F%2Fraw.githubusercontent.com%2FJforPlay%2Fdata_for_toy%2Fmain%2Foutput_expressions%2F102092%2Fpainting.png,없음,서기,정면,없음,금발,단색,적색,없음
102093,충돌,Road·Traveler,https://wsrv.nl/?w=400&output=jpg&bg=white&url=https%3A%2F%2Fraw.githubusercontent.com%2FJforPlay%2Fdata_for_toy%2Fmain%2Foutput_expressions%2F102093%2Fpainting.png,없음,서기,정면,없음,금발,단색,적색,없음
102094,충돌,신년 배틀!,https://wsrv.nl/?w=400&output=jpg&bg=white&url=https%3A%2F%2Fraw.githubusercontent.com%2FJforPlay%2Fdata_for_toy%2Fmain%2Foutput_expressions%2F102094%2Fpainting.png,없음,서기,정면,발바닥,금발,단색,적색,없음
102095,충돌,남방의 여행길,https://wsrv.nl/?w=400&output=jpg&bg=white&url=https%3A%2F%2Fraw.githubusercontent.com%2FJforPlay%2Fdata_for_toy%2Fmain%2Foutput_expressions%2F102095%2Fpainting.png,없음,서기,정면,없음,금발,단색,적색,없음
102096,충돌,골든 컨덕터,https://wsrv.nl/?w=400&output=jpg&bg=white&url=https%3A%2F%2Fraw.githubusercontent.com%2FJforPlay%2Fdata_for_toy%2Fmain%2Foutput_expressions%2F102096%2Fpainting.png,없음,서기,정면,없음,금발,단색,적색,없음
102097,충돌,가게의 기사,https://wsrv.nl/?w=400&output=jpg&bg=white&url=https%3A%2F%2Fraw.githubusercontent.com%2FJforPlay%2Fdata_for_toy%2Fmain%2Foutput_expressions%2F102097%2Fpainting.png,없음,앉기·무릎꿇기,정면,없음,금발,단색,적색,동물귀
102098,충돌,가슴 떨리는 순간,https://wsrv.nl/?w=400&output=jpg&bg=white&url=https%3A%2F%2Fraw.githubusercontent.com%2FJforPlay%2Fdata_for_toy%2Fmain%2Foutput_expressions%2F102098%2Fpainting.png,없음,서기,정면,없음,금발,단색,적색,없음
102120,충돌,호놀룰루,https://wsrv.nl/?w=400&output=jpg&bg=white&url=https%3A%2F%2Fraw.githubusercontent.com%2FJforPlay%2Fdata_for_toy%2Fmain%2Foutput_expressions%2F102120%2Fpainting.png,없음,서기,정면,없음,적발,그라데이션,금색,없음
102121,충돌,양산을 쓴 그녀,https://wsrv.nl/?w=400&output=jpg&bg=white&url=https%3A%2F%2Fraw.githubusercontent.com%2FJforPlay%2Fdata_for_toy%2Fmain%2Foutput_expressions%2F102121%2Fpainting.png,없음,앉기·무릎꿇기,정면,없음,적발,그라데이션,적색,없음
102122,충돌,여름의 수난,https://wsrv.nl/?w=400&output=jpg&bg=white&url=https%3A%2F%2Fraw.githubusercontent.com%2FJforPlay%2Fdata_for_toy%2Fmain%2Foutput_expressions%2F102122%2Fpainting.png,선글라스,서기,정면,발바닥,적발,그라데이션,적색,없음
102123,충돌,대담한(?) 루돌프 아가씨,https://wsrv.nl/?w=400&output=jpg&bg=white&url=https%3A%2F%2Fraw.githubusercontent.com%2FJforPlay%2Fdata_for_toy%2Fmain%2Foutput_expressions%2F102123%2Fpainting.png,없음,앉기·무릎꿇기,후면,발바닥,적발,단색,적색,없음
102124,충돌,둘만의 여름 축제,https://wsrv.nl/?w=400&output=jpg&bg=white&url=https%3A%2F%2Fraw.githubusercontent.com%2FJforPlay%2Fdata_for_toy%2Fmain%2Foutput_expressions%2F102124%2Fpainting.png,없음,서기,후면,없음,적발,그라데이션,적색,없음
102130,충돌,세인트루이스,https://wsrv.nl/?w=400&output=jpg&bg=white&url=https%3A%2F%2Fraw.githubusercontent.com%2FJforPlay%2Fdata_for_toy%2Fmain%2Foutput_expressions%2F102130%2Fpainting.png,없음,서기,정면,없음,청발,단색,보라,없음
102131,충돌,봄의 꽃,https://wsrv.nl/?w=400&output=jpg&bg=white&url=https%3A%2F%2Fraw.githubusercontent.com%2FJforPlay%2Fdata_for_toy%2Fmain%2Foutput_expressions%2F102131%2Fpainting.png,없음,앉기·무릎꿇기,정면,없음,청발,단색,분홍,없음
102132,충돌,"눈 내린 그날 밤, 잊지 못할 그 한 잔의 술",https://wsrv.nl/?w=400&output=jpg&bg=white&url=https%3A%2F%2Fraw.githubusercontent.com%2FJforPlay%2Fdata_for_toy%2Fmain%2Foutput_expressions%2F102132%2Fpainting.png,없음,앉기·무릎꿇기,정면,없음,청발,그라데이션,분홍,없음
102133,충돌,Luxury Handle,https://wsrv.nl/?w=400&output=jpg&bg=white&url=https%3A%2F%2Fraw.githubusercontent.com%2FJforPlay%2Fdata_for_toy%2Fmain%2Foutput_expressions%2F102133%2Fpainting.png,없음,앉기·무릎꿇기,정면,없음,청발,단색,보라,없음
102134,충돌,풀 데크 애프터눈,https://wsrv.nl/?w=400&output=jpg&bg=white&url=https%3A%2F%2Fraw.githubusercontent.com%2FJforPlay%2Fdata_for_toy%2Fmain%2Foutput_expressions%2F102134%2Fpainting.png,선글라스,엎드리기,정면,발바닥,청발,단색,분홍,없음
102140,충돌,몬트필리어,https://wsrv.nl/?w=400&output=jpg&bg=white&url=https%3A%2F%2Fraw.githubusercontent.com%2FJforPlay%2Fdata_for_toy%2Fmain%2Foutput_expressions%2F102140%2Fpainting.png,없음,서기,정면,없음,은발·백발,단색,적색,동물귀
102141,충돌,눈 내린 밤에 핀 꽃,https://wsrv.nl/?w=400&output=jpg&bg=white&url=https%3A%2F%2Fraw.githubusercontent.com%2FJforPlay%2Fdata_for_toy%2Fmain%2Foutput_expressions%2F102141%2Fpainting.png,없음,서기,정면,없음,은발·백발,단색,적색,동물귀
102142,충돌,마경의 프린세스？,https://wsrv.nl/?w=400&output=jpg&bg=white&url=https%3A%2F%2Fraw.githubusercontent.com%2FJforPlay%2Fdata_for_toy%2Fmain%2Foutput_expressions%2F102142%2Fpainting.png,없음,앉기·무릎꿇기,정면,발바닥,은발·백발,단색,적색,없음
102143,충돌,살짝 취했을 때의 해열법,https://wsrv.nl/?w=400&output=jpg&bg=white&url=https%3A%2F%2Fraw.githubusercontent.com%2FJforPlay%2Fdata_for_toy%2Fmain%2Foutput_expressions%2F102143%2Fpainting.png,없음,눕기,정면,없음,은발·백발,단색,적색,없음
102151,공란,수증기 속의 여유,https://wsrv.nl/?w=400&output=jpg&bg=white&url=https%3A%2F%2Fraw.githubusercontent.com%2FJforPlay%2Fdata_for_toy%2Fmain%2Foutput_expressions%2F102151%2Fpainting.png,없음,눕기,정면,,은발·백발,단색,청색,없음
102230,충돌,버밍햄,https://wsrv.nl/?w=400&output=jpg&bg=white&url=https%3A%2F%2Fraw.githubusercontent.com%2FJforPlay%2Fdata_for_toy%2Fmain%2Foutput_expressions%2F102230%2Fpainting.png,없음,서기,정면,없음,적발,단색,적색,없음
102231,충돌,적색의 기수,https://wsrv.nl/?w=400&output=jpg&bg=white&url=https%3A%2F%2Fraw.githubusercontent.com%2FJforPlay%2Fdata_for_toy%2Fmain%2Foutput_expressions%2F102231%2Fpainting.png,없음,서기,정면,없음,적발,단색,적색,없음
102232,충돌,풍년의 서설,https://wsrv.nl/?w=400&output=jpg&bg=white&url=https%3A%2F%2Fraw.githubusercontent.com%2FJforPlay%2Fdata_for_toy%2Fmain%2Foutput_expressions%2F102232%2Fpainting.png,없음,서기,정면,없음,적발,단색,금색,없음
102233,충돌,도착지는 바람 따라,https://wsrv.nl/?w=400&output=jpg&bg=white&url=https%3A%2F%2Fraw.githubusercontent.com%2FJforPlay%2Fdata_for_toy%2Fmain%2Foutput_expressions%2F102233%2Fpainting.png,고글,서기,정면,겨드랑이,적발,단색,적색,없음
102234,충돌,Briar Maid,https://wsrv.nl/?w=400&output=jpg&bg=white&url=https%3A%2F%2Fraw.githubusercontent.com%2FJforPlay%2Fdata_for_toy%2Fmain%2Foutput_expressions%2F102234%2Fpainting.png,없음,서기,정면,없음,적발,단색,적색,없음
102250,충돌,빌럭시,https://wsrv.nl/?w=400&output=jpg&bg=white&url=https%3A%2F%2Fraw.githubusercontent.com%2FJforPlay%2Fdata_for_toy%2Fmain%2Foutput_expressions%2F102250%2Fpainting.png,없음,서기,정면,없음,보라,단색,보라,없음
102251,충돌,뷰티풀 갱스터,https://wsrv.nl/?w=400&output=jpg&bg=white&url=https%3A%2F%2Fraw.githubusercontent.com%2FJforPlay%2Fdata_for_toy%2Fmain%2Foutput_expressions%2F102251%2Fpainting.png,없음,앉기·무릎꿇기,정면,없음,보라,단색,보라,없음
102252,충돌,LA 엠프레스,https://wsrv.nl/?w=400&output=jpg&bg=white&url=https%3A%2F%2Fraw.githubusercontent.com%2FJforPlay%2Fdata_for_toy%2Fmain%2Foutput_expressions%2F102252%2Fpainting.png,없음,앉기·무릎꿇기,정면,없음,청발,단색,청색,없음
102253,충돌,찬란한 불꽃놀이의 밤,https://wsrv.nl/?w=400&output=jpg&bg=white&url=https%3A%2F%2Fraw.githubusercontent.com%2FJforPlay%2Fdata_for_toy%2Fmain%2Foutput_expressions%2F102253%2Fpainting.png,없음,서기,후면,없음,보라,단색,보라,없음
102254,충돌,로미오 혹은 줄리엣?,https://wsrv.nl/?w=400&output=jpg&bg=white&url=https%3A%2F%2Fraw.githubusercontent.com%2FJforPlay%2Fdata_for_toy%2Fmain%2Foutput_expressions%2F102254%2Fpainting.png,없음,앉기·무릎꿇기,정면,없음,청발,그라데이션,청색,없음
102270,충돌,마블헤드,https://wsrv.nl/?w=400&output=jpg&bg=white&url=https%3A%2F%2Fraw.githubusercontent.com%2FJforPlay%2Fdata_for_toy%2Fmain%2Foutput_expressions%2F102270%2Fpainting.png,없음,서기,정면,없음,금발,브릿지,청색,없음
102271,충돌,Boxing Girl！,https://wsrv.nl/?w=400&output=jpg&bg=white&url=https%3A%2F%2Fraw.githubusercontent.com%2FJforPlay%2Fdata_for_toy%2Fmain%2Foutput_expressions%2F102271%2Fpainting.png,없음,서기,후면,없음,금발,브릿지,청색,없음
102272,충돌,눈의 차밍 타임,https://wsrv.nl/?w=400&output=jpg&bg=white&url=https%3A%2F%2Fraw.githubusercontent.com%2FJforPlay%2Fdata_for_toy%2Fmain%2Foutput_expressions%2F102272%2Fpainting.png,없음,서기,후면,없음,금발,단색,청색,없음
102273,충돌,29.5일의 달구경 시간,https://wsrv.nl/?w=400&output=jpg&bg=white&url=https%3A%2F%2Fraw.githubusercontent.com%2FJforPlay%2Fdata_for_toy%2Fmain%2Foutput_expressions%2F102273%2Fpainting.png,없음,앉기·무릎꿇기,정면,없음,금발,브릿지,청색,없음
102274,충돌,비오는 날의 우연한 만남?,https://wsrv.nl/?w=400&output=jpg&bg=white&url=https%3A%2F%2Fraw.githubusercontent.com%2FJforPlay%2Fdata_for_toy%2Fmain%2Foutput_expressions%2F102274%2Fpainting.png,없음,서기,정면,발바닥,금발,브릿지,청색,없음
102290,충돌,보이시,https://wsrv.nl/?w=400&output=jpg&bg=white&url=https%3A%2F%2Fraw.githubusercontent.com%2FJforPlay%2Fdata_for_toy%2Fmain%2Foutput_expressions%2F102290%2Fpainting.png,없음,서기,정면,없음,청발,단색,금색,없음
102291,충돌,수줍은 사파이어,https://wsrv.nl/?w=400&output=jpg&bg=white&url=https%3A%2F%2Fraw.githubusercontent.com%2FJforPlay%2Fdata_for_toy%2Fmain%2Foutput_expressions%2F102291%2Fpainting.png,없음,앉기·무릎꿇기,정면,없음,청발,단색,금색,동물귀
102292,충돌,오래된 성의 기담,https://wsrv.nl/?w=400&output=jpg&bg=white&url=https%3A%2F%2Fraw.githubusercontent.com%2FJforPlay%2Fdata_for_toy%2Fmain%2Foutput_expressions%2F102292%2Fpainting.png,없음,앉기·무릎꿇기,후면,없음,청발,그라데이션,금색,없음
102293,충돌,취옥의 바다인어,https://wsrv.nl/?w=400&output=jpg&bg=white&url=https%3A%2F%2Fraw.githubusercontent.com%2FJforPlay%2Fdata_for_toy%2Fmain%2Foutput_expressions%2F102293%2Fpainting.png,없음,서기,정면,없음,청발,단색,금색,없음
102294,충돌,실수해도 맛있게,https://wsrv.nl/?w=400&output=jpg&bg=white&url=https%3A%2F%2Fraw.githubusercontent.com%2FJforPlay%2Fdata_for_toy%2Fmain%2Foutput_expressions%2F102294%2Fpainting.png,없음,앉기·무릎꿇기,정면,없음,청발,단색,금색,없음
102310,충돌,휴스턴Ⅱ,https://wsrv.nl/?w=400&output=jpg&bg=white&url=https%3A%2F%2Fraw.githubusercontent.com%2FJforPlay%2Fdata_for_toy%2Fmain%2Foutput_expressions%2F102310%2Fpainting.png,없음,서기,후면,없음,보라,그라데이션,녹색,없음
102311,충돌,레디 투 서비스!,https://wsrv.nl/?w=400&output=jpg&bg=white&url=https%3A%2F%2Fraw.githubusercontent.com%2FJforPlay%2Fdata_for_toy%2Fmain%2Foutput_expressions%2F102311%2Fpainting.png,없음,앉기·무릎꿇기,정면,없음,보라,단색,녹색,동물귀
102340,충돌,산타페,https://wsrv.nl/?w=400&output=jpg&bg=white&url=https%3A%2F%2Fraw.githubusercontent.com%2FJforPlay%2Fdata_for_toy%2Fmain%2Foutput_expressions%2F102340%2Fpainting.png,없음,서기,후면,없음,은발·백발,그라데이션,청색,없음
102341,충돌,밤에도 계속 되는 가십 타임!,https://wsrv.nl/?w=400&output=jpg&bg=white&url=https%3A%2F%2Fraw.githubusercontent.com%2FJforPlay%2Fdata_for_toy%2Fmain%2Foutput_expressions%2F102341%2Fpainting.png,안대,앉기·무릎꿇기,정면,발바닥,보라,단색,청색,동물귀
102350,충돌,패서디나,https://wsrv.nl/?w=400&output=jpg&bg=white&url=https%3A%2F%2Fraw.githubusercontent.com%2FJforPlay%2Fdata_for_toy%2Fmain%2Foutput_expressions%2F102350%2Fpainting.png,없음,서기,정면,없음,분홍,단색,보라,없음
102351,충돌,서프라이징 게임,https://wsrv.nl/?w=400&output=jpg&bg=white&url=https%3A%2F%2Fraw.githubusercontent.com%2FJforPlay%2Fdata_for_toy%2Fmain%2Foutput_expressions%2F102351%2Fpainting.png,없음,엎드리기,정면,발바닥,분홍,브릿지,보라,"동물귀, 꼬리"
103070,충돌,인디애나폴리스,https://wsrv.nl/?w=400&output=jpg&bg=white&url=https%3A%2F%2Fraw.githubusercontent.com%2FJforPlay%2Fdata_for_toy%2Fmain%2Foutput_expressions%2F103070%2Fpainting.png,없음,앉기·무릎꿇기,정면,겨드랑이,분홍,단색,청색,없음
103071,충돌,학원에서 언니랑……,https://wsrv.nl/?w=400&output=jpg&bg=white&url=https%3A%2F%2Fraw.githubusercontent.com%2FJforPlay%2Fdata_for_toy%2Fmain%2Foutput_expressions%2F103071%2Fpainting.png,없음,앉기·무릎꿇기,정면,없음,은발·백발,단색,오드아이,뿔
103072,충돌,라이트 오브 서클 시티,https://wsrv.nl/?w=400&output=jpg&bg=white&url=https%3A%2F%2Fraw.githubusercontent.com%2FJforPlay%2Fdata_for_toy%2Fmain%2Foutput_expressions%2F103072%2Fpainting.png,없음,앉기·무릎꿇기,정면,겨드랑이,은발·백발,단색,오드아이,없음
103080,충돌,아스토리아,https://wsrv.nl/?w=400&output=jpg&bg=white&url=https%3A%2F%2Fraw.githubusercontent.com%2FJforPlay%2Fdata_for_toy%2Fmain%2Foutput_expressions%2F103080%2Fpainting.png,없음,서기,정면,없음,금발,단색,보라,없음
103081,충돌,"청순, 큐티, 발랄, 여고생?",https://wsrv.nl/?w=400&output=jpg&bg=white&url=https%3A%2F%2Fraw.githubusercontent.com%2FJforPlay%2Fdata_for_toy%2Fmain%2Foutput_expressions%2F103081%2Fpainting.png,없음,서기,정면,없음,금발,단색,보라,없음
103082,충돌,블랙 바니 카니발,https://wsrv.nl/?w=400&output=jpg&bg=white&url=https%3A%2F%2Fraw.githubusercontent.com%2FJforPlay%2Fdata_for_toy%2Fmain%2Foutput_expressions%2F103082%2Fpainting.png,없음,앉기·무릎꿇기,정면,없음,금발,단색,청색,동물귀
103090,충돌,퀸시,https://wsrv.nl/?w=400&output=jpg&bg=white&url=https%3A%2F%2Fraw.githubusercontent.com%2FJforPlay%2Fdata_for_toy%2Fmain%2Foutput_expressions%2F103090%2Fpainting.png,없음,서기,정면,없음,분홍,단색,보라,없음
103091,충돌,무더운 여름의 시원한 바람,https://wsrv.nl/?w=400&output=jpg&bg=white&url=https%3A%2F%2Fraw.githubusercontent.com%2FJforPlay%2Fdata_for_toy%2Fmain%2Foutput_expressions%2F103091%2Fpainting.png,없음,앉기·무릎꿇기,정면,없음,분홍,단색,갈색,없음
103100,충돌,빈센스,https://wsrv.nl/?w=400&output=jpg&bg=white&url=https%3A%2F%2Fraw.githubusercontent.com%2FJforPlay%2Fdata_for_toy%2Fmain%2Foutput_expressions%2F103100%2Fpainting.png,없음,서기,정면,없음,은발·백발,단색,청색,없음
103101,충돌,꿈꾸는 냥냥이,https://wsrv.nl/?w=400&output=jpg&bg=white&url=https%3A%2F%2Fraw.githubusercontent.com%2FJforPlay%2Fdata_for_toy%2Fmain%2Foutput_expressions%2F103101%2Fpainting.png,없음,엎드리기,정면,발바닥,청발,단색,청색,없음
103102,충돌,여유로운 행진곡,https://wsrv.nl/?w=400&output=jpg&bg=white&url=https%3A%2F%2Fraw.githubusercontent.com%2FJforPlay%2Fdata_for_toy%2Fmain%2Foutput_expressions%2F103102%2Fpainting.png,없음,서기,정면,없음,청발,단색,청색,없음
103110,충돌,위치타,https://wsrv.nl/?w=400&output=jpg&bg=white&url=https%3A%2F%2Fraw.githubusercontent.com%2FJforPlay%2Fdata_for_toy%2Fmain%2Foutput_expressions%2F103110%2Fpainting.png,없음,서기,정면,없음,적발,단색,적색,없음
103111,충돌,"""장군""의 저녁 만찬",https://wsrv.nl/?w=400&output=jpg&bg=white&url=https%3A%2F%2Fraw.githubusercontent.com%2FJforPlay%2Fdata_for_toy%2Fmain%2Foutput_expressions%2F103111%2Fpainting.png,없음,서기,정면,없음,적발,단색,적색,없음
103112,충돌,핼러윈의 지배자?,https://wsrv.nl/?w=400&output=jpg&bg=white&url=https%3A%2F%2Fraw.githubusercontent.com%2FJforPlay%2Fdata_for_toy%2Fmain%2Foutput_expressions%2F103112%2Fpainting.png,없음,앉기·무릎꿇기,정면,없음,적발,단색,적색,날개
103120,충돌,뉴올리언스,https://wsrv.nl/?w=400&output=jpg&bg=white&url=https%3A%2F%2Fraw.githubusercontent.com%2FJforPlay%2Fdata_for_toy%2Fmain%2Foutput_expressions%2F103120%2Fpainting.png,없음,서기,정면,없음,은발·백발,그라데이션,청색,없음
103121,충돌,만취하여 잔을 비우는 밤,https://wsrv.nl/?w=400&output=jpg&bg=white&url=https%3A%2F%2Fraw.githubusercontent.com%2FJforPlay%2Fdata_for_toy%2Fmain%2Foutput_expressions%2F103121%2Fpainting.png,없음,앉기·무릎꿇기,정면,없음,은발·백발,단색,청색,동물귀
103130,충돌,미니애폴리스,https://wsrv.nl/?w=400&output=jpg&bg=white&url=https%3A%2F%2Fraw.githubusercontent.com%2FJforPlay%2Fdata_for_toy%2Fmain%2Foutput_expressions%2F103130%2Fpainting.png,없음,앉기·무릎꿇기,정면,없음,은발·백발,단색,적색,없음
103131,충돌,와일드 스튜던트,https://wsrv.nl/?w=400&output=jpg&bg=white&url=https%3A%2F%2Fraw.githubusercontent.com%2FJforPlay%2Fdata_for_toy%2Fmain%2Foutput_expressions%2F103131%2Fpainting.png,없음,앉기·무릎꿇기,정면,없음,은발·백발,단색,적색,없음
103132,충돌,익스트림 스포츠 X,https://wsrv.nl/?w=400&output=jpg&bg=white&url=https%3A%2F%2Fraw.githubusercontent.com%2FJforPlay%2Fdata_for_toy%2Fmain%2Foutput_expressions%2F103132%2Fpainting.png,없음,서기,정면,발바닥,은발·백발,단색,적색,없음
103133,충돌,성야의 모빌 드라이브,https://wsrv.nl/?w=400&output=jpg&bg=white&url=https%3A%2F%2Fraw.githubusercontent.com%2FJforPlay%2Fdata_for_toy%2Fmain%2Foutput_expressions%2F103133%2Fpainting.png,없음,앉기·무릎꿇기,정면,겨드랑이,은발·백발,단색,보라,날개
103138,충돌,Trapper white,https://wsrv.nl/?w=400&output=jpg&bg=white&url=https%3A%2F%2Fraw.githubusercontent.com%2FJforPlay%2Fdata_for_toy%2Fmain%2Foutput_expressions%2F103138%2Fpainting.png,없음,서기,후면,없음,은발·백발,단색,보라,없음
103140,충돌,샌프란시스코,https://wsrv.nl/?w=400&output=jpg&bg=white&url=https%3A%2F%2Fraw.githubusercontent.com%2FJforPlay%2Fdata_for_toy%2Fmain%2Foutput_expressions%2F103140%2Fpainting.png,없음,서기,정면,발바닥,은발·백발,단색,분홍,없음
103141,충돌,Funny Bunny！,https://wsrv.nl/?w=400&output=jpg&bg=white&url=https%3A%2F%2Fraw.githubusercontent.com%2FJforPlay%2Fdata_for_toy%2Fmain%2Foutput_expressions%2F103141%2Fpainting.png,없음,앉기·무릎꿇기,정면,겨드랑이,흑발,단색,보라,동물귀
103142,충돌,It's showtime!,https://wsrv.nl/?w=400&output=jpg&bg=white&url=https%3A%2F%2Fraw.githubusercontent.com%2FJforPlay%2Fdata_for_toy%2Fmain%2Foutput_expressions%2F103142%2Fpainting.png,없음,거꾸로,정면,겨드랑이,흑발,브릿지,적색,없음
103160,충돌,볼티모어,https://wsrv.nl/?w=400&output=jpg&bg=white&url=https%3A%2F%2Fraw.githubusercontent.com%2FJforPlay%2Fdata_for_toy%2Fmain%2Foutput_expressions%2F103160%2Fpainting.png,없음,서기,정면,없음,갈색,단색,금색,없음
103161,충돌,방과 후의 에이스,https://wsrv.nl/?w=400&output=jpg&bg=white&url=https%3A%2F%2Fraw.githubusercontent.com%2FJforPlay%2Fdata_for_toy%2Fmain%2Foutput_expressions%2F103161%2Fpainting.png,없음,서기,정면,없음,갈색,단색,금색,없음
103162,충돌,Black Ace,https://wsrv.nl/?w=400&output=jpg&bg=white&url=https%3A%2F%2Fraw.githubusercontent.com%2FJforPlay%2Fdata_for_toy%2Fmain%2Foutput_expressions%2F103162%2Fpainting.png,없음,서기,정면,없음,갈색,단색,금색,없음
103163,충돌,나이트 윈드 Minuet,https://wsrv.nl/?w=400&output=jpg&bg=white&url=https%3A%2F%2Fraw.githubusercontent.com%2FJforPlay%2Fdata_for_toy%2Fmain%2Foutput_expressions%2F103163%2Fpainting.png,없음,서기,정면,겨드랑이,갈색,단색,금색,없음
103164,충돌,에이스의 여행기,https://wsrv.nl/?w=400&output=jpg&bg=white&url=https%3A%2F%2Fraw.githubusercontent.com%2FJforPlay%2Fdata_for_toy%2Fmain%2Foutput_expressions%2F103164%2Fpainting.png,없음,서기,정면,없음,갈색,단색,금색,없음
103165,충돌,스플렌디드 기어,https://wsrv.nl/?w=400&output=jpg&bg=white&url=https%3A%2F%2Fraw.githubusercontent.com%2FJforPlay%2Fdata_for_toy%2Fmain%2Foutput_expressions%2F103165%2Fpainting.png,없음,앉기·무릎꿇기,정면,없음,갈색,단색,금색,없음
103168,충돌,산들바람이 불 때,https://wsrv.nl/?w=400&output=jpg&bg=white&url=https%3A%2F%2Fraw.githubusercontent.com%2FJforPlay%2Fdata_for_toy%2Fmain%2Foutput_expressions%2F103168%2Fpainting.png,없음,서기,정면,없음,갈색,단색,녹색,없음
103240,충돌,브레머튼,https://wsrv.nl/?w=400&output=jpg&bg=white&url=https%3A%2F%2Fraw.githubusercontent.com%2FJforPlay%2Fdata_for_toy%2Fmain%2Foutput_expressions%2F103240%2Fpainting.png,고글,서기,정면,없음,분홍,브릿지,분홍,없음
103241,충돌,열정의 테니스 연습,https://wsrv.nl/?w=400&output=jpg&bg=white&url=https%3A%2F%2Fraw.githubusercontent.com%2FJforPlay%2Fdata_for_toy%2Fmain%2Foutput_expressions%2F103241%2Fpainting.png,없음,앉기·무릎꿇기,정면,없음,분홍,단색,분홍,없음
103242,충돌,쿵푸소녀!,https://wsrv.nl/?w=400&output=jpg&bg=white&url=https%3A%2F%2Fraw.githubusercontent.com%2FJforPlay%2Fdata_for_toy%2Fmain%2Foutput_expressions%2F103242%2Fpainting.png,없음,서기,정면,없음,분홍,그라데이션,보라,없음
103243,충돌,Happy Dating!,https://wsrv.nl/?w=400&output=jpg&bg=white&url=https%3A%2F%2Fraw.githubusercontent.com%2FJforPlay%2Fdata_for_toy%2Fmain%2Foutput_expressions%2F103243%2Fpainting.png,없음,서기,정면,없음,분홍,브릿지,분홍,없음
103244,충돌,릴렉스 휴식 타임,https://wsrv.nl/?w=400&output=jpg&bg=white&url=https%3A%2F%2Fraw.githubusercontent.com%2FJforPlay%2Fdata_for_toy%2Fmain%2Foutput_expressions%2F103244%2Fpainting.png,없음,앉기·무릎꿇기,정면,발바닥,분홍,단색,보라,없음
103245,충돌,필로 컨설팅,https://wsrv.nl/?w=400&output=jpg&bg=white&url=https%3A%2F%2Fraw.githubusercontent.com%2FJforPlay%2Fdata_for_toy%2Fmain%2Foutput_expressions%2F103245%2Fpainting.png,선글라스,앉기·무릎꿇기,정면,없음,분홍,브릿지,분홍,없음
103248,충돌,행복의 궤적,https://wsrv.nl/?w=400&output=jpg&bg=white&url=https%3A%2F%2Fraw.githubusercontent.com%2FJforPlay%2Fdata_for_toy%2Fmain%2Foutput_expressions%2F103248%2Fpainting.png,없음,서기,후면,없음,분홍,그라데이션,적색,없음
103260,충돌,노샘프턴Ⅱ,https://wsrv.nl/?w=400&output=jpg&bg=white&url=https%3A%2F%2Fraw.githubusercontent.com%2FJforPlay%2Fdata_for_toy%2Fmain%2Foutput_expressions%2F103260%2Fpainting.png,없음,서기,정면,겨드랑이,흑발,브릿지,녹색,없음
103261,충돌,스타 아쿠아틱,https://wsrv.nl/?w=400&output=jpg&bg=white&url=https%3A%2F%2Fraw.githubusercontent.com%2FJforPlay%2Fdata_for_toy%2Fmain%2Foutput_expressions%2F103261%2Fpainting.png,고글,앉기·무릎꿇기,정면,없음,흑발,그라데이션,녹색,없음
103262,충돌,떠도는 레이지 크레인,https://wsrv.nl/?w=400&output=jpg&bg=white&url=https%3A%2F%2Fraw.githubusercontent.com%2FJforPlay%2Fdata_for_toy%2Fmain%2Foutput_expressions%2F103262%2Fpainting.png,없음,눕기,정면,발바닥,흑발,기타,녹색,없음
103270,충돌,루이빌,https://wsrv.nl/?w=400&output=jpg&bg=white&url=https%3A%2F%2Fraw.githubusercontent.com%2FJforPlay%2Fdata_for_toy%2Fmain%2Foutput_expressions%2F103270%2Fpainting.png,없음,서기,정면,없음,보라,단색,청색,없음
103271,충돌,판타지 추천,https://wsrv.nl/?w=400&output=jpg&bg=white&url=https%3A%2F%2Fraw.githubusercontent.com%2FJforPlay%2Fdata_for_toy%2Fmain%2Foutput_expressions%2F103271%2Fpainting.png,없음,서기,정면,없음,보라,단색,청색,동물귀
103280,충돌,피츠버그,https://wsrv.nl/?w=400&output=jpg&bg=white&url=https%3A%2F%2Fraw.githubusercontent.com%2FJforPlay%2Fdata_for_toy%2Fmain%2Foutput_expressions%2F103280%2Fpainting.png,없음,서기,정면,없음,흑발,단색,적색,없음
103281,충돌,걸즈 카운터,https://wsrv.nl/?w=400&output=jpg&bg=white&url=https%3A%2F%2Fraw.githubusercontent.com%2FJforPlay%2Fdata_for_toy%2Fmain%2Foutput_expressions%2F103281%2Fpainting.png,없음,앉기·무릎꿇기,정면,없음,보라,단색,적색,없음
104010,충돌,컨스텔레이션,https://wsrv.nl/?w=400&output=jpg&bg=white&url=https%3A%2F%2Fraw.githubusercontent.com%2FJforPlay%2Fdata_for_toy%2Fmain%2Foutput_expressions%2F104010%2Fpainting.png,없음,서기,후면,없음,은발·백발,그라데이션,청색,없음
104011,충돌,셀렉트 갤럭시,https://wsrv.nl/?w=400&output=jpg&bg=white&url=https%3A%2F%2Fraw.githubusercontent.com%2FJforPlay%2Fdata_for_toy%2Fmain%2Foutput_expressions%2F104011%2Fpainting.png,없음,서기,정면,없음,은발·백발,단색,보라,동물귀
105020,충돌,오클라호마,https://wsrv.nl/?w=400&output=jpg&bg=white&url=https%3A%2F%2Fraw.githubusercontent.com%2FJforPlay%2Fdata_for_toy%2Fmain%2Foutput_expressions%2F105020%2Fpainting.png,없음,서기,정면,없음,금발,단색,청색,없음
105021,충돌,변신 대작전 작렬!,https://wsrv.nl/?w=400&output=jpg&bg=white&url=https%3A%2F%2Fraw.githubusercontent.com%2FJforPlay%2Fdata_for_toy%2Fmain%2Foutput_expressions%2F105021%2Fpainting.png,안대,서기,정면,없음,은발·백발,단색,청색,없음
105029,충돌,오클라호마·改,https://wsrv.nl/?w=400&output=jpg&bg=white&url=https%3A%2F%2Fraw.githubusercontent.com%2FJforPlay%2Fdata_for_toy%2Fmain%2Foutput_expressions%2F105029%2Fpainting.png,없음,서기,정면,겨드랑이,금발,단색,청색,없음
105030,충돌,펜실베이니아,https://wsrv.nl/?w=400&output=jpg&bg=white&url=https%3A%2F%2Fraw.githubusercontent.com%2FJforPlay%2Fdata_for_toy%2Fmain%2Foutput_expressions%2F105030%2Fpainting.png,없음,서기,정면,없음,갈색,단색,녹색,없음
105031,충돌,석주비장,https://wsrv.nl/?w=400&output=jpg&bg=white&url=https%3A%2F%2Fraw.githubusercontent.com%2FJforPlay%2Fdata_for_toy%2Fmain%2Foutput_expressions%2F105031%2Fpainting.png,없음,앉기·무릎꿇기,정면,없음,흑발,기타,녹색,없음
105090,충돌,콜로라도,https://wsrv.nl/?w=400&output=jpg&bg=white&url=https%3A%2F%2Fraw.githubusercontent.com%2FJforPlay%2Fdata_for_toy%2Fmain%2Foutput_expressions%2F105090%2Fpainting.png,없음,서기,정면,없음,은발·백발,단색,적색,없음
105092,충돌,여행의 선율,https://wsrv.nl/?w=400&output=jpg&bg=white&url=https%3A%2F%2Fraw.githubusercontent.com%2FJforPlay%2Fdata_for_toy%2Fmain%2Foutput_expressions%2F105092%2Fpainting.png,없음,서기,정면,없음,은발·백발,단색,적색,없음
105093,충돌,노을의 카바티나,https://wsrv.nl/?w=400&output=jpg&bg=white&url=https%3A%2F%2Fraw.githubusercontent.com%2FJforPlay%2Fdata_for_toy%2Fmain%2Foutput_expressions%2F105093%2Fpainting.png,없음,앉기·무릎꿇기,정면,없음,은발·백발,단색,갈색,없음
105099,충돌,콜로라도·改,https://wsrv.nl/?w=400&output=jpg&bg=white&url=https%3A%2F%2Fraw.githubusercontent.com%2FJforPlay%2Fdata_for_toy%2Fmain%2Foutput_expressions%2F105099%2Fpainting.png,없음,서기,정면,없음,은발·백발,단색,분홍,없음
105110,충돌,웨스트버지니아,https://wsrv.nl/?w=400&output=jpg&bg=white&url=https%3A%2F%2Fraw.githubusercontent.com%2FJforPlay%2Fdata_for_toy%2Fmain%2Foutput_expressions%2F105110%2Fpainting.png,없음,서기,정면,없음,흑발,그라데이션,적색,없음
105112,충돌,시닉 랩소디,https://wsrv.nl/?w=400&output=jpg&bg=white&url=https%3A%2F%2Fraw.githubusercontent.com%2FJforPlay%2Fdata_for_toy%2Fmain%2Foutput_expressions%2F105112%2Fpainting.png,없음,서기,정면,없음,흑발,단색,분홍,없음
105119,충돌,웨스트버지니아·改,https://wsrv.nl/?w=400&output=jpg&bg=white&url=https%3A%2F%2Fraw.githubusercontent.com%2FJforPlay%2Fdata_for_toy%2Fmain%2Foutput_expressions%2F105119%2Fpainting.png,없음,서기,정면,없음,흑발,단색,적색,없음
105120,충돌,노스캐롤라이나,https://wsrv.nl/?w=400&output=jpg&bg=white&url=https%3A%2F%2Fraw.githubusercontent.com%2FJforPlay%2Fdata_for_toy%2Fmain%2Foutput_expressions%2F105120%2Fpainting.png,없음,서기,정면,없음,금발,단색,청색,없음
105121,충돌,비밀의 환복 연습?,https://wsrv.nl/?w=400&output=jpg&bg=white&url=https%3A%2F%2Fraw.githubusercontent.com%2FJforPlay%2Fdata_for_toy%2Fmain%2Foutput_expressions%2F105121%2Fpainting.png,없음,눕기,정면,없음,금발,단색,청색,동물귀
105122,충돌,태양의 유니크,https://wsrv.nl/?w=400&output=jpg&bg=white&url=https%3A%2F%2Fraw.githubusercontent.com%2FJforPlay%2Fdata_for_toy%2Fmain%2Foutput_expressions%2F105122%2Fpainting.png,없음,엎드리기,후면,발바닥,금발,단색,청색,없음
105170,충돌,뉴저지,https://wsrv.nl/?w=400&output=jpg&bg=white&url=https%3A%2F%2Fraw.githubusercontent.com%2FJforPlay%2Fdata_for_toy%2Fmain%2Foutput_expressions%2F105170%2Fpainting.png,없음,서기,정면,없음,은발·백발,단색,보라,없음
105171,충돌,두근두근 무대 시간!,https://wsrv.nl/?w=400&output=jpg&bg=white&url=https%3A%2F%2Fraw.githubusercontent.com%2FJforPlay%2Fdata_for_toy%2Fmain%2Foutput_expressions%2F105171%2Fpainting.png,없음,서기,후면,겨드랑이,은발·백발,단색,청색,동물귀
105172,충돌,한여름의 레저 타임,https://wsrv.nl/?w=400&output=jpg&bg=white&url=https%3A%2F%2Fraw.githubusercontent.com%2FJforPlay%2Fdata_for_toy%2Fmain%2Foutput_expressions%2F105172%2Fpainting.png,없음,엎드리기,후면,발바닥,청발,그라데이션,청색,없음
105173,충돌,달빛 아래 Let's Dance!,https://wsrv.nl/?w=400&output=jpg&bg=white&url=https%3A%2F%2Fraw.githubusercontent.com%2FJforPlay%2Fdata_for_toy%2Fmain%2Foutput_expressions%2F105173%2Fpainting.png,없음,서기,정면,없음,청발,그라데이션,청색,없음
105174,충돌,블랙 프렐류드,https://wsrv.nl/?w=400&output=jpg&bg=white&url=https%3A%2F%2Fraw.githubusercontent.com%2FJforPlay%2Fdata_for_toy%2Fmain%2Foutput_expressions%2F105174%2Fpainting.png,없음,앉기·무릎꿇기,정면,없음,청발,단색,청색,없음
105178,충돌,스노우블라이드 러브,https://wsrv.nl/?w=400&output=jpg&bg=white&url=https%3A%2F%2Fraw.githubusercontent.com%2FJforPlay%2Fdata_for_toy%2Fmain%2Foutput_expressions%2F105178%2Fpainting.png,없음,서기,후면,없음,청발,그라데이션,청색,동물귀
105190,충돌,매사추세츠,https://wsrv.nl/?w=400&output=jpg&bg=white&url=https%3A%2F%2Fraw.githubusercontent.com%2FJforPlay%2Fdata_for_toy%2Fmain%2Foutput_expressions%2F105190%2Fpainting.png,없음,서기,정면,없음,은발·백발,기타,청색,없음
105191,충돌,연회의 준비,https://wsrv.nl/?w=400&output=jpg&bg=white&url=https%3A%2F%2Fraw.githubusercontent.com%2FJforPlay%2Fdata_for_toy%2Fmain%2Foutput_expressions%2F105191%2Fpainting.png,없음,앉기·무릎꿇기,정면,없음,은발·백발,단색,금색,없음
106010,충돌,롱 아일랜드,https://wsrv.nl/?w=400&output=jpg&bg=white&url=https%3A%2F%2Fraw.githubusercontent.com%2FJforPlay%2Fdata_for_toy%2Fmain%2Foutput_expressions%2F106010%2Fpainting.png,없음,서기,정면,없음,갈색,단색,청색,없음
106011,충돌,건어물 3콤보!,https://wsrv.nl/?w=400&output=jpg&bg=white&url=https%3A%2F%2Fraw.githubusercontent.com%2FJforPlay%2Fdata_for_toy%2Fmain%2Foutput_expressions%2F106011%2Fpainting.png,없음,앉기·무릎꿇기,정면,없음,갈색,단색,청색,없음
106013,충돌,L.I.@핼러윈 한정 생방 중,https://wsrv.nl/?w=400&output=jpg&bg=white&url=https%3A%2F%2Fraw.githubusercontent.com%2FJforPlay%2Fdata_for_toy%2Fmain%2Foutput_expressions%2F106013%2Fpainting.png,없음,앉기·무릎꿇기,정면,발바닥,보라,단색,청색,없음
106014,충돌,유령 씨의 카운터 서비스?,https://wsrv.nl/?w=400&output=jpg&bg=white&url=https%3A%2F%2Fraw.githubusercontent.com%2FJforPlay%2Fdata_for_toy%2Fmain%2Foutput_expressions%2F106014%2Fpainting.png,없음,앉기·무릎꿇기,정면,발바닥,흑발,단색,청색,없음
106015,충돌,세뱃돈은 다다익선!,https://wsrv.nl/?w=400&output=jpg&bg=white&url=https%3A%2F%2Fraw.githubusercontent.com%2FJforPlay%2Fdata_for_toy%2Fmain%2Foutput_expressions%2F106015%2Fpainting.png,없음,앉기·무릎꿇기,정면,발바닥,갈색,단색,청색,없음
106019,충돌,롱 아일랜드·改,https://wsrv.nl/?w=400&output=jpg&bg=white&url=https%3A%2F%2Fraw.githubusercontent.com%2FJforPlay%2Fdata_for_toy%2Fmain%2Foutput_expressions%2F106019%2Fpainting.png,없음,서기,정면,없음,갈색,단색,보라,없음
107040,충돌,레인저,https://wsrv.nl/?w=400&output=jpg&bg=white&url=https%3A%2F%2Fraw.githubusercontent.com%2FJforPlay%2Fdata_for_toy%2Fmain%2Foutput_expressions%2F107040%2Fpainting.png,없음,서기,정면,발바닥,분홍,단색,보라,없음
107049,충돌,레인저·改,https://wsrv.nl/?w=400&output=jpg&bg=white&url=https%3A%2F%2Fraw.githubusercontent.com%2FJforPlay%2Fdata_for_toy%2Fmain%2Foutput_expressions%2F107049%2Fpainting.png,없음,서기,정면,없음,분홍,단색,청색,없음
107090,충돌,에식스,https://wsrv.nl/?w=400&output=jpg&bg=white&url=https%3A%2F%2Fraw.githubusercontent.com%2FJforPlay%2Fdata_for_toy%2Fmain%2Foutput_expressions%2F107090%2Fpainting.png,없음,서기,정면,없음,은발·백발,그라데이션,갈색,없음
107091,충돌,66번 국도 여행,https://wsrv.nl/?w=400&output=jpg&bg=white&url=https%3A%2F%2Fraw.githubusercontent.com%2FJforPlay%2Fdata_for_toy%2Fmain%2Foutput_expressions%2F107091%2Fpainting.png,없음,앉기·무릎꿇기,정면,없음,청발,단색,금색,없음
107092,충돌,Craft Fairytail,https://wsrv.nl/?w=400&output=jpg&bg=white&url=https%3A%2F%2Fraw.githubusercontent.com%2FJforPlay%2Fdata_for_toy%2Fmain%2Foutput_expressions%2F107092%2Fpainting.png,없음,앉기·무릎꿇기,정면,발바닥,은발·백발,단색,금색,없음
107093,충돌,필묵으로 그린 건곤,https://wsrv.nl/?w=400&output=jpg&bg=white&url=https%3A%2F%2Fraw.githubusercontent.com%2FJforPlay%2Fdata_for_toy%2Fmain%2Foutput_expressions%2F107093%2Fpainting.png,없음,서기,정면,없음,청발,그라데이션,금색,없음
107094,충돌,탐정 에식스,https://wsrv.nl/?w=400&output=jpg&bg=white&url=https%3A%2F%2Fraw.githubusercontent.com%2FJforPlay%2Fdata_for_toy%2Fmain%2Foutput_expressions%2F107094%2Fpainting.png,없음,서기,정면,없음,보라,단색,금색,없음
107095,충돌,크로스본 엑스트라,https://wsrv.nl/?w=400&output=jpg&bg=white&url=https%3A%2F%2Fraw.githubusercontent.com%2FJforPlay%2Fdata_for_toy%2Fmain%2Foutput_expressions%2F107095%2Fpainting.png,없음,앉기·무릎꿇기,정면,없음,청발,단색,적색,없음
107096,충돌,코스 88의 바람,https://wsrv.nl/?w=400&output=jpg&bg=white&url=https%3A%2F%2Fraw.githubusercontent.com%2FJforPlay%2Fdata_for_toy%2Fmain%2Foutput_expressions%2F107096%2Fpainting.png,없음,서기,정면,없음,청발,단색,갈색,없음
107097,충돌,스타트 라인 스플래시,https://wsrv.nl/?w=400&output=jpg&bg=white&url=https%3A%2F%2Fraw.githubusercontent.com%2FJforPlay%2Fdata_for_toy%2Fmain%2Foutput_expressions%2F107097%2Fpainting.png,없음,앉기·무릎꿇기,정면,발바닥,청발,그라데이션,금색,없음
107099,충돌,에식스·改,https://wsrv.nl/?w=400&output=jpg&bg=white&url=https%3A%2F%2Fraw.githubusercontent.com%2FJforPlay%2Fdata_for_toy%2Fmain%2Foutput_expressions%2F107099%2Fpainting.png,없음,서기,정면,없음,은발·백발,단색,금색,없음
107100,충돌,요크타운Ⅱ,https://wsrv.nl/?w=400&output=jpg&bg=white&url=https%3A%2F%2Fraw.githubusercontent.com%2FJforPlay%2Fdata_for_toy%2Fmain%2Foutput_expressions%2F107100%2Fpainting.png,없음,서기,정면,없음,은발·백발,단색,청색,없음
107101,충돌,밝은 하늘의 인어,https://wsrv.nl/?w=400&output=jpg&bg=white&url=https%3A%2F%2Fraw.githubusercontent.com%2FJforPlay%2Fdata_for_toy%2Fmain%2Foutput_expressions%2F107101%2Fpainting.png,없음,앉기·무릎꿇기,정면,없음,은발·백발,단색,청색,없음
107102,충돌,"온기를 나누는 저녁 (듀얼, L2D, 배경)",https://wsrv.nl/?w=400&output=jpg&bg=white&url=https%3A%2F%2Fraw.githubusercontent.com%2FJforPlay%2Fdata_for_toy%2Fmain%2Foutput_expressions%2F107102%2Fpainting.png,없음,앉기·무릎꿇기,정면,발바닥,은발·백발,단색,청색,"동물귀, 꼬리"
107103,충돌,"온기를 나누는 저녁 (듀얼, 쁘띠모션, 배경)",https://wsrv.nl/?w=400&output=jpg&bg=white&url=https%3A%2F%2Fraw.githubusercontent.com%2FJforPlay%2Fdata_for_toy%2Fmain%2Foutput_expressions%2F107103%2Fpainting.png,없음,앉기·무릎꿇기,정면,없음,은발·백발,단색,청색,동물귀
107110,충돌,인트레피드,https://wsrv.nl/?w=400&output=jpg&bg=white&url=https%3A%2F%2Fraw.githubusercontent.com%2FJforPlay%2Fdata_for_toy%2Fmain%2Foutput_expressions%2F107110%2Fpainting.png,없음,서기,정면,없음,은발·백발,단색,보라,없음
107111,충돌,인트레피드의 일투,https://wsrv.nl/?w=400&output=jpg&bg=white&url=https%3A%2F%2Fraw.githubusercontent.com%2FJforPlay%2Fdata_for_toy%2Fmain%2Foutput_expressions%2F107111%2Fpainting.png,없음,서기,정면,없음,보라,단색,청색,없음
107140,충돌,타이콘데로가,https://wsrv.nl/?w=400&output=jpg&bg=white&url=https%3A%2F%2Fraw.githubusercontent.com%2FJforPlay%2Fdata_for_toy%2Fmain%2Foutput_expressions%2F107140%2Fpainting.png,없음,서기,정면,없음,은발·백발,단색,청색,없음
107141,충돌,검은 토끼의 무대 쇼,https://wsrv.nl/?w=400&output=jpg&bg=white&url=https%3A%2F%2Fraw.githubusercontent.com%2FJforPlay%2Fdata_for_toy%2Fmain%2Foutput_expressions%2F107141%2Fpainting.png,없음,앉기·무릎꿇기,정면,겨드랑이,은발·백발,단색,청색,동물귀
107142,충돌,선샤인 프린세스,https://wsrv.nl/?w=400&output=jpg&bg=white&url=https%3A%2F%2Fraw.githubusercontent.com%2FJforPlay%2Fdata_for_toy%2Fmain%2Foutput_expressions%2F107142%2Fpainting.png,없음,앉기·무릎꿇기,정면,없음,은발·백발,그라데이션,청색,없음
107160,충돌,렉싱턴II,https://wsrv.nl/?w=400&output=jpg&bg=white&url=https%3A%2F%2Fraw.githubusercontent.com%2FJforPlay%2Fdata_for_toy%2Fmain%2Foutput_expressions%2F107160%2Fpainting.png,없음,서기,정면,없음,분홍,단색,보라,없음
107161,충돌,사근사근한 메이드,https://wsrv.nl/?w=400&output=jpg&bg=white&url=https%3A%2F%2Fraw.githubusercontent.com%2FJforPlay%2Fdata_for_toy%2Fmain%2Foutput_expressions%2F107161%2Fpainting.png,없음,앉기·무릎꿇기,후면,발바닥,분홍,단색,분홍,없음
107170,충돌,벙커힐,https://wsrv.nl/?w=400&output=jpg&bg=white&url=https%3A%2F%2Fraw.githubusercontent.com%2FJforPlay%2Fdata_for_toy%2Fmain%2Foutput_expressions%2F107170%2Fpainting.png,없음,서기,정면,없음,금발,단색,적색,없음
107171,충돌,휴식 미션,https://wsrv.nl/?w=400&output=jpg&bg=white&url=https%3A%2F%2Fraw.githubusercontent.com%2FJforPlay%2Fdata_for_toy%2Fmain%2Foutput_expressions%2F107171%2Fpainting.png,없음,앉기·무릎꿇기,정면,없음,금발,단색,금색,없음
107220,충돌,인디펜던스,https://wsrv.nl/?w=400&output=jpg&bg=white&url=https%3A%2F%2Fraw.githubusercontent.com%2FJforPlay%2Fdata_for_toy%2Fmain%2Foutput_expressions%2F107220%2Fpainting.png,없음,서기,정면,없음,갈색,단색,적색,없음
107221,충돌,이쪽의 학원으로,https://wsrv.nl/?w=400&output=jpg&bg=white&url=https%3A%2F%2Fraw.githubusercontent.com%2FJforPlay%2Fdata_for_toy%2Fmain%2Foutput_expressions%2F107221%2Fpainting.png,없음,서기,정면,없음,갈색,단색,적색,없음
107222,충돌,「인디펜던스」 브랜드,https://wsrv.nl/?w=400&output=jpg&bg=white&url=https%3A%2F%2Fraw.githubusercontent.com%2FJforPlay%2Fdata_for_toy%2Fmain%2Foutput_expressions%2F107222%2Fpainting.png,없음,서기,정면,겨드랑이,흑발,단색,적색,없음
107223,충돌,Relaxation.I,https://wsrv.nl/?w=400&output=jpg&bg=white&url=https%3A%2F%2Fraw.githubusercontent.com%2FJforPlay%2Fdata_for_toy%2Fmain%2Foutput_expressions%2F107223%2Fpainting.png,없음,앉기·무릎꿇기,정면,발바닥,흑발,단색,적색,없음
107224,충돌,해풍의 Lucky Time,https://wsrv.nl/?w=400&output=jpg&bg=white&url=https%3A%2F%2Fraw.githubusercontent.com%2FJforPlay%2Fdata_for_toy%2Fmain%2Foutput_expressions%2F107224%2Fpainting.png,없음,서기,정면,없음,흑발,단색,적색,없음
107225,충돌,릴랙세이션 비치,https://wsrv.nl/?w=400&output=jpg&bg=white&url=https%3A%2F%2Fraw.githubusercontent.com%2FJforPlay%2Fdata_for_toy%2Fmain%2Foutput_expressions%2F107225%2Fpainting.png,없음,앉기·무릎꿇기,정면,발바닥,흑발,단색,적색,없음
107229,충돌,인디펜던스·改,https://wsrv.nl/?w=400&output=jpg&bg=white&url=https%3A%2F%2Fraw.githubusercontent.com%2FJforPlay%2Fdata_for_toy%2Fmain%2Foutput_expressions%2F107229%2Fpainting.png,없음,서기,정면,없음,갈색,단색,적색,없음
107230,충돌,프린스턴,https://wsrv.nl/?w=400&output=jpg&bg=white&url=https%3A%2F%2Fraw.githubusercontent.com%2FJforPlay%2Fdata_for_toy%2Fmain%2Foutput_expressions%2F107230%2Fpainting.png,없음,서기,정면,없음,분홍,단색,분홍,없음
107231,충돌,해변의 특별 훈련,https://wsrv.nl/?w=400&output=jpg&bg=white&url=https%3A%2F%2Fraw.githubusercontent.com%2FJforPlay%2Fdata_for_toy%2Fmain%2Foutput_expressions%2F107231%2Fpainting.png,없음,앉기·무릎꿇기,정면,없음,분홍,단색,적색,없음
107232,충돌,롤리팝·캔디랜드,https://wsrv.nl/?w=400&output=jpg&bg=white&url=https%3A%2F%2Fraw.githubusercontent.com%2FJforPlay%2Fdata_for_toy%2Fmain%2Foutput_expressions%2F107232%2Fpainting.png,없음,서기,정면,없음,분홍,그라데이션,적색,없음
107233,충돌,루돌프의 선물,https://wsrv.nl/?w=400&output=jpg&bg=white&url=https%3A%2F%2Fraw.githubusercontent.com%2FJforPlay%2Fdata_for_toy%2Fmain%2Foutput_expressions%2F107233%2Fpainting.png,없음,앉기·무릎꿇기,정면,발바닥,분홍,단색,적색,없음
107250,충돌,카우펜스,https://wsrv.nl/?w=400&output=jpg&bg=white&url=https%3A%2F%2Fraw.githubusercontent.com%2FJforPlay%2Fdata_for_toy%2Fmain%2Foutput_expressions%2F107250%2Fpainting.png,없음,서기,정면,없음,적발,단색,금색,동물귀
107251,충돌,밀키 케어,https://wsrv.nl/?w=400&output=jpg&bg=white&url=https%3A%2F%2Fraw.githubusercontent.com%2FJforPlay%2Fdata_for_toy%2Fmain%2Foutput_expressions%2F107251%2Fpainting.png,없음,앉기·무릎꿇기,정면,없음,갈색,단색,금색,"뿔, 동물귀"
107270,충돌,랭글리Ⅱ,https://wsrv.nl/?w=400&output=jpg&bg=white&url=https%3A%2F%2Fraw.githubusercontent.com%2FJforPlay%2Fdata_for_toy%2Fmain%2Foutput_expressions%2F107270%2Fpainting.png,안경,서기,후면,없음,은발·백발,단색,갈색,없음
107271,충돌,베케이션 온 타임,https://wsrv.nl/?w=400&output=jpg&bg=white&url=https%3A%2F%2Fraw.githubusercontent.com%2FJforPlay%2Fdata_for_toy%2Fmain%2Foutput_expressions%2F107271%2Fpainting.png,안경,서기,정면,없음,녹발,단색,금색,없음
107290,충돌,바탄,https://wsrv.nl/?w=400&output=jpg&bg=white&url=https%3A%2F%2Fraw.githubusercontent.com%2FJforPlay%2Fdata_for_toy%2Fmain%2Foutput_expressions%2F107290%2Fpainting.png,없음,서기,정면,없음,금발,단색,청색,없음
107291,충돌,폭신폭신 파자마,https://wsrv.nl/?w=400&output=jpg&bg=white&url=https%3A%2F%2Fraw.githubusercontent.com%2FJforPlay%2Fdata_for_toy%2Fmain%2Foutput_expressions%2F107291%2Fpainting.png,없음,서기,정면,없음,금발,단색,청색,"동물귀, 꼬리"
107300,충돌,샌 재신토,https://wsrv.nl/?w=400&output=jpg&bg=white&url=https%3A%2F%2Fraw.githubusercontent.com%2FJforPlay%2Fdata_for_toy%2Fmain%2Foutput_expressions%2F107300%2Fpainting.png,없음,서기,정면,없음,은발·백발,단색,보라,없음
107301,충돌,오늘의 특별 추천,https://wsrv.nl/?w=400&output=jpg&bg=white&url=https%3A%2F%2Fraw.githubusercontent.com%2FJforPlay%2Fdata_for_toy%2Fmain%2Foutput_expressions%2F107301%2Fpainting.png,없음,서기,후면,없음,은발·백발,단색,보라,"동물귀, 꼬리"
107380,충돌,샹그릴라,https://wsrv.nl/?w=400&output=jpg&bg=white&url=https%3A%2F%2Fraw.githubusercontent.com%2FJforPlay%2Fdata_for_toy%2Fmain%2Foutput_expressions%2F107380%2Fpainting.png,안경,서기,정면,없음,은발·백발,단색,갈색,없음
107381,충돌,유토피아의 수집가,https://wsrv.nl/?w=400&output=jpg&bg=white&url=https%3A%2F%2Fraw.githubusercontent.com%2FJforPlay%2Fdata_for_toy%2Fmain%2Foutput_expressions%2F107381%2Fpainting.png,안경,서기,정면,없음,은발·백발,그라데이션,금색,없음
107382,충돌,잃어버린 세계의 탐험가,https://wsrv.nl/?w=400&output=jpg&bg=white&url=https%3A%2F%2Fraw.githubusercontent.com%2FJforPlay%2Fdata_for_toy%2Fmain%2Foutput_expressions%2F107382%2Fpainting.png,안경,서기,정면,없음,은발·백발,단색,보라,없음
108020,충돌,알바코어,https://wsrv.nl/?w=400&output=jpg&bg=white&url=https%3A%2F%2Fraw.githubusercontent.com%2FJforPlay%2Fdata_for_toy%2Fmain%2Foutput_expressions%2F108020%2Fpainting.png,고글,서기,후면,겨드랑이,금발,단색,청색,없음
108021,충돌,블랙 드레스 아래의「비밀」,https://wsrv.nl/?w=400&output=jpg&bg=white&url=https%3A%2F%2Fraw.githubusercontent.com%2FJforPlay%2Fdata_for_toy%2Fmain%2Foutput_expressions%2F108021%2Fpainting.png,없음,서기,후면,없음,금발,단색,녹색,없음
108022,충돌,"상자 속의 ""서프라이즈""",https://wsrv.nl/?w=400&output=jpg&bg=white&url=https%3A%2F%2Fraw.githubusercontent.com%2FJforPlay%2Fdata_for_toy%2Fmain%2Foutput_expressions%2F108022%2Fpainting.png,없음,앉기·무릎꿇기,정면,없음,금발,단색,청색,동물귀
108040,충돌,블루길,https://wsrv.nl/?w=400&output=jpg&bg=white&url=https%3A%2F%2Fraw.githubusercontent.com%2FJforPlay%2Fdata_for_toy%2Fmain%2Foutput_expressions%2F108040%2Fpainting.png,없음,앉기·무릎꿇기,후면,발바닥,보라,단색,청색,없음
108041,충돌,견습 에이스 필더!,https://wsrv.nl/?w=400&output=jpg&bg=white&url=https%3A%2F%2Fraw.githubusercontent.com%2FJforPlay%2Fdata_for_toy%2Fmain%2Foutput_expressions%2F108041%2Fpainting.png,없음,서기,정면,발바닥,보라,그라데이션,청색,없음
108060,충돌,아처피시,https://wsrv.nl/?w=400&output=jpg&bg=white&url=https%3A%2F%2Fraw.githubusercontent.com%2FJforPlay%2Fdata_for_toy%2Fmain%2Foutput_expressions%2F108060%2Fpainting.png,없음,앉기·무릎꿇기,후면,발바닥,은발·백발,단색,보라,없음
108061,충돌,바니 특제 음료,https://wsrv.nl/?w=400&output=jpg&bg=white&url=https%3A%2F%2Fraw.githubusercontent.com%2FJforPlay%2Fdata_for_toy%2Fmain%2Foutput_expressions%2F108061%2Fpainting.png,없음,앉기·무릎꿇기,정면,없음,은발·백발,단색,보라,없음
108062,충돌,옆자리의 장난꾸러기,https://wsrv.nl/?w=400&output=jpg&bg=white&url=https%3A%2F%2Fraw.githubusercontent.com%2FJforPlay%2Fdata_for_toy%2Fmain%2Foutput_expressions%2F108062%2Fpainting.png,없음,앉기·무릎꿇기,정면,없음,은발·백발,단색,보라,꼬리
108070,충돌,노틸러스,https://wsrv.nl/?w=400&output=jpg&bg=white&url=https%3A%2F%2Fraw.githubusercontent.com%2FJforPlay%2Fdata_for_toy%2Fmain%2Foutput_expressions%2F108070%2Fpainting.png,없음,서기,후면,겨드랑이,청발,단색,금색,없음
108071,충돌,검은 토끼 휴식 중,https://wsrv.nl/?w=400&output=jpg&bg=white&url=https%3A%2F%2Fraw.githubusercontent.com%2FJforPlay%2Fdata_for_toy%2Fmain%2Foutput_expressions%2F108071%2Fpainting.png,없음,앉기·무릎꿇기,정면,발바닥,청발,그라데이션,금색,없음
108072,충돌,물속에 핀 반짝이는 꽃,https://wsrv.nl/?w=400&output=jpg&bg=white&url=https%3A%2F%2Fraw.githubusercontent.com%2FJforPlay%2Fdata_for_toy%2Fmain%2Foutput_expressions%2F108072%2Fpainting.png,없음,눕기,정면,발바닥,청발,단색,금색,없음
108090,충돌,헤링,https://wsrv.nl/?w=400&output=jpg&bg=white&url=https%3A%2F%2Fraw.githubusercontent.com%2FJforPlay%2Fdata_for_toy%2Fmain%2Foutput_expressions%2F108090%2Fpainting.png,없음,앉기·무릎꿇기,정면,발바닥,은발·백발,단색,청색,없음
108091,충돌,섀도우리스 타운,https://wsrv.nl/?w=400&output=jpg&bg=white&url=https%3A%2F%2Fraw.githubusercontent.com%2FJforPlay%2Fdata_for_toy%2Fmain%2Foutput_expressions%2F108091%2Fpainting.png,없음,앉기·무릎꿇기,정면,없음,은발·백발,단색,은색·회색,없음
131170,충돌,"치킨랩, 그리고 졸음…",https://wsrv.nl/?w=400&output=jpg&bg=white&url=https%3A%2F%2Fraw.githubusercontent.com%2FJforPlay%2Fdata_for_toy%2Fmain%2Foutput_expressions%2F131170%2Fpainting.png,없음,눕기,정면,없음,은발·백발,단색,적색,없음
131171,충돌,슬립 아마겟돈…,https://wsrv.nl/?w=400&output=jpg&bg=white&url=https%3A%2F%2Fraw.githubusercontent.com%2FJforPlay%2Fdata_for_toy%2Fmain%2Foutput_expressions%2F131171%2Fpainting.png,없음,앉기·무릎꿇기,후면,발바닥,은발·백발,단색,금색,없음
131172,충돌,레이지 데이타임,https://wsrv.nl/?w=400&output=jpg&bg=white&url=https%3A%2F%2Fraw.githubusercontent.com%2FJforPlay%2Fdata_for_toy%2Fmain%2Foutput_expressions%2F131172%2Fpainting.png,없음,눕기,정면,없음,은발·백발,단색,적색,없음
199010,충돌,시애틀,https://wsrv.nl/?w=400&output=jpg&bg=white&url=https%3A%2F%2Fraw.githubusercontent.com%2FJforPlay%2Fdata_for_toy%2Fmain%2Foutput_expressions%2F199010%2Fpainting.png,없음,서기,정면,없음,은발·백발,단색,은색·회색,없음
199011,충돌,고저스 파티,https://wsrv.nl/?w=400&output=jpg&bg=white&url=https%3A%2F%2Fraw.githubusercontent.com%2FJforPlay%2Fdata_for_toy%2Fmain%2Foutput_expressions%2F199011%2Fpainting.png,없음,앉기·무릎꿇기,후면,없음,은발·백발,단색,갈색,없음
199012,충돌,크리스마스 파티 준비 중!,https://wsrv.nl/?w=400&output=jpg&bg=white&url=https%3A%2F%2Fraw.githubusercontent.com%2FJforPlay%2Fdata_for_toy%2Fmain%2Foutput_expressions%2F199012%2Fpainting.png,없음,서기,정면,없음,은발·백발,단색,은색·회색,없음
199013,충돌,Sunfish Spell！,https://wsrv.nl/?w=400&output=jpg&bg=white&url=https%3A%2F%2Fraw.githubusercontent.com%2FJforPlay%2Fdata_for_toy%2Fmain%2Foutput_expressions%2F199013%2Fpainting.png,없음,서기,정면,없음,은발·백발,그라데이션,보라,없음
199020,충돌,조지아,https://wsrv.nl/?w=400&output=jpg&bg=white&url=https%3A%2F%2Fraw.githubusercontent.com%2FJforPlay%2Fdata_for_toy%2Fmain%2Foutput_expressions%2F199020%2Fpainting.png,없음,서기,정면,없음,흑발,단색,청색,없음
199021,충돌,사우스타운 펄,https://wsrv.nl/?w=400&output=jpg&bg=white&url=https%3A%2F%2Fraw.githubusercontent.com%2FJforPlay%2Fdata_for_toy%2Fmain%2Foutput_expressions%2F199021%2Fpainting.png,선글라스,서기,정면,없음,갈색,단색,금색,없음
199022,충돌,Lanier Swan,https://wsrv.nl/?w=400&output=jpg&bg=white&url=https%3A%2F%2Fraw.githubusercontent.com%2FJforPlay%2Fdata_for_toy%2Fmain%2Foutput_expressions%2F199022%2Fpainting.png,없음,서기,정면,없음,흑발,단색,오드아이,없음
199023,충돌,아색채화,https://wsrv.nl/?w=400&output=jpg&bg=white&url=https%3A%2F%2Fraw.githubusercontent.com%2FJforPlay%2Fdata_for_toy%2Fmain%2Foutput_expressions%2F199023%2Fpainting.png,없음,서기,후면,없음,갈색,단색,청색,없음
199030,충돌,앵커리지,https://wsrv.nl/?w=400&output=jpg&bg=white&url=https%3A%2F%2Fraw.githubusercontent.com%2FJforPlay%2Fdata_for_toy%2Fmain%2Foutput_expressions%2F199030%2Fpainting.png,없음,눕기,정면,없음,금발,단색,보라,없음
199031,충돌,돌핀 블루 레슨,https://wsrv.nl/?w=400&output=jpg&bg=white&url=https%3A%2F%2Fraw.githubusercontent.com%2FJforPlay%2Fdata_for_toy%2Fmain%2Foutput_expressions%2F199031%2Fpainting.png,없음,엎드리기,후면,발바닥,금발,단색,분홍,없음
199032,충돌,배와 달님,https://wsrv.nl/?w=400&output=jpg&bg=white&url=https%3A%2F%2Fraw.githubusercontent.com%2FJforPlay%2Fdata_for_toy%2Fmain%2Foutput_expressions%2F199032%2Fpainting.png,없음,앉기·무릎꿇기,후면,발바닥,금발,단색,분홍,없음
199033,충돌,맛있는 이브닝 밀크,https://wsrv.nl/?w=400&output=jpg&bg=white&url=https%3A%2F%2Fraw.githubusercontent.com%2FJforPlay%2Fdata_for_toy%2Fmain%2Foutput_expressions%2F199033%2Fpainting.png,없음,앉기·무릎꿇기,정면,발바닥,금발,단색,분홍,없음
199038,공란,석양과 불꽃놀이의 약속,https://wsrv.nl/?w=400&output=jpg&bg=white&url=https%3A%2F%2Fraw.githubusercontent.com%2FJforPlay%2Fdata_for_toy%2Fmain%2Foutput_expressions%2F199038%2Fpainting.png,없음,서기,후면,없음,금발,단색,,없음
199050,충돌,할포드,https://wsrv.nl/?w=400&output=jpg&bg=white&url=https%3A%2F%2Fraw.githubusercontent.com%2FJforPlay%2Fdata_for_toy%2Fmain%2Foutput_expressions%2F199050%2Fpainting.png,없음,서기,정면,없음,은발·백발,단색,적색,없음
199051,충돌,바니 「로드」 리미티드,https://wsrv.nl/?w=400&output=jpg&bg=white&url=https%3A%2F%2Fraw.githubusercontent.com%2FJforPlay%2Fdata_for_toy%2Fmain%2Foutput_expressions%2F199051%2Fpainting.png,없음,앉기·무릎꿇기,정면,발바닥,은발·백발,단색,적색,동물귀
199060,충돌,캔자스,https://wsrv.nl/?w=400&output=jpg&bg=white&url=https%3A%2F%2Fraw.githubusercontent.com%2FJforPlay%2Fdata_for_toy%2Fmain%2Foutput_expressions%2F199060%2Fpainting.png,없음,서기,정면,없음,흑발,단색,분홍,없음
199061,충돌,미드나이트 레저,https://wsrv.nl/?w=400&output=jpg&bg=white&url=https%3A%2F%2Fraw.githubusercontent.com%2FJforPlay%2Fdata_for_toy%2Fmain%2Foutput_expressions%2F199061%2Fpainting.png,없음,서기,정면,없음,보라,그라데이션,분홍,동물귀
201020,충돌,아카스타,https://wsrv.nl/?w=400&output=jpg&bg=white&url=https%3A%2F%2Fraw.githubusercontent.com%2FJforPlay%2Fdata_for_toy%2Fmain%2Foutput_expressions%2F201020%2Fpainting.png,없음,앉기·무릎꿇기,정면,없음,흑발,그라데이션,청색,없음
201021,충돌,외출 스타일,https://wsrv.nl/?w=400&output=jpg&bg=white&url=https%3A%2F%2Fraw.githubusercontent.com%2FJforPlay%2Fdata_for_toy%2Fmain%2Foutput_expressions%2F201021%2Fpainting.png,없음,앉기·무릎꿇기,정면,없음,흑발,그라데이션,청색,없음
201022,충돌,대보름의 등불축제,https://wsrv.nl/?w=400&output=jpg&bg=white&url=https%3A%2F%2Fraw.githubusercontent.com%2FJforPlay%2Fdata_for_toy%2Fmain%2Foutput_expressions%2F201022%2Fpainting.png,없음,앉기·무릎꿇기,정면,없음,흑발,브릿지,청색,없음
201023,충돌,「화이트」앤「블랙」,https://wsrv.nl/?w=400&output=jpg&bg=white&url=https%3A%2F%2Fraw.githubusercontent.com%2FJforPlay%2Fdata_for_toy%2Fmain%2Foutput_expressions%2F201023%2Fpainting.png,없음,앉기·무릎꿇기,후면,발바닥,흑발,단색,청색,"동물귀, 꼬리"
201029,충돌,아카스타·改,https://wsrv.nl/?w=400&output=jpg&bg=white&url=https%3A%2F%2Fraw.githubusercontent.com%2FJforPlay%2Fdata_for_toy%2Fmain%2Foutput_expressions%2F201029%2Fpainting.png,없음,서기,정면,없음,흑발,브릿지,청색,없음
201030,충돌,아덴트,https://wsrv.nl/?w=400&output=jpg&bg=white&url=https%3A%2F%2Fraw.githubusercontent.com%2FJforPlay%2Fdata_for_toy%2Fmain%2Foutput_expressions%2F201030%2Fpainting.png,없음,서기,정면,없음,금발,그라데이션,청색,없음
201031,충돌,밸런타인의 아덴트,https://wsrv.nl/?w=400&output=jpg&bg=white&url=https%3A%2F%2Fraw.githubusercontent.com%2FJforPlay%2Fdata_for_toy%2Fmain%2Foutput_expressions%2F201031%2Fpainting.png,없음,서기,정면,없음,금발,단색,청색,없음
201032,충돌,Master·아덴트?,https://wsrv.nl/?w=400&output=jpg&bg=white&url=https%3A%2F%2Fraw.githubusercontent.com%2FJforPlay%2Fdata_for_toy%2Fmain%2Foutput_expressions%2F201032%2Fpainting.png,없음,앉기·무릎꿇기,정면,발바닥,금발,단색,청색,동물귀
201039,충돌,아덴트·改,https://wsrv.nl/?w=400&output=jpg&bg=white&url=https%3A%2F%2Fraw.githubusercontent.com%2FJforPlay%2Fdata_for_toy%2Fmain%2Foutput_expressions%2F201039%2Fpainting.png,없음,서기,정면,발바닥,금발,단색,청색,없음
201080,충돌,코멧,https://wsrv.nl/?w=400&output=jpg&bg=white&url=https%3A%2F%2Fraw.githubusercontent.com%2FJforPlay%2Fdata_for_toy%2Fmain%2Foutput_expressions%2F201080%2Fpainting.png,없음,서기,정면,없음,녹발,그라데이션,적색,없음
201089,충돌,코멧·改,https://wsrv.nl/?w=400&output=jpg&bg=white&url=https%3A%2F%2Fraw.githubusercontent.com%2FJforPlay%2Fdata_for_toy%2Fmain%2Foutput_expressions%2F201089%2Fpainting.png,없음,서기,정면,없음,녹발,단색,적색,없음
201090,충돌,크레센트,https://wsrv.nl/?w=400&output=jpg&bg=white&url=https%3A%2F%2Fraw.githubusercontent.com%2FJforPlay%2Fdata_for_toy%2Fmain%2Foutput_expressions%2F201090%2Fpainting.png,없음,서기,정면,없음,금발,그라데이션,적색,없음
201099,충돌,크레센트·改,https://wsrv.nl/?w=400&output=jpg&bg=white&url=https%3A%2F%2Fraw.githubusercontent.com%2FJforPlay%2Fdata_for_toy%2Fmain%2Foutput_expressions%2F201099%2Fpainting.png,없음,서기,정면,없음,금발,단색,적색,없음
201100,충돌,시그넷,https://wsrv.nl/?w=400&output=jpg&bg=white&url=https%3A%2F%2Fraw.githubusercontent.com%2FJforPlay%2Fdata_for_toy%2Fmain%2Foutput_expressions%2F201100%2Fpainting.png,없음,서기,정면,없음,은발·백발,단색,분홍,없음
201101,충돌,해변의 십자성,https://wsrv.nl/?w=400&output=jpg&bg=white&url=https%3A%2F%2Fraw.githubusercontent.com%2FJforPlay%2Fdata_for_toy%2Fmain%2Foutput_expressions%2F201101%2Fpainting.png,없음,서기,정면,겨드랑이,은발·백발,단색,보라,없음
201102,충돌,성야의 찬송가,https://wsrv.nl/?w=400&output=jpg&bg=white&url=https%3A%2F%2Fraw.githubusercontent.com%2FJforPlay%2Fdata_for_toy%2Fmain%2Foutput_expressions%2F201102%2Fpainting.png,없음,앉기·무릎꿇기,정면,발바닥,은발·백발,단색,분홍,없음
201103,충돌,겨울의 데이트,https://wsrv.nl/?w=400&output=jpg&bg=white&url=https%3A%2F%2Fraw.githubusercontent.com%2FJforPlay%2Fdata_for_toy%2Fmain%2Foutput_expressions%2F201103%2Fpainting.png,없음,서기,정면,없음,은발·백발,단색,분홍,없음
201104,충돌,메이드 체험 위크?,https://wsrv.nl/?w=400&output=jpg&bg=white&url=https%3A%2F%2Fraw.githubusercontent.com%2FJforPlay%2Fdata_for_toy%2Fmain%2Foutput_expressions%2F201104%2Fpainting.png,없음,서기,정면,없음,은발·백발,단색,오드아이,없음
201105,충돌,로열 응원가,https://wsrv.nl/?w=400&output=jpg&bg=white&url=https%3A%2F%2Fraw.githubusercontent.com%2FJforPlay%2Fdata_for_toy%2Fmain%2Foutput_expressions%2F201105%2Fpainting.png,없음,서기,정면,겨드랑이,은발·백발,단색,적색,없음
201109,충돌,시그넷·改,https://wsrv.nl/?w=400&output=jpg&bg=white&url=https%3A%2F%2Fraw.githubusercontent.com%2FJforPlay%2Fdata_for_toy%2Fmain%2Foutput_expressions%2F201109%2Fpainting.png,없음,서기,정면,없음,은발·백발,단색,보라,없음
201140,충돌,글로우웜,https://wsrv.nl/?w=400&output=jpg&bg=white&url=https%3A%2F%2Fraw.githubusercontent.com%2FJforPlay%2Fdata_for_toy%2Fmain%2Foutput_expressions%2F201140%2Fpainting.png,없음,서기,정면,없음,회색,그라데이션,녹색,없음
201141,충돌,막돼먹은 대판사,https://wsrv.nl/?w=400&output=jpg&bg=white&url=https%3A%2F%2Fraw.githubusercontent.com%2FJforPlay%2Fdata_for_toy%2Fmain%2Foutput_expressions%2F201141%2Fpainting.png,없음,서기,후면,없음,청발,단색,녹색,없음
201149,충돌,글로우웜·改,https://wsrv.nl/?w=400&output=jpg&bg=white&url=https%3A%2F%2Fraw.githubusercontent.com%2FJforPlay%2Fdata_for_toy%2Fmain%2Foutput_expressions%2F201149%2Fpainting.png,없음,서기,정면,없음,청발,단색,녹색,없음
201210,충돌,재블린,https://wsrv.nl/?w=400&output=jpg&bg=white&url=https%3A%2F%2Fraw.githubusercontent.com%2FJforPlay%2Fdata_for_toy%2Fmain%2Foutput_expressions%2F201210%2Fpainting.png,없음,서기,정면,없음,보라,단색,녹색,없음
201212,충돌,해변의 피크닉,https://wsrv.nl/?w=400&output=jpg&bg=white&url=https%3A%2F%2Fraw.githubusercontent.com%2FJforPlay%2Fdata_for_toy%2Fmain%2Foutput_expressions%2F201212%2Fpainting.png,없음,서기,정면,겨드랑이,보라,단색,녹색,없음
201213,충돌,웨이트리스가 되려면？,https://wsrv.nl/?w=400&output=jpg&bg=white&url=https%3A%2F%2Fraw.githubusercontent.com%2FJforPlay%2Fdata_for_toy%2Fmain%2Foutput_expressions%2F201213%2Fpainting.png,없음,서기,정면,겨드랑이,보라,그라데이션,청색,없음
201214,충돌,미속전진,https://wsrv.nl/?w=400&output=jpg&bg=white&url=https%3A%2F%2Fraw.githubusercontent.com%2FJforPlay%2Fdata_for_toy%2Fmain%2Foutput_expressions%2F201214%2Fpainting.png,없음,앉기·무릎꿇기,정면,발바닥,보라,단색,녹색,없음
201215,충돌,베개 싸움!,https://wsrv.nl/?w=400&output=jpg&bg=white&url=https%3A%2F%2Fraw.githubusercontent.com%2FJforPlay%2Fdata_for_toy%2Fmain%2Foutput_expressions%2F201215%2Fpainting.png,없음,앉기·무릎꿇기,정면,없음,보라,단색,청색,없음
201216,충돌,왕도 아이돌·원기120!,https://wsrv.nl/?w=400&output=jpg&bg=white&url=https%3A%2F%2Fraw.githubusercontent.com%2FJforPlay%2Fdata_for_toy%2Fmain%2Foutput_expressions%2F201216%2Fpainting.png,없음,서기,후면,발바닥,보라,단색,녹색,없음
201217,충돌,업적 달성？！,https://wsrv.nl/?w=400&output=jpg&bg=white&url=https%3A%2F%2Fraw.githubusercontent.com%2FJforPlay%2Fdata_for_toy%2Fmain%2Foutput_expressions%2F201217%2Fpainting.png,없음,서기,후면,없음,보라,단색,녹색,없음
201218,충돌,행복한 유월의 신부,https://wsrv.nl/?w=400&output=jpg&bg=white&url=https%3A%2F%2Fraw.githubusercontent.com%2FJforPlay%2Fdata_for_toy%2Fmain%2Foutput_expressions%2F201218%2Fpainting.png,없음,앉기·무릎꿇기,정면,없음,보라,단색,녹색,없음
201219,충돌,재블린·改,https://wsrv.nl/?w=400&output=jpg&bg=white&url=https%3A%2F%2Fraw.githubusercontent.com%2FJforPlay%2Fdata_for_toy%2Fmain%2Foutput_expressions%2F201219%2Fpainting.png,없음,서기,정면,겨드랑이,보라,단색,녹색,없음
201220,충돌,주노,https://wsrv.nl/?w=400&output=jpg&bg=white&url=https%3A%2F%2Fraw.githubusercontent.com%2FJforPlay%2Fdata_for_toy%2Fmain%2Foutput_expressions%2F201220%2Fpainting.png,없음,서기,정면,없음,분홍,그라데이션,보라,없음
201221,충돌,맛있는 축제?,https://wsrv.nl/?w=400&output=jpg&bg=white&url=https%3A%2F%2Fraw.githubusercontent.com%2FJforPlay%2Fdata_for_toy%2Fmain%2Foutput_expressions%2F201221%2Fpainting.png,없음,서기,후면,없음,분홍,단색,보라,없음
201230,충돌,뱀파이어,https://wsrv.nl/?w=400&output=jpg&bg=white&url=https%3A%2F%2Fraw.githubusercontent.com%2FJforPlay%2Fdata_for_toy%2Fmain%2Foutput_expressions%2F201230%2Fpainting.png,없음,서기,후면,없음,은발·백발,단색,보라,날개
201231,충돌,봄의 바람,https://wsrv.nl/?w=400&output=jpg&bg=white&url=https%3A%2F%2Fraw.githubusercontent.com%2FJforPlay%2Fdata_for_toy%2Fmain%2Foutput_expressions%2F201231%2Fpainting.png,없음,서기,정면,없음,은발·백발,단색,적색,없음
201232,충돌,백의의 소악마,https://wsrv.nl/?w=400&output=jpg&bg=white&url=https%3A%2F%2Fraw.githubusercontent.com%2FJforPlay%2Fdata_for_toy%2Fmain%2Foutput_expressions%2F201232%2Fpainting.png,없음,앉기·무릎꿇기,정면,겨드랑이,은발·백발,단색,적색,날개
201233,충돌,밤의 공주 정장,https://wsrv.nl/?w=400&output=jpg&bg=white&url=https%3A%2F%2Fraw.githubusercontent.com%2FJforPlay%2Fdata_for_toy%2Fmain%2Foutput_expressions%2F201233%2Fpainting.png,없음,서기,정면,발바닥,은발·백발,단색,적색,없음
201234,충돌,아이돌 리틀 데블,https://wsrv.nl/?w=400&output=jpg&bg=white&url=https%3A%2F%2Fraw.githubusercontent.com%2FJforPlay%2Fdata_for_toy%2Fmain%2Foutput_expressions%2F201234%2Fpainting.png,없음,서기,정면,발바닥,은발·백발,단색,적색,없음
201235,충돌,혼란스런 축제의 밤,https://wsrv.nl/?w=400&output=jpg&bg=white&url=https%3A%2F%2Fraw.githubusercontent.com%2FJforPlay%2Fdata_for_toy%2Fmain%2Foutput_expressions%2F201235%2Fpainting.png,없음,앉기·무릎꿇기,정면,발바닥,은발·백발,단색,적색,없음
201238,충돌,엘리의 축복,https://wsrv.nl/?w=400&output=jpg&bg=white&url=https%3A%2F%2Fraw.githubusercontent.com%2FJforPlay%2Fdata_for_toy%2Fmain%2Foutput_expressions%2F201238%2Fpainting.png,없음,서기,정면,없음,은발·백발,단색,적색,없음
201240,충돌,주피터,https://wsrv.nl/?w=400&output=jpg&bg=white&url=https%3A%2F%2Fraw.githubusercontent.com%2FJforPlay%2Fdata_for_toy%2Fmain%2Foutput_expressions%2F201240%2Fpainting.png,없음,서기,정면,없음,보라,그라데이션,청색,없음
201241,충돌,방송 대기 중,https://wsrv.nl/?w=400&output=jpg&bg=white&url=https%3A%2F%2Fraw.githubusercontent.com%2FJforPlay%2Fdata_for_toy%2Fmain%2Foutput_expressions%2F201241%2Fpainting.png,없음,눕기,정면,발바닥,은발·백발,그라데이션,청색,없음
201320,충돌,에스키모,https://wsrv.nl/?w=400&output=jpg&bg=white&url=https%3A%2F%2Fraw.githubusercontent.com%2FJforPlay%2Fdata_for_toy%2Fmain%2Foutput_expressions%2F201320%2Fpainting.png,안경,서기,정면,없음,흑발,단색,은색·회색,없음
201321,충돌,"해변의 ""문제 어린이""",https://wsrv.nl/?w=400&output=jpg&bg=white&url=https%3A%2F%2Fraw.githubusercontent.com%2FJforPlay%2Fdata_for_toy%2Fmain%2Foutput_expressions%2F201321%2Fpainting.png,없음,앉기·무릎꿇기,정면,없음,흑발,단색,보라,없음
201340,충돌,저비스,https://wsrv.nl/?w=400&output=jpg&bg=white&url=https%3A%2F%2Fraw.githubusercontent.com%2FJforPlay%2Fdata_for_toy%2Fmain%2Foutput_expressions%2F201340%2Fpainting.png,없음,앉기·무릎꿇기,정면,없음,보라,그라데이션,보라,없음
201341,충돌,바람에 휘날리며,https://wsrv.nl/?w=400&output=jpg&bg=white&url=https%3A%2F%2Fraw.githubusercontent.com%2FJforPlay%2Fdata_for_toy%2Fmain%2Foutput_expressions%2F201341%2Fpainting.png,없음,서기,정면,없음,흑발,그라데이션,보라,없음
201350,충돌,재너스,https://wsrv.nl/?w=400&output=jpg&bg=white&url=https%3A%2F%2Fraw.githubusercontent.com%2FJforPlay%2Fdata_for_toy%2Fmain%2Foutput_expressions%2F201350%2Fpainting.png,없음,서기,정면,없음,청발,단색,녹색,없음
201351,충돌,핼러윈 야옹이의 스릴 나이트,https://wsrv.nl/?w=400&output=jpg&bg=white&url=https%3A%2F%2Fraw.githubusercontent.com%2FJforPlay%2Fdata_for_toy%2Fmain%2Foutput_expressions%2F201351%2Fpainting.png,없음,앉기·무릎꿇기,정면,없음,은발·백발,단색,청색,"동물귀, 꼬리, 날개"
201352,충돌,망설임의 환복 시간,https://wsrv.nl/?w=400&output=jpg&bg=white&url=https%3A%2F%2Fraw.githubusercontent.com%2FJforPlay%2Fdata_for_toy%2Fmain%2Foutput_expressions%2F201352%2Fpainting.png,없음,서기,후면,없음,청발,단색,녹색,없음
201353,충돌,불 끄지 마세요,https://wsrv.nl/?w=400&output=jpg&bg=white&url=https%3A%2F%2Fraw.githubusercontent.com%2FJforPlay%2Fdata_for_toy%2Fmain%2Foutput_expressions%2F201353%2Fpainting.png,없음,서기,정면,없음,은발·백발,단색,청색,없음
201354,공란·충돌,당구 레슨,https://wsrv.nl/?w=400&output=jpg&bg=white&url=https%3A%2F%2Fraw.githubusercontent.com%2FJforPlay%2Fdata_for_toy%2Fmain%2Foutput_expressions%2F201354%2Fpainting.png,없음,눕기,정면,,청발,단색,청색,없음
201355,충돌,구름 위의 물보라,https://wsrv.nl/?w=400&output=jpg&bg=white&url=https%3A%2F%2Fraw.githubusercontent.com%2FJforPlay%2Fdata_for_toy%2Fmain%2Foutput_expressions%2F201355%2Fpainting.png,없음,엎드리기,후면,발바닥,청발,단색,청색,없음
201358,충돌,아침놀에 빛나는 맹세,https://wsrv.nl/?w=400&output=jpg&bg=white&url=https%3A%2F%2Fraw.githubusercontent.com%2FJforPlay%2Fdata_for_toy%2Fmain%2Foutput_expressions%2F201358%2Fpainting.png,없음,앉기·무릎꿇기,정면,없음,청발,단색,청색,없음
201360,충돌,히어로,https://wsrv.nl/?w=400&output=jpg&bg=white&url=https%3A%2F%2Fraw.githubusercontent.com%2FJforPlay%2Fdata_for_toy%2Fmain%2Foutput_expressions%2F201360%2Fpainting.png,없음,서기,정면,발바닥,은발·백발,단색,적색,없음
201361,충돌,옆자리의 작은 악마,https://wsrv.nl/?w=400&output=jpg&bg=white&url=https%3A%2F%2Fraw.githubusercontent.com%2FJforPlay%2Fdata_for_toy%2Fmain%2Foutput_expressions%2F201361%2Fpainting.png,없음,앉기·무릎꿇기,정면,없음,분홍,단색,적색,없음
201380,충돌,트라팔가,https://wsrv.nl/?w=400&output=jpg&bg=white&url=https%3A%2F%2Fraw.githubusercontent.com%2FJforPlay%2Fdata_for_toy%2Fmain%2Foutput_expressions%2F201380%2Fpainting.png,없음,서기,정면,없음,보라,단색,금색,없음
201381,충돌,높은 봉우리와 바닷바람,https://wsrv.nl/?w=400&output=jpg&bg=white&url=https%3A%2F%2Fraw.githubusercontent.com%2FJforPlay%2Fdata_for_toy%2Fmain%2Foutput_expressions%2F201381%2Fpainting.png,없음,엎드리기,정면,발바닥,청발,브릿지,금색,없음
201390,충돌,갤런트,https://wsrv.nl/?w=400&output=jpg&bg=white&url=https%3A%2F%2Fraw.githubusercontent.com%2FJforPlay%2Fdata_for_toy%2Fmain%2Foutput_expressions%2F201390%2Fpainting.png,없음,서기,정면,없음,분홍,단색,청색,없음
201391,충돌,마음의 특급 배송,https://wsrv.nl/?w=400&output=jpg&bg=white&url=https%3A%2F%2Fraw.githubusercontent.com%2FJforPlay%2Fdata_for_toy%2Fmain%2Foutput_expressions%2F201391%2Fpainting.png,없음,서기,후면,없음,적발,단색,청색,없음
202010,충돌,리엔더,https://wsrv.nl/?w=400&output=jpg&bg=white&url=https%3A%2F%2Fraw.githubusercontent.com%2FJforPlay%2Fdata_for_toy%2Fmain%2Foutput_expressions%2F202010%2Fpainting.png,없음,서기,정면,없음,금발,단색,청색,없음
202019,충돌,리엔더·改,https://wsrv.nl/?w=400&output=jpg&bg=white&url=https%3A%2F%2Fraw.githubusercontent.com%2FJforPlay%2Fdata_for_toy%2Fmain%2Foutput_expressions%2F202019%2Fpainting.png,없음,서기,정면,없음,금발,그라데이션,청색,없음
202020,충돌,아킬레스,https://wsrv.nl/?w=400&output=jpg&bg=white&url=https%3A%2F%2Fraw.githubusercontent.com%2FJforPlay%2Fdata_for_toy%2Fmain%2Foutput_expressions%2F202020%2Fpainting.png,없음,서기,정면,없음,금발,그라데이션,보라,없음
202029,충돌,아킬레스·改,https://wsrv.nl/?w=400&output=jpg&bg=white&url=https%3A%2F%2Fraw.githubusercontent.com%2FJforPlay%2Fdata_for_toy%2Fmain%2Foutput_expressions%2F202029%2Fpainting.png,없음,서기,정면,없음,금발,단색,보라,없음
202030,충돌,에이잭스,https://wsrv.nl/?w=400&output=jpg&bg=white&url=https%3A%2F%2Fraw.githubusercontent.com%2FJforPlay%2Fdata_for_toy%2Fmain%2Foutput_expressions%2F202030%2Fpainting.png,없음,서기,정면,없음,은발·백발,단색,분홍,없음
202031,충돌,파티 퀸,https://wsrv.nl/?w=400&output=jpg&bg=white&url=https%3A%2F%2Fraw.githubusercontent.com%2FJforPlay%2Fdata_for_toy%2Fmain%2Foutput_expressions%2F202031%2Fpainting.png,없음,서기,후면,없음,보라,단색,분홍,없음
202032,충돌,밸런타인 특별보상?,https://wsrv.nl/?w=400&output=jpg&bg=white&url=https%3A%2F%2Fraw.githubusercontent.com%2FJforPlay%2Fdata_for_toy%2Fmain%2Foutput_expressions%2F202032%2Fpainting.png,없음,앉기·무릎꿇기,정면,발바닥,보라,단색,분홍,없음
202039,충돌,에이잭스·改,https://wsrv.nl/?w=400&output=jpg&bg=white&url=https%3A%2F%2Fraw.githubusercontent.com%2FJforPlay%2Fdata_for_toy%2Fmain%2Foutput_expressions%2F202039%2Fpainting.png,없음,앉기·무릎꿇기,정면,발바닥,은발·백발,그라데이션,보라,없음
202040,충돌,다이도,https://wsrv.nl/?w=400&output=jpg&bg=white&url=https%3A%2F%2Fraw.githubusercontent.com%2FJforPlay%2Fdata_for_toy%2Fmain%2Foutput_expressions%2F202040%2Fpainting.png,없음,서기,정면,없음,은발·백발,단색,분홍,없음
202041,충돌,센치한 BIsqueDoll,https://wsrv.nl/?w=400&output=jpg&bg=white&url=https%3A%2F%2Fraw.githubusercontent.com%2FJforPlay%2Fdata_for_toy%2Fmain%2Foutput_expressions%2F202041%2Fpainting.png,없음,서기,정면,없음,은발·백발,단색,분홍,날개
202080,충돌,셰필드,https://wsrv.nl/?w=400&output=jpg&bg=white&url=https%3A%2F%2Fraw.githubusercontent.com%2FJforPlay%2Fdata_for_toy%2Fmain%2Foutput_expressions%2F202080%2Fpainting.png,없음,서기,정면,없음,은발·백발,단색,금색,없음
202081,충돌,이중생활?,https://wsrv.nl/?w=400&output=jpg&bg=white&url=https%3A%2F%2Fraw.githubusercontent.com%2FJforPlay%2Fdata_for_toy%2Fmain%2Foutput_expressions%2F202081%2Fpainting.png,없음,앉기·무릎꿇기,정면,없음,은발·백발,단색,금색,없음
202082,충돌,잠깐의 휴식,https://wsrv.nl/?w=400&output=jpg&bg=white&url=https%3A%2F%2Fraw.githubusercontent.com%2FJforPlay%2Fdata_for_toy%2Fmain%2Foutput_expressions%2F202082%2Fpainting.png,없음,서기,후면,없음,은발·백발,단색,금색,없음
202083,충돌,레이븐의 저녁 만찬,https://wsrv.nl/?w=400&output=jpg&bg=white&url=https%3A%2F%2Fraw.githubusercontent.com%2FJforPlay%2Fdata_for_toy%2Fmain%2Foutput_expressions%2F202083%2Fpainting.png,없음,앉기·무릎꿇기,정면,없음,금발,단색,금색,없음
202084,충돌,BulletBorne,https://wsrv.nl/?w=400&output=jpg&bg=white&url=https%3A%2F%2Fraw.githubusercontent.com%2FJforPlay%2Fdata_for_toy%2Fmain%2Foutput_expressions%2F202084%2Fpainting.png,없음,앉기·무릎꿇기,정면,없음,은발·백발,단색,금색,없음
202085,충돌,미스틱 쇼다운,https://wsrv.nl/?w=400&output=jpg&bg=white&url=https%3A%2F%2Fraw.githubusercontent.com%2FJforPlay%2Fdata_for_toy%2Fmain%2Foutput_expressions%2F202085%2Fpainting.png,없음,앉기·무릎꿇기,정면,없음,금발,단색,금색,날개
202090,충돌,맨체스터,https://wsrv.nl/?w=400&output=jpg&bg=white&url=https%3A%2F%2Fraw.githubusercontent.com%2FJforPlay%2Fdata_for_toy%2Fmain%2Foutput_expressions%2F202090%2Fpainting.png,없음,서기,정면,없음,은발·백발,단색,녹색,없음
202091,충돌,스케어리 나이트 케어,https://wsrv.nl/?w=400&output=jpg&bg=white&url=https%3A%2F%2Fraw.githubusercontent.com%2FJforPlay%2Fdata_for_toy%2Fmain%2Foutput_expressions%2F202091%2Fpainting.png,없음,앉기·무릎꿇기,정면,발바닥,은발·백발,단색,녹색,"날개, 꼬리"
202092,충돌,파도가 잦아든 사이,https://wsrv.nl/?w=400&output=jpg&bg=white&url=https%3A%2F%2Fraw.githubusercontent.com%2FJforPlay%2Fdata_for_toy%2Fmain%2Foutput_expressions%2F202092%2Fpainting.png,없음,앉기·무릎꿇기,정면,없음,은발·백발,단색,녹색,없음
202110,충돌,에든버러,https://wsrv.nl/?w=400&output=jpg&bg=white&url=https%3A%2F%2Fraw.githubusercontent.com%2FJforPlay%2Fdata_for_toy%2Fmain%2Foutput_expressions%2F202110%2Fpainting.png,안경,서기,정면,발바닥,은발·백발,단색,청색,없음
202111,충돌,도서관의 요정,https://wsrv.nl/?w=400&output=jpg&bg=white&url=https%3A%2F%2Fraw.githubusercontent.com%2FJforPlay%2Fdata_for_toy%2Fmain%2Foutput_expressions%2F202111%2Fpainting.png,안경,앉기·무릎꿇기,정면,없음,은발·백발,단색,은색·회색,없음
202112,충돌,Candy Maid,https://wsrv.nl/?w=400&output=jpg&bg=white&url=https%3A%2F%2Fraw.githubusercontent.com%2FJforPlay%2Fdata_for_toy%2Fmain%2Foutput_expressions%2F202112%2Fpainting.png,안경,서기,정면,발바닥,은발·백발,단색,보라,없음
202120,충돌,벨파스트,https://wsrv.nl/?w=400&output=jpg&bg=white&url=https%3A%2F%2Fraw.githubusercontent.com%2FJforPlay%2Fdata_for_toy%2Fmain%2Foutput_expressions%2F202120%2Fpainting.png,없음,서기,정면,없음,은발·백발,단색,보라,없음
202121,충돌,채운의 장미,https://wsrv.nl/?w=400&output=jpg&bg=white&url=https%3A%2F%2Fraw.githubusercontent.com%2FJforPlay%2Fdata_for_toy%2Fmain%2Foutput_expressions%2F202121%2Fpainting.png,없음,서기,정면,없음,은발·백발,단색,보라,없음
202122,충돌,차가운 강철의 메이드,https://wsrv.nl/?w=400&output=jpg&bg=white&url=https%3A%2F%2Fraw.githubusercontent.com%2FJforPlay%2Fdata_for_toy%2Fmain%2Foutput_expressions%2F202122%2Fpainting.png,없음,서기,정면,없음,은발·백발,단색,보라,없음
202123,충돌,우아하고 고귀한 메이드,https://wsrv.nl/?w=400&output=jpg&bg=white&url=https%3A%2F%2Fraw.githubusercontent.com%2FJforPlay%2Fdata_for_toy%2Fmain%2Foutput_expressions%2F202123%2Fpainting.png,없음,서기,정면,없음,은발·백발,단색,보라,없음
202124,충돌,메이드장의 쇼핑데이,https://wsrv.nl/?w=400&output=jpg&bg=white&url=https%3A%2F%2Fraw.githubusercontent.com%2FJforPlay%2Fdata_for_toy%2Fmain%2Foutput_expressions%2F202124%2Fpainting.png,없음,서기,정면,없음,은발·백발,단색,보라,없음
202125,충돌,완벽한 대리점장,https://wsrv.nl/?w=400&output=jpg&bg=white&url=https%3A%2F%2Fraw.githubusercontent.com%2FJforPlay%2Fdata_for_toy%2Fmain%2Foutput_expressions%2F202125%2Fpainting.png,없음,서기,정면,없음,은발·백발,단색,보라,없음
202126,충돌,경성의 화선,https://wsrv.nl/?w=400&output=jpg&bg=white&url=https%3A%2F%2Fraw.githubusercontent.com%2FJforPlay%2Fdata_for_toy%2Fmain%2Foutput_expressions%2F202126%2Fpainting.png,없음,서기,정면,없음,은발·백발,단색,보라,없음
202127,충돌,최고의 봉사,https://wsrv.nl/?w=400&output=jpg&bg=white&url=https%3A%2F%2Fraw.githubusercontent.com%2FJforPlay%2Fdata_for_toy%2Fmain%2Foutput_expressions%2F202127%2Fpainting.png,없음,앉기·무릎꿇기,정면,발바닥,은발·백발,단색,보라,없음
202128,충돌,클라다 링의 맹세,https://wsrv.nl/?w=400&output=jpg&bg=white&url=https%3A%2F%2Fraw.githubusercontent.com%2FJforPlay%2Fdata_for_toy%2Fmain%2Foutput_expressions%2F202128%2Fpainting.png,없음,서기,정면,없음,은발·백발,단색,청색,없음
202200,충돌,시리우스,https://wsrv.nl/?w=400&output=jpg&bg=white&url=https%3A%2F%2Fraw.githubusercontent.com%2FJforPlay%2Fdata_for_toy%2Fmain%2Foutput_expressions%2F202200%2Fpainting.png,없음,서기,정면,없음,은발·백발,단색,적색,없음
202201,충돌,화이트로즈,https://wsrv.nl/?w=400&output=jpg&bg=white&url=https%3A%2F%2Fraw.githubusercontent.com%2FJforPlay%2Fdata_for_toy%2Fmain%2Foutput_expressions%2F202201%2Fpainting.png,없음,앉기·무릎꿇기,정면,없음,은발·백발,단색,적색,없음
202202,충돌,한 여름의 Seirios,https://wsrv.nl/?w=400&output=jpg&bg=white&url=https%3A%2F%2Fraw.githubusercontent.com%2FJforPlay%2Fdata_for_toy%2Fmain%2Foutput_expressions%2F202202%2Fpainting.png,선글라스,앉기·무릎꿇기,정면,없음,은발·백발,단색,적색,없음
202203,충돌,푸른 물결의 구름,https://wsrv.nl/?w=400&output=jpg&bg=white&url=https%3A%2F%2Fraw.githubusercontent.com%2FJforPlay%2Fdata_for_toy%2Fmain%2Foutput_expressions%2F202203%2Fpainting.png,없음,앉기·무릎꿇기,정면,없음,은발·백발,단색,분홍,없음
202204,충돌,파라다이스 코니,https://wsrv.nl/?w=400&output=jpg&bg=white&url=https%3A%2F%2Fraw.githubusercontent.com%2FJforPlay%2Fdata_for_toy%2Fmain%2Foutput_expressions%2F202204%2Fpainting.png,없음,거꾸로,후면,없음,은발·백발,단색,적색,없음
202208,충돌,Alba Sirius,https://wsrv.nl/?w=400&output=jpg&bg=white&url=https%3A%2F%2Fraw.githubusercontent.com%2FJforPlay%2Fdata_for_toy%2Fmain%2Foutput_expressions%2F202208%2Fpainting.png,없음,서기,후면,없음,은발·백발,단색,적색,없음
202210,충돌,퀴라소,https://wsrv.nl/?w=400&output=jpg&bg=white&url=https%3A%2F%2Fraw.githubusercontent.com%2FJforPlay%2Fdata_for_toy%2Fmain%2Foutput_expressions%2F202210%2Fpainting.png,없음,서기,정면,없음,갈색,단색,청색,없음
202211,충돌,동쪽 나라의 고운 빛깔,https://wsrv.nl/?w=400&output=jpg&bg=white&url=https%3A%2F%2Fraw.githubusercontent.com%2FJforPlay%2Fdata_for_toy%2Fmain%2Foutput_expressions%2F202211%2Fpainting.png,없음,앉기·무릎꿇기,정면,없음,흑발,단색,청색,없음
202219,충돌,퀴라소·改,https://wsrv.nl/?w=400&output=jpg&bg=white&url=https%3A%2F%2Fraw.githubusercontent.com%2FJforPlay%2Fdata_for_toy%2Fmain%2Foutput_expressions%2F202219%2Fpainting.png,없음,서기,정면,없음,흑발,단색,청색,없음
202220,충돌,컬루,https://wsrv.nl/?w=400&output=jpg&bg=white&url=https%3A%2F%2Fraw.githubusercontent.com%2FJforPlay%2Fdata_for_toy%2Fmain%2Foutput_expressions%2F202220%2Fpainting.png,없음,서기,정면,없음,보라,단색,은색·회색,없음
202221,충돌,동쪽 나라의 정취,https://wsrv.nl/?w=400&output=jpg&bg=white&url=https%3A%2F%2Fraw.githubusercontent.com%2FJforPlay%2Fdata_for_toy%2Fmain%2Foutput_expressions%2F202221%2Fpainting.png,없음,앉기·무릎꿇기,정면,없음,보라,단색,청색,없음
202229,충돌,컬루·改,https://wsrv.nl/?w=400&output=jpg&bg=white&url=https%3A%2F%2Fraw.githubusercontent.com%2FJforPlay%2Fdata_for_toy%2Fmain%2Foutput_expressions%2F202229%2Fpainting.png,없음,서기,정면,없음,보라,단색,청색,없음
202230,충돌,스위프트슈어,https://wsrv.nl/?w=400&output=jpg&bg=white&url=https%3A%2F%2Fraw.githubusercontent.com%2FJforPlay%2Fdata_for_toy%2Fmain%2Foutput_expressions%2F202230%2Fpainting.png,없음,서기,정면,없음,금발,단색,분홍,없음
202231,충돌,자습실의 Cyclamen,https://wsrv.nl/?w=400&output=jpg&bg=white&url=https%3A%2F%2Fraw.githubusercontent.com%2FJforPlay%2Fdata_for_toy%2Fmain%2Foutput_expressions%2F202231%2Fpainting.png,안경,서기,정면,없음,갈색,단색,적색,없음
202232,충돌,백옥의 미녀,https://wsrv.nl/?w=400&output=jpg&bg=white&url=https%3A%2F%2Fraw.githubusercontent.com%2FJforPlay%2Fdata_for_toy%2Fmain%2Foutput_expressions%2F202232%2Fpainting.png,없음,앉기·무릎꿇기,정면,없음,갈색,단색,적색,없음
202233,충돌,한 여름의 특별 서비스,https://wsrv.nl/?w=400&output=jpg&bg=white&url=https%3A%2F%2Fraw.githubusercontent.com%2FJforPlay%2Fdata_for_toy%2Fmain%2Foutput_expressions%2F202233%2Fpainting.png,없음,앉기·무릎꿇기,정면,겨드랑이,금발,단색,적색,없음
202240,충돌,블랙 프린스,https://wsrv.nl/?w=400&output=jpg&bg=white&url=https%3A%2F%2Fraw.githubusercontent.com%2FJforPlay%2Fdata_for_toy%2Fmain%2Foutput_expressions%2F202240%2Fpainting.png,없음,서기,정면,겨드랑이,분홍,단색,적색,없음
202241,충돌,White Princess,https://wsrv.nl/?w=400&output=jpg&bg=white&url=https%3A%2F%2Fraw.githubusercontent.com%2FJforPlay%2Fdata_for_toy%2Fmain%2Foutput_expressions%2F202241%2Fpainting.png,없음,서기,정면,없음,분홍,단색,분홍,없음
202242,충돌,Fairmaid·Spring,https://wsrv.nl/?w=400&output=jpg&bg=white&url=https%3A%2F%2Fraw.githubusercontent.com%2FJforPlay%2Fdata_for_toy%2Fmain%2Foutput_expressions%2F202242%2Fpainting.png,없음,앉기·무릎꿇기,정면,발바닥,분홍,단색,분홍,없음
202243,충돌,Pop The Cork,https://wsrv.nl/?w=400&output=jpg&bg=white&url=https%3A%2F%2Fraw.githubusercontent.com%2FJforPlay%2Fdata_for_toy%2Fmain%2Foutput_expressions%2F202243%2Fpainting.png,없음,서기,정면,없음,적발,단색,분홍,없음
202244,충돌,정신 없는 안내원?,https://wsrv.nl/?w=400&output=jpg&bg=white&url=https%3A%2F%2Fraw.githubusercontent.com%2FJforPlay%2Fdata_for_toy%2Fmain%2Foutput_expressions%2F202244%2Fpainting.png,없음,앉기·무릎꿇기,정면,없음,적발,단색,적색,"동물귀, 꼬리"
202248,충돌,Love's Greeting,https://wsrv.nl/?w=400&output=jpg&bg=white&url=https%3A%2F%2Fraw.githubusercontent.com%2FJforPlay%2Fdata_for_toy%2Fmain%2Foutput_expressions%2F202248%2Fpainting.png,없음,앉기·무릎꿇기,후면,없음,분홍,단색,분홍,없음
202260,충돌,글래스고,https://wsrv.nl/?w=400&output=jpg&bg=white&url=https%3A%2F%2Fraw.githubusercontent.com%2FJforPlay%2Fdata_for_toy%2Fmain%2Foutput_expressions%2F202260%2Fpainting.png,없음,서기,정면,없음,갈색,단색,청색,없음
202261,충돌,메이드씨는 동급생,https://wsrv.nl/?w=400&output=jpg&bg=white&url=https%3A%2F%2Fraw.githubusercontent.com%2FJforPlay%2Fdata_for_toy%2Fmain%2Foutput_expressions%2F202261%2Fpainting.png,없음,서기,정면,없음,흑발,단색,청색,없음
202270,충돌,허마이오니,https://wsrv.nl/?w=400&output=jpg&bg=white&url=https%3A%2F%2Fraw.githubusercontent.com%2FJforPlay%2Fdata_for_toy%2Fmain%2Foutput_expressions%2F202270%2Fpainting.png,없음,서기,정면,없음,은발·백발,단색,금색,없음
202271,충돌,퓨어화이트 엔젤,https://wsrv.nl/?w=400&output=jpg&bg=white&url=https%3A%2F%2Fraw.githubusercontent.com%2FJforPlay%2Fdata_for_toy%2Fmain%2Foutput_expressions%2F202271%2Fpainting.png,없음,서기,후면,없음,은발·백발,단색,녹색,없음
202272,충돌,순백의 한가한 휴일,https://wsrv.nl/?w=400&output=jpg&bg=white&url=https%3A%2F%2Fraw.githubusercontent.com%2FJforPlay%2Fdata_for_toy%2Fmain%2Foutput_expressions%2F202272%2Fpainting.png,없음,서기,정면,없음,은발·백발,단색,금색,없음
202273,충돌,메이드의 우아한 오후,https://wsrv.nl/?w=400&output=jpg&bg=white&url=https%3A%2F%2Fraw.githubusercontent.com%2FJforPlay%2Fdata_for_toy%2Fmain%2Foutput_expressions%2F202273%2Fpainting.png,없음,앉기·무릎꿇기,정면,없음,은발·백발,단색,금색,없음
202274,충돌,퓨어리 허브,https://wsrv.nl/?w=400&output=jpg&bg=white&url=https%3A%2F%2Fraw.githubusercontent.com%2FJforPlay%2Fdata_for_toy%2Fmain%2Foutput_expressions%2F202274%2Fpainting.png,없음,서기,정면,없음,은발·백발,단색,금색,없음
202275,충돌,윈터 디어레스트,https://wsrv.nl/?w=400&output=jpg&bg=white&url=https%3A%2F%2Fraw.githubusercontent.com%2FJforPlay%2Fdata_for_toy%2Fmain%2Foutput_expressions%2F202275%2Fpainting.png,없음,서기,후면,없음,은발·백발,단색,금색,없음
202278,충돌,아침노을의 맹세,https://wsrv.nl/?w=400&output=jpg&bg=white&url=https%3A%2F%2Fraw.githubusercontent.com%2FJforPlay%2Fdata_for_toy%2Fmain%2Foutput_expressions%2F202278%2Fpainting.png,없음,앉기·무릎꿇기,정면,없음,은발·백발,단색,금색,없음
202300,충돌,카리브디스,https://wsrv.nl/?w=400&output=jpg&bg=white&url=https%3A%2F%2Fraw.githubusercontent.com%2FJforPlay%2Fdata_for_toy%2Fmain%2Foutput_expressions%2F202300%2Fpainting.png,없음,서기,정면,없음,회색,단색,갈색,없음
202301,충돌,안식의 규방,https://wsrv.nl/?w=400&output=jpg&bg=white&url=https%3A%2F%2Fraw.githubusercontent.com%2FJforPlay%2Fdata_for_toy%2Fmain%2Foutput_expressions%2F202301%2Fpainting.png,없음,앉기·무릎꿇기,정면,없음,흑발,단색,은색·회색,없음
202302,충돌,반짝이는 드레스,https://wsrv.nl/?w=400&output=jpg&bg=white&url=https%3A%2F%2Fraw.githubusercontent.com%2FJforPlay%2Fdata_for_toy%2Fmain%2Foutput_expressions%2F202302%2Fpainting.png,없음,앉기·무릎꿇기,정면,없음,흑발,단색,갈색,없음
202303,충돌,시원한 물방울,https://wsrv.nl/?w=400&output=jpg&bg=white&url=https%3A%2F%2Fraw.githubusercontent.com%2FJforPlay%2Fdata_for_toy%2Fmain%2Foutput_expressions%2F202303%2Fpainting.png,없음,서기,정면,없음,은발·백발,단색,갈색,없음
202340,충돌,리버풀,https://wsrv.nl/?w=400&output=jpg&bg=white&url=https%3A%2F%2Fraw.githubusercontent.com%2FJforPlay%2Fdata_for_toy%2Fmain%2Foutput_expressions%2F202340%2Fpainting.png,없음,서기,정면,없음,보라,그라데이션,보라,없음
202341,충돌,블레싱 블레이즈,https://wsrv.nl/?w=400&output=jpg&bg=white&url=https%3A%2F%2Fraw.githubusercontent.com%2FJforPlay%2Fdata_for_toy%2Fmain%2Foutput_expressions%2F202341%2Fpainting.png,없음,서기,후면,없음,보라,단색,보라,없음
202350,충돌,클레오파트라,https://wsrv.nl/?w=400&output=jpg&bg=white&url=https%3A%2F%2Fraw.githubusercontent.com%2FJforPlay%2Fdata_for_toy%2Fmain%2Foutput_expressions%2F202350%2Fpainting.png,없음,서기,정면,없음,흑발,브릿지,보라,없음
202351,충돌,별빛과 장미,https://wsrv.nl/?w=400&output=jpg&bg=white&url=https%3A%2F%2Fraw.githubusercontent.com%2FJforPlay%2Fdata_for_toy%2Fmain%2Foutput_expressions%2F202351%2Fpainting.png,없음,앉기·무릎꿇기,정면,겨드랑이,흑발,브릿지,보라,동물귀
203010,충돌,런던,https://wsrv.nl/?w=400&output=jpg&bg=white&url=https%3A%2F%2Fraw.githubusercontent.com%2FJforPlay%2Fdata_for_toy%2Fmain%2Foutput_expressions%2F203010%2Fpainting.png,안경,서기,정면,없음,갈색,그라데이션,적색,없음
203011,충돌,유능한 비서,https://wsrv.nl/?w=400&output=jpg&bg=white&url=https%3A%2F%2Fraw.githubusercontent.com%2FJforPlay%2Fdata_for_toy%2Fmain%2Foutput_expressions%2F203011%2Fpainting.png,안경,앉기·무릎꿇기,정면,없음,흑발,단색,적색,없음
203018,충돌,세리머니 오브 플래티넘,https://wsrv.nl/?w=400&output=jpg&bg=white&url=https%3A%2F%2Fraw.githubusercontent.com%2FJforPlay%2Fdata_for_toy%2Fmain%2Foutput_expressions%2F203018%2Fpainting.png,안경,앉기·무릎꿇기,정면,없음,갈색,단색,적색,없음
203019,충돌,런던·改,https://wsrv.nl/?w=400&output=jpg&bg=white&url=https%3A%2F%2Fraw.githubusercontent.com%2FJforPlay%2Fdata_for_toy%2Fmain%2Foutput_expressions%2F203019%2Fpainting.png,안경,서기,정면,없음,갈색,단색,적색,없음
203040,충돌,서포크,https://wsrv.nl/?w=400&output=jpg&bg=white&url=https%3A%2F%2Fraw.githubusercontent.com%2FJforPlay%2Fdata_for_toy%2Fmain%2Foutput_expressions%2F203040%2Fpainting.png,없음,서기,정면,없음,분홍,단색,보라,동물귀
203049,충돌,서포크·改,https://wsrv.nl/?w=400&output=jpg&bg=white&url=https%3A%2F%2Fraw.githubusercontent.com%2FJforPlay%2Fdata_for_toy%2Fmain%2Foutput_expressions%2F203049%2Fpainting.png,없음,서기,정면,없음,분홍,단색,청색,동물귀
203130,충돌,데본셔,https://wsrv.nl/?w=400&output=jpg&bg=white&url=https%3A%2F%2Fraw.githubusercontent.com%2FJforPlay%2Fdata_for_toy%2Fmain%2Foutput_expressions%2F203130%2Fpainting.png,없음,서기,정면,없음,보라,단색,금색,날개
203131,공란·충돌,데몬 새디스틱,https://wsrv.nl/?w=400&output=jpg&bg=white&url=https%3A%2F%2Fraw.githubusercontent.com%2FJforPlay%2Fdata_for_toy%2Fmain%2Foutput_expressions%2F203131%2Fpainting.png,없음,,,,보라,단색,금색,"뿔, 날개"
204030,충돌,후드,https://wsrv.nl/?w=400&output=jpg&bg=white&url=https%3A%2F%2Fraw.githubusercontent.com%2FJforPlay%2Fdata_for_toy%2Fmain%2Foutput_expressions%2F204030%2Fpainting.png,없음,서기,후면,없음,금발,단색,은색·회색,없음
204031,충돌,햇살 속의 숙녀,https://wsrv.nl/?w=400&output=jpg&bg=white&url=https%3A%2F%2Fraw.githubusercontent.com%2FJforPlay%2Fdata_for_toy%2Fmain%2Foutput_expressions%2F204031%2Fpainting.png,선글라스,앉기·무릎꿇기,정면,없음,금발,단색,청색,없음
204032,충돌,오색빛 Glorius,https://wsrv.nl/?w=400&output=jpg&bg=white&url=https%3A%2F%2Fraw.githubusercontent.com%2FJforPlay%2Fdata_for_toy%2Fmain%2Foutput_expressions%2F204032%2Fpainting.png,없음,앉기·무릎꿇기,정면,없음,금발,단색,청색,없음
204033,충돌,아침 햇살의 숙녀,https://wsrv.nl/?w=400&output=jpg&bg=white&url=https%3A%2F%2Fraw.githubusercontent.com%2FJforPlay%2Fdata_for_toy%2Fmain%2Foutput_expressions%2F204033%2Fpainting.png,없음,서기,정면,없음,금발,단색,청색,없음
204034,충돌,숙녀와 서러브레드,https://wsrv.nl/?w=400&output=jpg&bg=white&url=https%3A%2F%2Fraw.githubusercontent.com%2FJforPlay%2Fdata_for_toy%2Fmain%2Foutput_expressions%2F204034%2Fpainting.png,없음,앉기·무릎꿇기,정면,없음,금발,단색,청색,없음
204035,충돌,그녀를 위한 엘레강스,https://wsrv.nl/?w=400&output=jpg&bg=white&url=https%3A%2F%2Fraw.githubusercontent.com%2FJforPlay%2Fdata_for_toy%2Fmain%2Foutput_expressions%2F204035%2Fpainting.png,없음,서기,정면,없음,금발,단색,청색,없음
204038,충돌,순결한 사랑,https://wsrv.nl/?w=400&output=jpg&bg=white&url=https%3A%2F%2Fraw.githubusercontent.com%2FJforPlay%2Fdata_for_toy%2Fmain%2Foutput_expressions%2F204038%2Fpainting.png,없음,서기,정면,없음,금발,단색,청색,없음
205010,충돌,퀸 엘리자베스,https://wsrv.nl/?w=400&output=jpg&bg=white&url=https%3A%2F%2Fraw.githubusercontent.com%2FJforPlay%2Fdata_for_toy%2Fmain%2Foutput_expressions%2F205010%2Fpainting.png,없음,서기,정면,없음,금발,단색,은색·회색,없음
205011,충돌,여왕님의 무도회,https://wsrv.nl/?w=400&output=jpg&bg=white&url=https%3A%2F%2Fraw.githubusercontent.com%2FJforPlay%2Fdata_for_toy%2Fmain%2Foutput_expressions%2F205011%2Fpainting.png,없음,앉기·무릎꿇기,정면,없음,금발,단색,청색,없음
205012,충돌,A Night At The Stage,https://wsrv.nl/?w=400&output=jpg&bg=white&url=https%3A%2F%2Fraw.githubusercontent.com%2FJforPlay%2Fdata_for_toy%2Fmain%2Foutput_expressions%2F205012%2Fpainting.png,없음,서기,정면,없음,금발,단색,청색,없음
205013,충돌,여왕의 학원 명령,https://wsrv.nl/?w=400&output=jpg&bg=white&url=https%3A%2F%2Fraw.githubusercontent.com%2FJforPlay%2Fdata_for_toy%2Fmain%2Foutput_expressions%2F205013%2Fpainting.png,없음,서기,정면,없음,금발,단색,청색,없음
205014,충돌,금운의 프리미엄 로열,https://wsrv.nl/?w=400&output=jpg&bg=white&url=https%3A%2F%2Fraw.githubusercontent.com%2FJforPlay%2Fdata_for_toy%2Fmain%2Foutput_expressions%2F205014%2Fpainting.png,없음,앉기·무릎꿇기,정면,없음,금발,단색,청색,없음
205015,충돌,Maid·My·Highness,https://wsrv.nl/?w=400&output=jpg&bg=white&url=https%3A%2F%2Fraw.githubusercontent.com%2FJforPlay%2Fdata_for_toy%2Fmain%2Foutput_expressions%2F205015%2Fpainting.png,없음,앉기·무릎꿇기,정면,없음,금발,단색,청색,없음
205016,충돌,시사이드 오더즈,https://wsrv.nl/?w=400&output=jpg&bg=white&url=https%3A%2F%2Fraw.githubusercontent.com%2FJforPlay%2Fdata_for_toy%2Fmain%2Foutput_expressions%2F205016%2Fpainting.png,없음,눕기,정면,발바닥,금발,단색,청색,없음
205020,충돌,워스파이트,https://wsrv.nl/?w=400&output=jpg&bg=white&url=https%3A%2F%2Fraw.githubusercontent.com%2FJforPlay%2Fdata_for_toy%2Fmain%2Foutput_expressions%2F205020%2Fpainting.png,없음,서기,정면,없음,금발,단색,보라,없음
205021,충돌,전사의 크리스마스 선물,https://wsrv.nl/?w=400&output=jpg&bg=white&url=https%3A%2F%2Fraw.githubusercontent.com%2FJforPlay%2Fdata_for_toy%2Fmain%2Foutput_expressions%2F205021%2Fpainting.png,없음,서기,정면,없음,금발,단색,보라,없음
205022,충돌,Under Pleasure,https://wsrv.nl/?w=400&output=jpg&bg=white&url=https%3A%2F%2Fraw.githubusercontent.com%2FJforPlay%2Fdata_for_toy%2Fmain%2Foutput_expressions%2F205022%2Fpainting.png,없음,앉기·무릎꿇기,정면,없음,금발,단색,보라,동물귀
205023,충돌,올드 레이디의 수박 자르기,https://wsrv.nl/?w=400&output=jpg&bg=white&url=https%3A%2F%2Fraw.githubusercontent.com%2FJforPlay%2Fdata_for_toy%2Fmain%2Foutput_expressions%2F205023%2Fpainting.png,없음,서기,후면,없음,금발,단색,보라,없음
205029,충돌,워스파이트·改,https://wsrv.nl/?w=400&output=jpg&bg=white&url=https%3A%2F%2Fraw.githubusercontent.com%2FJforPlay%2Fdata_for_toy%2Fmain%2Foutput_expressions%2F205029%2Fpainting.png,없음,서기,정면,없음,금발,단색,보라,없음
205040,충돌,로드니,https://wsrv.nl/?w=400&output=jpg&bg=white&url=https%3A%2F%2Fraw.githubusercontent.com%2FJforPlay%2Fdata_for_toy%2Fmain%2Foutput_expressions%2F205040%2Fpainting.png,없음,서기,정면,없음,은발·백발,단색,보라,없음
205041,충돌,미래의 Ms.시사이드,https://wsrv.nl/?w=400&output=jpg&bg=white&url=https%3A%2F%2Fraw.githubusercontent.com%2FJforPlay%2Fdata_for_toy%2Fmain%2Foutput_expressions%2F205041%2Fpainting.png,없음,앉기·무릎꿇기,정면,발바닥,보라,그라데이션,보라,없음
205043,충돌,완벽한 가인,https://wsrv.nl/?w=400&output=jpg&bg=white&url=https%3A%2F%2Fraw.githubusercontent.com%2FJforPlay%2Fdata_for_toy%2Fmain%2Foutput_expressions%2F205043%2Fpainting.png,없음,앉기·무릎꿇기,정면,없음,은발·백발,그라데이션,보라,없음
205048,충돌,행복의 전당,https://wsrv.nl/?w=400&output=jpg&bg=white&url=https%3A%2F%2Fraw.githubusercontent.com%2FJforPlay%2Fdata_for_toy%2Fmain%2Foutput_expressions%2F205048%2Fpainting.png,없음,서기,정면,없음,보라,단색,청색,없음
205060,충돌,프린스 오브 웨일즈,https://wsrv.nl/?w=400&output=jpg&bg=white&url=https%3A%2F%2Fraw.githubusercontent.com%2FJforPlay%2Fdata_for_toy%2Fmain%2Foutput_expressions%2F205060%2Fpainting.png,없음,서기,정면,없음,금발,단색,적색,없음
205061,충돌,윈저의 태양,https://wsrv.nl/?w=400&output=jpg&bg=white&url=https%3A%2F%2Fraw.githubusercontent.com%2FJforPlay%2Fdata_for_toy%2Fmain%2Foutput_expressions%2F205061%2Fpainting.png,없음,서기,후면,발바닥,금발,단색,적색,없음
205062,충돌,로열 네이비의 풍류,https://wsrv.nl/?w=400&output=jpg&bg=white&url=https%3A%2F%2Fraw.githubusercontent.com%2FJforPlay%2Fdata_for_toy%2Fmain%2Foutput_expressions%2F205062%2Fpainting.png,없음,서기,정면,없음,금발,단색,갈색,없음
205064,충돌,영광의 빅토리 레이싱,https://wsrv.nl/?w=400&output=jpg&bg=white&url=https%3A%2F%2Fraw.githubusercontent.com%2FJforPlay%2Fdata_for_toy%2Fmain%2Foutput_expressions%2F205064%2Fpainting.png,없음,앉기·무릎꿇기,정면,겨드랑이,금발,단색,적색,없음
205065,충돌,"기사의 선율, 소녀의 별하늘",https://wsrv.nl/?w=400&output=jpg&bg=white&url=https%3A%2F%2Fraw.githubusercontent.com%2FJforPlay%2Fdata_for_toy%2Fmain%2Foutput_expressions%2F205065%2Fpainting.png,없음,서기,후면,없음,금발,단색,적색,없음
205070,충돌,듀크 오브 요크,https://wsrv.nl/?w=400&output=jpg&bg=white&url=https%3A%2F%2Fraw.githubusercontent.com%2FJforPlay%2Fdata_for_toy%2Fmain%2Foutput_expressions%2F205070%2Fpainting.png,없음,서기,정면,없음,분홍,단색,청색,없음
205072,충돌,영원한 밤의 코롤라,https://wsrv.nl/?w=400&output=jpg&bg=white&url=https%3A%2F%2Fraw.githubusercontent.com%2FJforPlay%2Fdata_for_toy%2Fmain%2Foutput_expressions%2F205072%2Fpainting.png,없음,앉기·무릎꿇기,정면,없음,적발,단색,적색,없음
205073,충돌,위대한 글로리어스 포뮬러,https://wsrv.nl/?w=400&output=jpg&bg=white&url=https%3A%2F%2Fraw.githubusercontent.com%2FJforPlay%2Fdata_for_toy%2Fmain%2Foutput_expressions%2F205073%2Fpainting.png,없음,앉기·무릎꿇기,정면,겨드랑이,분홍,단색,청색,없음
205074,충돌,지혜로운 페다고그,https://wsrv.nl/?w=400&output=jpg&bg=white&url=https%3A%2F%2Fraw.githubusercontent.com%2FJforPlay%2Fdata_for_toy%2Fmain%2Foutput_expressions%2F205074%2Fpainting.png,안경,앉기·무릎꿇기,정면,없음,분홍,단색,청색,없음
205090,충돌,하우,https://wsrv.nl/?w=400&output=jpg&bg=white&url=https%3A%2F%2Fraw.githubusercontent.com%2FJforPlay%2Fdata_for_toy%2Fmain%2Foutput_expressions%2F205090%2Fpainting.png,없음,서기,정면,없음,금발,단색,청색,없음
205091,충돌,Noble Rouge,https://wsrv.nl/?w=400&output=jpg&bg=white&url=https%3A%2F%2Fraw.githubusercontent.com%2FJforPlay%2Fdata_for_toy%2Fmain%2Foutput_expressions%2F205091%2Fpainting.png,없음,서기,정면,없음,금발,단색,청색,없음
205092,충돌,Cookie·Maid·Princess,https://wsrv.nl/?w=400&output=jpg&bg=white&url=https%3A%2F%2Fraw.githubusercontent.com%2FJforPlay%2Fdata_for_toy%2Fmain%2Foutput_expressions%2F205092%2Fpainting.png,없음,앉기·무릎꿇기,정면,겨드랑이,금발,그라데이션,녹색,없음
205093,충돌,럭셔리 나이트 파티,https://wsrv.nl/?w=400&output=jpg&bg=white&url=https%3A%2F%2Fraw.githubusercontent.com%2FJforPlay%2Fdata_for_toy%2Fmain%2Foutput_expressions%2F205093%2Fpainting.png,없음,앉기·무릎꿇기,정면,없음,금발,브릿지,청색,꼬리
205141,공란,우울 소녀는 도망치고 싶어,https://wsrv.nl/?w=400&output=jpg&bg=white&url=https%3A%2F%2Fraw.githubusercontent.com%2FJforPlay%2Fdata_for_toy%2Fmain%2Foutput_expressions%2F205141%2Fpainting.png,없음,엎드리기,정면,,금발,단색,보라,없음
206010,충돌,허미즈,https://wsrv.nl/?w=400&output=jpg&bg=white&url=https%3A%2F%2Fraw.githubusercontent.com%2FJforPlay%2Fdata_for_toy%2Fmain%2Foutput_expressions%2F206010%2Fpainting.png,없음,서기,정면,없음,은발·백발,단색,보라,없음
206019,충돌,허미즈·改,https://wsrv.nl/?w=400&output=jpg&bg=white&url=https%3A%2F%2Fraw.githubusercontent.com%2FJforPlay%2Fdata_for_toy%2Fmain%2Foutput_expressions%2F206019%2Fpainting.png,없음,서기,정면,없음,은발·백발,단색,분홍,없음
206020,충돌,아거스,https://wsrv.nl/?w=400&output=jpg&bg=white&url=https%3A%2F%2Fraw.githubusercontent.com%2FJforPlay%2Fdata_for_toy%2Fmain%2Foutput_expressions%2F206020%2Fpainting.png,없음,서기,정면,없음,은발·백발,단색,은색·회색,없음
206021,충돌,날 밝은 줄 모르는 숙면,https://wsrv.nl/?w=400&output=jpg&bg=white&url=https%3A%2F%2Fraw.githubusercontent.com%2FJforPlay%2Fdata_for_toy%2Fmain%2Foutput_expressions%2F206021%2Fpainting.png,없음,눕기,정면,없음,은발·백발,단색,청색,없음
206022,충돌,트라이 앤드 엑스퀴짓,https://wsrv.nl/?w=400&output=jpg&bg=white&url=https%3A%2F%2Fraw.githubusercontent.com%2FJforPlay%2Fdata_for_toy%2Fmain%2Foutput_expressions%2F206022%2Fpainting.png,없음,서기,정면,없음,은발·백발,단색,청색,없음
206023,충돌,위엄 있는 수영복 특훈,https://wsrv.nl/?w=400&output=jpg&bg=white&url=https%3A%2F%2Fraw.githubusercontent.com%2FJforPlay%2Fdata_for_toy%2Fmain%2Foutput_expressions%2F206023%2Fpainting.png,없음,엎드리기,후면,발바닥,은발·백발,단색,보라,없음
206030,충돌,유니콘,https://wsrv.nl/?w=400&output=jpg&bg=white&url=https%3A%2F%2Fraw.githubusercontent.com%2FJforPlay%2Fdata_for_toy%2Fmain%2Foutput_expressions%2F206030%2Fpainting.png,없음,앉기·무릎꿇기,후면,발바닥,보라,단색,보라,없음
206031,충돌,작은 별의 디바,https://wsrv.nl/?w=400&output=jpg&bg=white&url=https%3A%2F%2Fraw.githubusercontent.com%2FJforPlay%2Fdata_for_toy%2Fmain%2Foutput_expressions%2F206031%2Fpainting.png,없음,서기,정면,없음,보라,그라데이션,보라,없음
206032,충돌,봄의 선물,https://wsrv.nl/?w=400&output=jpg&bg=white&url=https%3A%2F%2Fraw.githubusercontent.com%2FJforPlay%2Fdata_for_toy%2Fmain%2Foutput_expressions%2F206032%2Fpainting.png,없음,서기,정면,없음,보라,단색,보라,없음
206033,충돌,꿈에 그리던 유원지,https://wsrv.nl/?w=400&output=jpg&bg=white&url=https%3A%2F%2Fraw.githubusercontent.com%2FJforPlay%2Fdata_for_toy%2Fmain%2Foutput_expressions%2F206033%2Fpainting.png,없음,서기,정면,없음,보라,단색,보라,없음
206034,충돌,소원의 눈과 매화,https://wsrv.nl/?w=400&output=jpg&bg=white&url=https%3A%2F%2Fraw.githubusercontent.com%2FJforPlay%2Fdata_for_toy%2Fmain%2Foutput_expressions%2F206034%2Fpainting.png,없음,서기,정면,없음,보라,단색,보라,없음
206035,충돌,천사의 MY NIGHT,https://wsrv.nl/?w=400&output=jpg&bg=white&url=https%3A%2F%2Fraw.githubusercontent.com%2FJforPlay%2Fdata_for_toy%2Fmain%2Foutput_expressions%2F206035%2Fpainting.png,없음,서기,정면,없음,보라,단색,보라,없음
206036,충돌,시원한 독서 시간,https://wsrv.nl/?w=400&output=jpg&bg=white&url=https%3A%2F%2Fraw.githubusercontent.com%2FJforPlay%2Fdata_for_toy%2Fmain%2Foutput_expressions%2F206036%2Fpainting.png,없음,앉기·무릎꿇기,정면,발바닥,보라,그라데이션,보라,없음
206037,충돌,천사의 간호,https://wsrv.nl/?w=400&output=jpg&bg=white&url=https%3A%2F%2Fraw.githubusercontent.com%2FJforPlay%2Fdata_for_toy%2Fmain%2Foutput_expressions%2F206037%2Fpainting.png,없음,서기,정면,없음,보라,단색,보라,없음
206038,충돌,행복의 순백,https://wsrv.nl/?w=400&output=jpg&bg=white&url=https%3A%2F%2Fraw.githubusercontent.com%2FJforPlay%2Fdata_for_toy%2Fmain%2Foutput_expressions%2F206038%2Fpainting.png,없음,서기,정면,없음,보라,단색,보라,없음
206039,충돌,유니콘·改,https://wsrv.nl/?w=400&output=jpg&bg=white&url=https%3A%2F%2Fraw.githubusercontent.com%2FJforPlay%2Fdata_for_toy%2Fmain%2Foutput_expressions%2F206039%2Fpainting.png,없음,서기,정면,없음,보라,단색,보라,없음
206040,충돌,센토,https://wsrv.nl/?w=400&output=jpg&bg=white&url=https%3A%2F%2Fraw.githubusercontent.com%2FJforPlay%2Fdata_for_toy%2Fmain%2Foutput_expressions%2F206040%2Fpainting.png,없음,서기,정면,없음,금발,단색,청색,없음
206041,충돌,해변의 운디네,https://wsrv.nl/?w=400&output=jpg&bg=white&url=https%3A%2F%2Fraw.githubusercontent.com%2FJforPlay%2Fdata_for_toy%2Fmain%2Foutput_expressions%2F206041%2Fpainting.png,없음,서기,정면,겨드랑이,금발,단색,녹색,없음
206042,충돌,청량한 봄바람,https://wsrv.nl/?w=400&output=jpg&bg=white&url=https%3A%2F%2Fraw.githubusercontent.com%2FJforPlay%2Fdata_for_toy%2Fmain%2Foutput_expressions%2F206042%2Fpainting.png,없음,서기,정면,없음,금발,단색,청색,없음
206070,충돌,알비온,https://wsrv.nl/?w=400&output=jpg&bg=white&url=https%3A%2F%2Fraw.githubusercontent.com%2FJforPlay%2Fdata_for_toy%2Fmain%2Foutput_expressions%2F206070%2Fpainting.png,없음,서기,정면,없음,은발·백발,그라데이션,은색·회색,날개
206071,충돌,은빛 달 아래의 요정,https://wsrv.nl/?w=400&output=jpg&bg=white&url=https%3A%2F%2Fraw.githubusercontent.com%2FJforPlay%2Fdata_for_toy%2Fmain%2Foutput_expressions%2F206071%2Fpainting.png,없음,앉기·무릎꿇기,정면,없음,은발·백발,단색,청색,"뿔, 날개"
206072,충돌,주각에 풍겨드는 봄 향기,https://wsrv.nl/?w=400&output=jpg&bg=white&url=https%3A%2F%2Fraw.githubusercontent.com%2FJforPlay%2Fdata_for_toy%2Fmain%2Foutput_expressions%2F206072%2Fpainting.png,없음,앉기·무릎꿇기,후면,겨드랑이,은발·백발,단색,청색,없음
206073,충돌,요정향의 조찬,https://wsrv.nl/?w=400&output=jpg&bg=white&url=https%3A%2F%2Fraw.githubusercontent.com%2FJforPlay%2Fdata_for_toy%2Fmain%2Foutput_expressions%2F206073%2Fpainting.png,없음,서기,정면,없음,은발·백발,단색,청색,없음
207010,충돌,이글,https://wsrv.nl/?w=400&output=jpg&bg=white&url=https%3A%2F%2Fraw.githubusercontent.com%2FJforPlay%2Fdata_for_toy%2Fmain%2Foutput_expressions%2F207010%2Fpainting.png,없음,서기,정면,없음,은발·백발,단색,금색,없음
207011,충돌,인턴 의사 이글,https://wsrv.nl/?w=400&output=jpg&bg=white&url=https%3A%2F%2Fraw.githubusercontent.com%2FJforPlay%2Fdata_for_toy%2Fmain%2Foutput_expressions%2F207011%2Fpainting.png,없음,앉기·무릎꿇기,정면,없음,회색,단색,금색,없음
207030,충돌,일러스트리어스,https://wsrv.nl/?w=400&output=jpg&bg=white&url=https%3A%2F%2Fraw.githubusercontent.com%2FJforPlay%2Fdata_for_toy%2Fmain%2Foutput_expressions%2F207030%2Fpainting.png,없음,서기,후면,없음,은발·백발,단색,보라,없음
207031,충돌,끝나지 않는 다과회,https://wsrv.nl/?w=400&output=jpg&bg=white&url=https%3A%2F%2Fraw.githubusercontent.com%2FJforPlay%2Fdata_for_toy%2Fmain%2Foutput_expressions%2F207031%2Fpainting.png,없음,앉기·무릎꿇기,정면,없음,은발·백발,단색,청색,없음
207032,충돌,빛나는 무도회,https://wsrv.nl/?w=400&output=jpg&bg=white&url=https%3A%2F%2Fraw.githubusercontent.com%2FJforPlay%2Fdata_for_toy%2Fmain%2Foutput_expressions%2F207032%2Fpainting.png,없음,서기,정면,없음,은발·백발,단색,청색,없음
207033,충돌,이국의 일러스트리어스,https://wsrv.nl/?w=400&output=jpg&bg=white&url=https%3A%2F%2Fraw.githubusercontent.com%2FJforPlay%2Fdata_for_toy%2Fmain%2Foutput_expressions%2F207033%2Fpainting.png,없음,서기,정면,없음,은발·백발,단색,청색,없음
207035,충돌,봄날의 사랑,https://wsrv.nl/?w=400&output=jpg&bg=white&url=https%3A%2F%2Fraw.githubusercontent.com%2FJforPlay%2Fdata_for_toy%2Fmain%2Foutput_expressions%2F207035%2Fpainting.png,없음,서기,정면,없음,은발·백발,단색,보라,없음
207036,충돌,부드러운 빛은 음색과 함께,https://wsrv.nl/?w=400&output=jpg&bg=white&url=https%3A%2F%2Fraw.githubusercontent.com%2FJforPlay%2Fdata_for_toy%2Fmain%2Foutput_expressions%2F207036%2Fpainting.png,없음,서기,정면,없음,은발·백발,단색,청색,없음
207037,충돌,두 사람의 공부 시간,https://wsrv.nl/?w=400&output=jpg&bg=white&url=https%3A%2F%2Fraw.githubusercontent.com%2FJforPlay%2Fdata_for_toy%2Fmain%2Foutput_expressions%2F207037%2Fpainting.png,없음,앉기·무릎꿇기,후면,발바닥,은발·백발,단색,청색,없음
207038,충돌,사랑과 희망의 샛별,https://wsrv.nl/?w=400&output=jpg&bg=white&url=https%3A%2F%2Fraw.githubusercontent.com%2FJforPlay%2Fdata_for_toy%2Fmain%2Foutput_expressions%2F207038%2Fpainting.png,없음,서기,정면,없음,은발·백발,단색,청색,없음
207050,충돌,포미더블,https://wsrv.nl/?w=400&output=jpg&bg=white&url=https%3A%2F%2Fraw.githubusercontent.com%2FJforPlay%2Fdata_for_toy%2Fmain%2Foutput_expressions%2F207050%2Fpainting.png,없음,서기,정면,없음,은발·백발,단색,적색,없음
207051,충돌,해변의 로열 레이디,https://wsrv.nl/?w=400&output=jpg&bg=white&url=https%3A%2F%2Fraw.githubusercontent.com%2FJforPlay%2Fdata_for_toy%2Fmain%2Foutput_expressions%2F207051%2Fpainting.png,없음,앉기·무릎꿇기,정면,발바닥,은발·백발,단색,적색,없음
207052,충돌,클래식 드레스 업!,https://wsrv.nl/?w=400&output=jpg&bg=white&url=https%3A%2F%2Fraw.githubusercontent.com%2FJforPlay%2Fdata_for_toy%2Fmain%2Foutput_expressions%2F207052%2Fpainting.png,없음,서기,정면,없음,은발·백발,단색,갈색,없음
207053,충돌,가슴 설레는 주번 활동,https://wsrv.nl/?w=400&output=jpg&bg=white&url=https%3A%2F%2Fraw.githubusercontent.com%2FJforPlay%2Fdata_for_toy%2Fmain%2Foutput_expressions%2F207053%2Fpainting.png,없음,서기,후면,없음,은발·백발,단색,적색,없음
207054,충돌,로큰 알코올,https://wsrv.nl/?w=400&output=jpg&bg=white&url=https%3A%2F%2Fraw.githubusercontent.com%2FJforPlay%2Fdata_for_toy%2Fmain%2Foutput_expressions%2F207054%2Fpainting.png,없음,앉기·무릎꿇기,정면,없음,은발·백발,단색,적색,없음
207055,충돌,애니버서리 메모리즈,https://wsrv.nl/?w=400&output=jpg&bg=white&url=https%3A%2F%2Fraw.githubusercontent.com%2FJforPlay%2Fdata_for_toy%2Fmain%2Foutput_expressions%2F207055%2Fpainting.png,없음,앉기·무릎꿇기,정면,없음,금발,단색,갈색,없음
207060,충돌,글로리어스,https://wsrv.nl/?w=400&output=jpg&bg=white&url=https%3A%2F%2Fraw.githubusercontent.com%2FJforPlay%2Fdata_for_toy%2Fmain%2Foutput_expressions%2F207060%2Fpainting.png,없음,서기,정면,없음,금발,단색,청색,없음
207061,충돌,영광스런 학원 생활,https://wsrv.nl/?w=400&output=jpg&bg=white&url=https%3A%2F%2Fraw.githubusercontent.com%2FJforPlay%2Fdata_for_toy%2Fmain%2Foutput_expressions%2F207061%2Fpainting.png,없음,앉기·무릎꿇기,정면,없음,금발,단색,청색,없음
207062,충돌,시원한 밤의 향설,https://wsrv.nl/?w=400&output=jpg&bg=white&url=https%3A%2F%2Fraw.githubusercontent.com%2FJforPlay%2Fdata_for_toy%2Fmain%2Foutput_expressions%2F207062%2Fpainting.png,없음,앉기·무릎꿇기,후면,발바닥,금발,단색,보라,없음
207070,충돌,임플래커블,https://wsrv.nl/?w=400&output=jpg&bg=white&url=https%3A%2F%2Fraw.githubusercontent.com%2FJforPlay%2Fdata_for_toy%2Fmain%2Foutput_expressions%2F207070%2Fpainting.png,없음,서기,정면,없음,금발,단색,적색,날개
207071,충돌,"사무실에서의 ""사고""",https://wsrv.nl/?w=400&output=jpg&bg=white&url=https%3A%2F%2Fraw.githubusercontent.com%2FJforPlay%2Fdata_for_toy%2Fmain%2Foutput_expressions%2F207071%2Fpainting.png,안경,앉기·무릎꿇기,정면,발바닥,금발,단색,적색,없음
207072,충돌,유향 머무는 잔,https://wsrv.nl/?w=400&output=jpg&bg=white&url=https%3A%2F%2Fraw.githubusercontent.com%2FJforPlay%2Fdata_for_toy%2Fmain%2Foutput_expressions%2F207072%2Fpainting.png,없음,앉기·무릎꿇기,정면,없음,금발,단색,적색,없음
213010,충돌,에레버스,https://wsrv.nl/?w=400&output=jpg&bg=white&url=https%3A%2F%2Fraw.githubusercontent.com%2FJforPlay%2Fdata_for_toy%2Fmain%2Foutput_expressions%2F213010%2Fpainting.png,없음,서기,정면,없음,은발·백발,단색,적색,동물귀
213011,충돌,환상의 행복,https://wsrv.nl/?w=400&output=jpg&bg=white&url=https%3A%2F%2Fraw.githubusercontent.com%2FJforPlay%2Fdata_for_toy%2Fmain%2Foutput_expressions%2F213011%2Fpainting.png,없음,서기,정면,없음,은발·백발,단색,분홍,없음
213012,충돌,크로스드레싱 매직,https://wsrv.nl/?w=400&output=jpg&bg=white&url=https%3A%2F%2Fraw.githubusercontent.com%2FJforPlay%2Fdata_for_toy%2Fmain%2Foutput_expressions%2F213012%2Fpainting.png,없음,서기,정면,없음,은발·백발,단색,적색,없음
213040,충돌,애버크롬비,https://wsrv.nl/?w=400&output=jpg&bg=white&url=https%3A%2F%2Fraw.githubusercontent.com%2FJforPlay%2Fdata_for_toy%2Fmain%2Foutput_expressions%2F213040%2Fpainting.png,없음,서기,정면,없음,금발,단색,청색,없음
213041,충돌,스크리밍 펌킨!,https://wsrv.nl/?w=400&output=jpg&bg=white&url=https%3A%2F%2Fraw.githubusercontent.com%2FJforPlay%2Fdata_for_toy%2Fmain%2Foutput_expressions%2F213041%2Fpainting.png,없음,서기,정면,없음,금발,단색,청색,없음
213042,충돌,못된 토끼의 장난!,https://wsrv.nl/?w=400&output=jpg&bg=white&url=https%3A%2F%2Fraw.githubusercontent.com%2FJforPlay%2Fdata_for_toy%2Fmain%2Foutput_expressions%2F213042%2Fpainting.png,없음,서기,정면,없음,금발,단색,청색,동물귀
213043,충돌,오션 체이스,https://wsrv.nl/?w=400&output=jpg&bg=white&url=https%3A%2F%2Fraw.githubusercontent.com%2FJforPlay%2Fdata_for_toy%2Fmain%2Foutput_expressions%2F213043%2Fpainting.png,없음,서기,후면,없음,금발,단색,청색,없음
299010,충돌,넵튠,https://wsrv.nl/?w=400&output=jpg&bg=white&url=https%3A%2F%2Fraw.githubusercontent.com%2FJforPlay%2Fdata_for_toy%2Fmain%2Foutput_expressions%2F299010%2Fpainting.png,없음,서기,정면,없음,청발,단색,적색,없음
299011,충돌,루돌프 프린세스,https://wsrv.nl/?w=400&output=jpg&bg=white&url=https%3A%2F%2Fraw.githubusercontent.com%2FJforPlay%2Fdata_for_toy%2Fmain%2Foutput_expressions%2F299011%2Fpainting.png,없음,서기,정면,없음,청발,단색,금색,없음
299012,충돌,심해 함선 마린스노우,https://wsrv.nl/?w=400&output=jpg&bg=white&url=https%3A%2F%2Fraw.githubusercontent.com%2FJforPlay%2Fdata_for_toy%2Fmain%2Foutput_expressions%2F299012%2Fpainting.png,없음,서기,정면,없음,청발,단색,금색,없음
299013,충돌,토끼 경찰 출동!,https://wsrv.nl/?w=400&output=jpg&bg=white&url=https%3A%2F%2Fraw.githubusercontent.com%2FJforPlay%2Fdata_for_toy%2Fmain%2Foutput_expressions%2F299013%2Fpainting.png,없음,서기,정면,발바닥,청발,단색,금색,동물귀
299020,충돌,모나크,https://wsrv.nl/?w=400&output=jpg&bg=white&url=https%3A%2F%2Fraw.githubusercontent.com%2FJforPlay%2Fdata_for_toy%2Fmain%2Foutput_expressions%2F299020%2Fpainting.png,없음,서기,정면,없음,적발,단색,보라,없음
299021,충돌,화이트 워릭,https://wsrv.nl/?w=400&output=jpg&bg=white&url=https%3A%2F%2Fraw.githubusercontent.com%2FJforPlay%2Fdata_for_toy%2Fmain%2Foutput_expressions%2F299021%2Fpainting.png,없음,앉기·무릎꿇기,정면,없음,적발,단색,보라,없음
299022,충돌,블랙 제라드,https://wsrv.nl/?w=400&output=jpg&bg=white&url=https%3A%2F%2Fraw.githubusercontent.com%2FJforPlay%2Fdata_for_toy%2Fmain%2Foutput_expressions%2F299022%2Fpainting.png,없음,서기,정면,없음,적발,단색,보라,없음
299023,충돌,시티 디텍티브,https://wsrv.nl/?w=400&output=jpg&bg=white&url=https%3A%2F%2Fraw.githubusercontent.com%2FJforPlay%2Fdata_for_toy%2Fmain%2Foutput_expressions%2F299023%2Fpainting.png,없음,서기,정면,없음,적발,단색,보라,없음
299024,충돌,비치 아이코닉,https://wsrv.nl/?w=400&output=jpg&bg=white&url=https%3A%2F%2Fraw.githubusercontent.com%2FJforPlay%2Fdata_for_toy%2Fmain%2Foutput_expressions%2F299024%2Fpainting.png,없음,엎드리기,정면,없음,적발,단색,분홍,없음
299030,충돌,체셔,https://wsrv.nl/?w=400&output=jpg&bg=white&url=https%3A%2F%2Fraw.githubusercontent.com%2FJforPlay%2Fdata_for_toy%2Fmain%2Foutput_expressions%2F299030%2Fpainting.png,없음,서기,정면,없음,흑발,브릿지,청색,"동물귀, 꼬리"
299031,충돌,Dating Summer！,https://wsrv.nl/?w=400&output=jpg&bg=white&url=https%3A%2F%2Fraw.githubusercontent.com%2FJforPlay%2Fdata_for_toy%2Fmain%2Foutput_expressions%2F299031%2Fpainting.png,선글라스,앉기·무릎꿇기,정면,겨드랑이,흑발,브릿지,청색,"동물귀, 꼬리"
299032,충돌,음악현란CaitSith,https://wsrv.nl/?w=400&output=jpg&bg=white&url=https%3A%2F%2Fraw.githubusercontent.com%2FJforPlay%2Fdata_for_toy%2Fmain%2Foutput_expressions%2F299032%2Fpainting.png,없음,서기,정면,없음,흑발,브릿지,청색,없음
299033,충돌,얼음공주,https://wsrv.nl/?w=400&output=jpg&bg=white&url=https%3A%2F%2Fraw.githubusercontent.com%2FJforPlay%2Fdata_for_toy%2Fmain%2Foutput_expressions%2F299033%2Fpainting.png,없음,앉기·무릎꿇기,정면,없음,흑발,브릿지,청색,없음
299034,충돌,팬시 나이트 드림,https://wsrv.nl/?w=400&output=jpg&bg=white&url=https%3A%2F%2Fraw.githubusercontent.com%2FJforPlay%2Fdata_for_toy%2Fmain%2Foutput_expressions%2F299034%2Fpainting.png,없음,엎드리기,정면,없음,흑발,브릿지,청색,"동물귀, 꼬리"
299038,충돌,새하얀 바다의 선율,https://wsrv.nl/?w=400&output=jpg&bg=white&url=https%3A%2F%2Fraw.githubusercontent.com%2FJforPlay%2Fdata_for_toy%2Fmain%2Foutput_expressions%2F299038%2Fpainting.png,없음,서기,정면,없음,흑발,브릿지,청색,동물귀
299050,충돌,플리머스,https://wsrv.nl/?w=400&output=jpg&bg=white&url=https%3A%2F%2Fraw.githubusercontent.com%2FJforPlay%2Fdata_for_toy%2Fmain%2Foutput_expressions%2F299050%2Fpainting.png,없음,서기,정면,없음,은발·백발,단색,보라,날개
299051,충돌,상쾌한 이노센트 돌,https://wsrv.nl/?w=400&output=jpg&bg=white&url=https%3A%2F%2Fraw.githubusercontent.com%2FJforPlay%2Fdata_for_toy%2Fmain%2Foutput_expressions%2F299051%2Fpainting.png,없음,눕기,정면,겨드랑이,은발·백발,브릿지,보라,없음
301010,충돌,후부키,https://wsrv.nl/?w=400&output=jpg&bg=white&url=https%3A%2F%2Fraw.githubusercontent.com%2FJforPlay%2Fdata_for_toy%2Fmain%2Foutput_expressions%2F301010%2Fpainting.png,없음,서기,정면,겨드랑이,청발,단색,금색,"동물귀, 꼬리"
301011,충돌,지각 5분전,https://wsrv.nl/?w=400&output=jpg&bg=white&url=https%3A%2F%2Fraw.githubusercontent.com%2FJforPlay%2Fdata_for_toy%2Fmain%2Foutput_expressions%2F301011%2Fpainting.png,없음,서기,정면,발바닥,청발,단색,금색,동물귀
301013,충돌,뮤직 픽시,https://wsrv.nl/?w=400&output=jpg&bg=white&url=https%3A%2F%2Fraw.githubusercontent.com%2FJforPlay%2Fdata_for_toy%2Fmain%2Foutput_expressions%2F301013%2Fpainting.png,없음,서기,정면,없음,청발,그라데이션,금색,없음
301014,충돌,특형 아이돌 Fubuki,https://wsrv.nl/?w=400&output=jpg&bg=white&url=https%3A%2F%2Fraw.githubusercontent.com%2FJforPlay%2Fdata_for_toy%2Fmain%2Foutput_expressions%2F301014%2Fpainting.png,없음,서기,정면,없음,청발,단색,금색,"동물귀, 꼬리"
301015,충돌,인턴 종업원 Fubuki,https://wsrv.nl/?w=400&output=jpg&bg=white&url=https%3A%2F%2Fraw.githubusercontent.com%2FJforPlay%2Fdata_for_toy%2Fmain%2Foutput_expressions%2F301015%2Fpainting.png,없음,서기,후면,없음,청발,단색,금색,없음
301016,공란·충돌,등불 아래 클래식,https://wsrv.nl/?w=400&output=jpg&bg=white&url=https%3A%2F%2Fraw.githubusercontent.com%2FJforPlay%2Fdata_for_toy%2Fmain%2Foutput_expressions%2F301016%2Fpainting.png,없음,눕기,정면,,은발·백발,단색,금색,동물귀
301020,충돌,시라유키,https://wsrv.nl/?w=400&output=jpg&bg=white&url=https%3A%2F%2Fraw.githubusercontent.com%2FJforPlay%2Fdata_for_toy%2Fmain%2Foutput_expressions%2F301020%2Fpainting.png,없음,서기,정면,없음,은발·백발,단색,적색,없음
301021,충돌,토끼 사육사,https://wsrv.nl/?w=400&output=jpg&bg=white&url=https%3A%2F%2Fraw.githubusercontent.com%2FJforPlay%2Fdata_for_toy%2Fmain%2Foutput_expressions%2F301021%2Fpainting.png,없음,앉기·무릎꿇기,정면,없음,은발·백발,단색,적색,동물귀
301040,충돌,미유키,https://wsrv.nl/?w=400&output=jpg&bg=white&url=https%3A%2F%2Fraw.githubusercontent.com%2FJforPlay%2Fdata_for_toy%2Fmain%2Foutput_expressions%2F301040%2Fpainting.png,없음,서기,정면,없음,은발·백발,단색,금색,"동물귀, 꼬리"
301041,충돌,쇼핑 데이트 타임,https://wsrv.nl/?w=400&output=jpg&bg=white&url=https%3A%2F%2Fraw.githubusercontent.com%2FJforPlay%2Fdata_for_toy%2Fmain%2Foutput_expressions%2F301041%2Fpainting.png,없음,서기,정면,없음,은발·백발,단색,금색,꼬리
301042,충돌,푸른 하늘과 크레이프,https://wsrv.nl/?w=400&output=jpg&bg=white&url=https%3A%2F%2Fraw.githubusercontent.com%2FJforPlay%2Fdata_for_toy%2Fmain%2Foutput_expressions%2F301042%2Fpainting.png,없음,앉기·무릎꿇기,후면,없음,은발·백발,단색,금색,"동물귀, 꼬리"
301043,충돌,떡과 해프닝,https://wsrv.nl/?w=400&output=jpg&bg=white&url=https%3A%2F%2Fraw.githubusercontent.com%2FJforPlay%2Fdata_for_toy%2Fmain%2Foutput_expressions%2F301043%2Fpainting.png,없음,엎드리기,정면,발바닥,은발·백발,단색,금색,"동물귀, 꼬리"
301050,충돌,아야나미,https://wsrv.nl/?w=400&output=jpg&bg=white&url=https%3A%2F%2Fraw.githubusercontent.com%2FJforPlay%2Fdata_for_toy%2Fmain%2Foutput_expressions%2F301050%2Fpainting.png,없음,서기,정면,없음,은발·백발,단색,적색,없음
301051,충돌,해질녘의 마녀,https://wsrv.nl/?w=400&output=jpg&bg=white&url=https%3A%2F%2Fraw.githubusercontent.com%2FJforPlay%2Fdata_for_toy%2Fmain%2Foutput_expressions%2F301051%2Fpainting.png,안대,서기,정면,없음,은발·백발,단색,적색,없음
301053,충돌,Gwisin of Rock,https://wsrv.nl/?w=400&output=jpg&bg=white&url=https%3A%2F%2Fraw.githubusercontent.com%2FJforPlay%2Fdata_for_toy%2Fmain%2Foutput_expressions%2F301053%2Fpainting.png,없음,서기,정면,없음,금발,단색,적색,없음
301054,충돌,파도신년,https://wsrv.nl/?w=400&output=jpg&bg=white&url=https%3A%2F%2Fraw.githubusercontent.com%2FJforPlay%2Fdata_for_toy%2Fmain%2Foutput_expressions%2F301054%2Fpainting.png,없음,서기,정면,없음,은발·백발,단색,금색,없음
301055,충돌,특별한 세일러복,https://wsrv.nl/?w=400&output=jpg&bg=white&url=https%3A%2F%2Fraw.githubusercontent.com%2FJforPlay%2Fdata_for_toy%2Fmain%2Foutput_expressions%2F301055%2Fpainting.png,없음,서기,정면,없음,은발·백발,단색,금색,없음
301056,충돌,특수 잠입 작전용 망토,https://wsrv.nl/?w=400&output=jpg&bg=white&url=https%3A%2F%2Fraw.githubusercontent.com%2FJforPlay%2Fdata_for_toy%2Fmain%2Foutput_expressions%2F301056%2Fpainting.png,없음,앉기·무릎꿇기,정면,겨드랑이,은발·백발,단색,금색,뿔
301057,충돌,냉정한 아이돌・당황 중,https://wsrv.nl/?w=400&output=jpg&bg=white&url=https%3A%2F%2Fraw.githubusercontent.com%2FJforPlay%2Fdata_for_toy%2Fmain%2Foutput_expressions%2F301057%2Fpainting.png,없음,서기,정면,없음,금발,단색,금색,없음
301058,충돌,화려한 귀신의 백무구,https://wsrv.nl/?w=400&output=jpg&bg=white&url=https%3A%2F%2Fraw.githubusercontent.com%2FJforPlay%2Fdata_for_toy%2Fmain%2Foutput_expressions%2F301058%2Fpainting.png,없음,서기,정면,없음,은발·백발,단색,금색,없음
301059,충돌,아야나미·改,https://wsrv.nl/?w=400&output=jpg&bg=white&url=https%3A%2F%2Fraw.githubusercontent.com%2FJforPlay%2Fdata_for_toy%2Fmain%2Foutput_expressions%2F301059%2Fpainting.png,없음,서기,정면,없음,은발·백발,단색,금색,없음
301090,충돌,아카츠키,https://wsrv.nl/?w=400&output=jpg&bg=white&url=https%3A%2F%2Fraw.githubusercontent.com%2FJforPlay%2Fdata_for_toy%2Fmain%2Foutput_expressions%2F301090%2Fpainting.png,안대,서기,정면,없음,흑발,단색,적색,없음
301091,충돌,북극의 미로,https://wsrv.nl/?w=400&output=jpg&bg=white&url=https%3A%2F%2Fraw.githubusercontent.com%2FJforPlay%2Fdata_for_toy%2Fmain%2Foutput_expressions%2F301091%2Fpainting.png,안대,서기,정면,없음,흑발,단색,적색,없음
301092,충돌,"오토바이 닌자, 출격!",https://wsrv.nl/?w=400&output=jpg&bg=white&url=https%3A%2F%2Fraw.githubusercontent.com%2FJforPlay%2Fdata_for_toy%2Fmain%2Foutput_expressions%2F301092%2Fpainting.png,없음,앉기·무릎꿇기,정면,없음,흑발,단색,적색,없음
301093,충돌,순록 닌자 배송 중!,https://wsrv.nl/?w=400&output=jpg&bg=white&url=https%3A%2F%2Fraw.githubusercontent.com%2FJforPlay%2Fdata_for_toy%2Fmain%2Foutput_expressions%2F301093%2Fpainting.png,없음,서기,정면,발바닥,흑발,단색,금색,없음
301094,충돌,닌자 곡예 대승부!,https://wsrv.nl/?w=400&output=jpg&bg=white&url=https%3A%2F%2Fraw.githubusercontent.com%2FJforPlay%2Fdata_for_toy%2Fmain%2Foutput_expressions%2F301094%2Fpainting.png,없음,앉기·무릎꿇기,정면,발바닥,흑발,단색,적색,없음
301100,충돌,히비키,https://wsrv.nl/?w=400&output=jpg&bg=white&url=https%3A%2F%2Fraw.githubusercontent.com%2FJforPlay%2Fdata_for_toy%2Fmain%2Foutput_expressions%2F301100%2Fpainting.png,없음,서기,정면,없음,은발·백발,단색,적색,없음
301101,충돌,정월 데빌 히비키,https://wsrv.nl/?w=400&output=jpg&bg=white&url=https%3A%2F%2Fraw.githubusercontent.com%2FJforPlay%2Fdata_for_toy%2Fmain%2Foutput_expressions%2F301101%2Fpainting.png,없음,앉기·무릎꿇기,정면,겨드랑이,은발·백발,단색,적색,"뿔, 꼬리"
301110,충돌,이카즈치,https://wsrv.nl/?w=400&output=jpg&bg=white&url=https%3A%2F%2Fraw.githubusercontent.com%2FJforPlay%2Fdata_for_toy%2Fmain%2Foutput_expressions%2F301110%2Fpainting.png,없음,서기,정면,없음,분홍,단색,적색,없음
301111,충돌,사쿠라 브레이크,https://wsrv.nl/?w=400&output=jpg&bg=white&url=https%3A%2F%2Fraw.githubusercontent.com%2FJforPlay%2Fdata_for_toy%2Fmain%2Foutput_expressions%2F301111%2Fpainting.png,없음,앉기·무릎꿇기,정면,없음,분홍,단색,갈색,없음
301112,충돌,축제 이카즈치,https://wsrv.nl/?w=400&output=jpg&bg=white&url=https%3A%2F%2Fraw.githubusercontent.com%2FJforPlay%2Fdata_for_toy%2Fmain%2Foutput_expressions%2F301112%2Fpainting.png,없음,서기,정면,발바닥,분홍,단색,적색,동물귀
301113,충돌,여명 정령 Ikazuchi,https://wsrv.nl/?w=400&output=jpg&bg=white&url=https%3A%2F%2Fraw.githubusercontent.com%2FJforPlay%2Fdata_for_toy%2Fmain%2Foutput_expressions%2F301113%2Fpainting.png,없음,앉기·무릎꿇기,정면,없음,분홍,단색,적색,날개
301114,충돌,정원 담당 메이드 이카즈치,https://wsrv.nl/?w=400&output=jpg&bg=white&url=https%3A%2F%2Fraw.githubusercontent.com%2FJforPlay%2Fdata_for_toy%2Fmain%2Foutput_expressions%2F301114%2Fpainting.png,없음,앉기·무릎꿇기,정면,발바닥,분홍,단색,금색,뿔
301120,충돌,이나즈마,https://wsrv.nl/?w=400&output=jpg&bg=white&url=https%3A%2F%2Fraw.githubusercontent.com%2FJforPlay%2Fdata_for_toy%2Fmain%2Foutput_expressions%2F301120%2Fpainting.png,없음,서기,후면,없음,청발,단색,청색,없음
301121,충돌,바닐라 푸딩,https://wsrv.nl/?w=400&output=jpg&bg=white&url=https%3A%2F%2Fraw.githubusercontent.com%2FJforPlay%2Fdata_for_toy%2Fmain%2Foutput_expressions%2F301121%2Fpainting.png,없음,앉기·무릎꿇기,정면,없음,청발,단색,청색,뿔
301122,충돌,불꽃 이나즈마,https://wsrv.nl/?w=400&output=jpg&bg=white&url=https%3A%2F%2Fraw.githubusercontent.com%2FJforPlay%2Fdata_for_toy%2Fmain%2Foutput_expressions%2F301122%2Fpainting.png,없음,서기,후면,없음,청발,단색,청색,없음
301123,충돌,월하 요정 Inazuma,https://wsrv.nl/?w=400&output=jpg&bg=white&url=https%3A%2F%2Fraw.githubusercontent.com%2FJforPlay%2Fdata_for_toy%2Fmain%2Foutput_expressions%2F301123%2Fpainting.png,없음,앉기·무릎꿇기,정면,없음,청발,단색,청색,날개
301124,충돌,바이올렛 장미의 향기,https://wsrv.nl/?w=400&output=jpg&bg=white&url=https%3A%2F%2Fraw.githubusercontent.com%2FJforPlay%2Fdata_for_toy%2Fmain%2Foutput_expressions%2F301124%2Fpainting.png,없음,앉기·무릎꿇기,정면,없음,은발·백발,단색,청색,뿔
301130,충돌,시라츠유,https://wsrv.nl/?w=400&output=jpg&bg=white&url=https%3A%2F%2Fraw.githubusercontent.com%2FJforPlay%2Fdata_for_toy%2Fmain%2Foutput_expressions%2F301130%2Fpainting.png,없음,서기,정면,없음,갈색,그라데이션,녹색,"동물귀, 꼬리"
301131,충돌,주문은 어뢰입니까?,https://wsrv.nl/?w=400&output=jpg&bg=white&url=https%3A%2F%2Fraw.githubusercontent.com%2FJforPlay%2Fdata_for_toy%2Fmain%2Foutput_expressions%2F301131%2Fpainting.png,없음,서기,정면,없음,갈색,그라데이션,녹색,"동물귀, 꼬리"
301132,충돌,눈 녹고 불꽃 피는 밤,https://wsrv.nl/?w=400&output=jpg&bg=white&url=https%3A%2F%2Fraw.githubusercontent.com%2FJforPlay%2Fdata_for_toy%2Fmain%2Foutput_expressions%2F301132%2Fpainting.png,없음,앉기·무릎꿇기,정면,없음,분홍,단색,녹색,동물귀
301139,충돌,시라츠유·改,https://wsrv.nl/?w=400&output=jpg&bg=white&url=https%3A%2F%2Fraw.githubusercontent.com%2FJforPlay%2Fdata_for_toy%2Fmain%2Foutput_expressions%2F301139%2Fpainting.png,없음,서기,정면,없음,갈색,단색,녹색,동물귀
301140,충돌,유다치,https://wsrv.nl/?w=400&output=jpg&bg=white&url=https%3A%2F%2Fraw.githubusercontent.com%2FJforPlay%2Fdata_for_toy%2Fmain%2Foutput_expressions%2F301140%2Fpainting.png,없음,서기,정면,발바닥,은발·백발,단색,적색,"동물귀, 꼬리"
301141,충돌,신년 눈싸움!,https://wsrv.nl/?w=400&output=jpg&bg=white&url=https%3A%2F%2Fraw.githubusercontent.com%2FJforPlay%2Fdata_for_toy%2Fmain%2Foutput_expressions%2F301141%2Fpainting.png,없음,서기,정면,없음,은발·백발,단색,적색,동물귀
301143,충돌,고기 파티!,https://wsrv.nl/?w=400&output=jpg&bg=white&url=https%3A%2F%2Fraw.githubusercontent.com%2FJforPlay%2Fdata_for_toy%2Fmain%2Foutput_expressions%2F301143%2Fpainting.png,없음,서기,후면,겨드랑이,은발·백발,단색,적색,동물귀
301144,충돌,드림 크리스마스 나이트,https://wsrv.nl/?w=400&output=jpg&bg=white&url=https%3A%2F%2Fraw.githubusercontent.com%2FJforPlay%2Fdata_for_toy%2Fmain%2Foutput_expressions%2F301144%2Fpainting.png,없음,기타,정면,발바닥,은발·백발,단색,적색,"동물귀, 꼬리"
301148,충돌,솔로몬의 신부,https://wsrv.nl/?w=400&output=jpg&bg=white&url=https%3A%2F%2Fraw.githubusercontent.com%2FJforPlay%2Fdata_for_toy%2Fmain%2Foutput_expressions%2F301148%2Fpainting.png,없음,서기,정면,없음,은발·백발,단색,적색,"동물귀, 꼬리"
301149,충돌,유다치·改,https://wsrv.nl/?w=400&output=jpg&bg=white&url=https%3A%2F%2Fraw.githubusercontent.com%2FJforPlay%2Fdata_for_toy%2Fmain%2Foutput_expressions%2F301149%2Fpainting.png,없음,서기,정면,없음,은발·백발,단색,적색,"동물귀, 꼬리"
301150,충돌,시구레,https://wsrv.nl/?w=400&output=jpg&bg=white&url=https%3A%2F%2Fraw.githubusercontent.com%2FJforPlay%2Fdata_for_toy%2Fmain%2Foutput_expressions%2F301150%2Fpainting.png,없음,서기,정면,없음,흑발,그라데이션,적색,"동물귀, 꼬리"
301151,충돌,전진! 이490!,https://wsrv.nl/?w=400&output=jpg&bg=white&url=https%3A%2F%2Fraw.githubusercontent.com%2FJforPlay%2Fdata_for_toy%2Fmain%2Foutput_expressions%2F301151%2Fpainting.png,없음,앉기·무릎꿇기,후면,발바닥,흑발,단색,적색,"동물귀, 꼬리"
301152,충돌,행운의 연회!,https://wsrv.nl/?w=400&output=jpg&bg=white&url=https%3A%2F%2Fraw.githubusercontent.com%2FJforPlay%2Fdata_for_toy%2Fmain%2Foutput_expressions%2F301152%2Fpainting.png,없음,서기,후면,없음,흑발,단색,적색,동물귀
301153,충돌,행운 Chocolate,https://wsrv.nl/?w=400&output=jpg&bg=white&url=https%3A%2F%2Fraw.githubusercontent.com%2FJforPlay%2Fdata_for_toy%2Fmain%2Foutput_expressions%2F301153%2Fpainting.png,없음,앉기·무릎꿇기,정면,없음,흑발,단색,적색,동물귀
301159,충돌,시구레·改,https://wsrv.nl/?w=400&output=jpg&bg=white&url=https%3A%2F%2Fraw.githubusercontent.com%2FJforPlay%2Fdata_for_toy%2Fmain%2Foutput_expressions%2F301159%2Fpainting.png,없음,서기,정면,없음,흑발,단색,적색,동물귀
301160,충돌,유키카제,https://wsrv.nl/?w=400&output=jpg&bg=white&url=https%3A%2F%2Fraw.githubusercontent.com%2FJforPlay%2Fdata_for_toy%2Fmain%2Foutput_expressions%2F301160%2Fpainting.png,없음,서기,정면,발바닥,은발·백발,단색,적색,동물귀
301161,충돌,유키카제님의 그네놀이,https://wsrv.nl/?w=400&output=jpg&bg=white&url=https%3A%2F%2Fraw.githubusercontent.com%2FJforPlay%2Fdata_for_toy%2Fmain%2Foutput_expressions%2F301161%2Fpainting.png,없음,앉기·무릎꿇기,정면,없음,은발·백발,단색,적색,"동물귀, 꼬리"
301162,충돌,겨울의 유키카제,https://wsrv.nl/?w=400&output=jpg&bg=white&url=https%3A%2F%2Fraw.githubusercontent.com%2FJforPlay%2Fdata_for_toy%2Fmain%2Foutput_expressions%2F301162%2Fpainting.png,없음,서기,정면,없음,은발·백발,단색,적색,동물귀
301168,충돌,봄날의 따뜻한 바람,https://wsrv.nl/?w=400&output=jpg&bg=white&url=https%3A%2F%2Fraw.githubusercontent.com%2FJforPlay%2Fdata_for_toy%2Fmain%2Foutput_expressions%2F301168%2Fpainting.png,없음,서기,정면,없음,은발·백발,단색,적색,"동물귀, 꼬리"
301210,충돌,하츠하루,https://wsrv.nl/?w=400&output=jpg&bg=white&url=https%3A%2F%2Fraw.githubusercontent.com%2FJforPlay%2Fdata_for_toy%2Fmain%2Foutput_expressions%2F301210%2Fpainting.png,없음,서기,정면,발바닥,흑발,그라데이션,보라,"동물귀, 꼬리"
301211,충돌,눈 오는 날의 하츠하루,https://wsrv.nl/?w=400&output=jpg&bg=white&url=https%3A%2F%2Fraw.githubusercontent.com%2FJforPlay%2Fdata_for_toy%2Fmain%2Foutput_expressions%2F301211%2Fpainting.png,없음,앉기·무릎꿇기,정면,없음,흑발,그라데이션,청색,동물귀
301212,충돌,등불의 하츠하루,https://wsrv.nl/?w=400&output=jpg&bg=white&url=https%3A%2F%2Fraw.githubusercontent.com%2FJforPlay%2Fdata_for_toy%2Fmain%2Foutput_expressions%2F301212%2Fpainting.png,없음,서기,정면,없음,흑발,단색,청색,"동물귀, 꼬리"
301213,충돌,초봄의 방울 소리,https://wsrv.nl/?w=400&output=jpg&bg=white&url=https%3A%2F%2Fraw.githubusercontent.com%2FJforPlay%2Fdata_for_toy%2Fmain%2Foutput_expressions%2F301213%2Fpainting.png,없음,앉기·무릎꿇기,정면,겨드랑이,흑발,단색,청색,"동물귀, 꼬리"
301219,충돌,하츠하루·改,https://wsrv.nl/?w=400&output=jpg&bg=white&url=https%3A%2F%2Fraw.githubusercontent.com%2FJforPlay%2Fdata_for_toy%2Fmain%2Foutput_expressions%2F301219%2Fpainting.png,없음,서기,정면,없음,흑발,단색,청색,동물귀
301230,충돌,와카바,https://wsrv.nl/?w=400&output=jpg&bg=white&url=https%3A%2F%2Fraw.githubusercontent.com%2FJforPlay%2Fdata_for_toy%2Fmain%2Foutput_expressions%2F301230%2Fpainting.png,없음,서기,정면,겨드랑이,흑발,그라데이션,갈색,"동물귀, 꼬리"
301231,충돌,크리스마스 한정 Wakaba,https://wsrv.nl/?w=400&output=jpg&bg=white&url=https%3A%2F%2Fraw.githubusercontent.com%2FJforPlay%2Fdata_for_toy%2Fmain%2Foutput_expressions%2F301231%2Fpainting.png,없음,서기,정면,겨드랑이,흑발,단색,갈색,"동물귀, 꼬리"
301232,충돌,따뜻한 태양과 낮잠 시간,https://wsrv.nl/?w=400&output=jpg&bg=white&url=https%3A%2F%2Fraw.githubusercontent.com%2FJforPlay%2Fdata_for_toy%2Fmain%2Foutput_expressions%2F301232%2Fpainting.png,없음,앉기·무릎꿇기,정면,없음,갈색,단색,갈색,"동물귀, 꼬리"
301250,충돌,아리아케,https://wsrv.nl/?w=400&output=jpg&bg=white&url=https%3A%2F%2Fraw.githubusercontent.com%2FJforPlay%2Fdata_for_toy%2Fmain%2Foutput_expressions%2F301250%2Fpainting.png,없음,서기,정면,없음,금발,단색,보라,"동물귀, 꼬리"
301251,충돌,사계절의 모임,https://wsrv.nl/?w=400&output=jpg&bg=white&url=https%3A%2F%2Fraw.githubusercontent.com%2FJforPlay%2Fdata_for_toy%2Fmain%2Foutput_expressions%2F301251%2Fpainting.png,없음,서기,정면,없음,금발,단색,보라,없음
301259,충돌,아리아케·改,https://wsrv.nl/?w=400&output=jpg&bg=white&url=https%3A%2F%2Fraw.githubusercontent.com%2FJforPlay%2Fdata_for_toy%2Fmain%2Foutput_expressions%2F301259%2Fpainting.png,없음,앉기·무릎꿇기,정면,겨드랑이,금발,단색,보라,"동물귀, 꼬리"
301260,충돌,유구레,https://wsrv.nl/?w=400&output=jpg&bg=white&url=https%3A%2F%2Fraw.githubusercontent.com%2FJforPlay%2Fdata_for_toy%2Fmain%2Foutput_expressions%2F301260%2Fpainting.png,없음,서기,정면,없음,흑발,단색,금색,"동물귀, 꼬리"
301261,충돌,견습은 메이드 씨!,https://wsrv.nl/?w=400&output=jpg&bg=white&url=https%3A%2F%2Fraw.githubusercontent.com%2FJforPlay%2Fdata_for_toy%2Fmain%2Foutput_expressions%2F301261%2Fpainting.png,없음,서기,정면,겨드랑이,흑발,단색,금색,"동물귀, 꼬리"
301262,충돌,해질 무렵에 피는 봄꽃,https://wsrv.nl/?w=400&output=jpg&bg=white&url=https%3A%2F%2Fraw.githubusercontent.com%2FJforPlay%2Fdata_for_toy%2Fmain%2Foutput_expressions%2F301262%2Fpainting.png,없음,서기,후면,발바닥,흑발,브릿지,금색,"동물귀, 꼬리"
301263,충돌,찬란한 사쿠라,https://wsrv.nl/?w=400&output=jpg&bg=white&url=https%3A%2F%2Fraw.githubusercontent.com%2FJforPlay%2Fdata_for_toy%2Fmain%2Foutput_expressions%2F301263%2Fpainting.png,없음,서기,정면,없음,흑발,단색,금색,동물귀
301264,충돌,축제에서 쇼핑,https://wsrv.nl/?w=400&output=jpg&bg=white&url=https%3A%2F%2Fraw.githubusercontent.com%2FJforPlay%2Fdata_for_toy%2Fmain%2Foutput_expressions%2F301264%2Fpainting.png,없음,앉기·무릎꿇기,정면,없음,흑발,단색,금색,"동물귀, 꼬리"
301265,충돌,해변의 유희,https://wsrv.nl/?w=400&output=jpg&bg=white&url=https%3A%2F%2Fraw.githubusercontent.com%2FJforPlay%2Fdata_for_toy%2Fmain%2Foutput_expressions%2F301265%2Fpainting.png,없음,앉기·무릎꿇기,정면,발바닥,흑발,단색,갈색,동물귀
301269,충돌,유구레·改,https://wsrv.nl/?w=400&output=jpg&bg=white&url=https%3A%2F%2Fraw.githubusercontent.com%2FJforPlay%2Fdata_for_toy%2Fmain%2Foutput_expressions%2F301269%2Fpainting.png,없음,앉기·무릎꿇기,정면,없음,흑발,단색,금색,동물귀
301290,충돌,시마카제,https://wsrv.nl/?w=400&output=jpg&bg=white&url=https%3A%2F%2Fraw.githubusercontent.com%2FJforPlay%2Fdata_for_toy%2Fmain%2Foutput_expressions%2F301290%2Fpainting.png,없음,서기,정면,겨드랑이,은발·백발,단색,금색,없음
301291,충돌,초스피드 토끼의 초대장(?),https://wsrv.nl/?w=400&output=jpg&bg=white&url=https%3A%2F%2Fraw.githubusercontent.com%2FJforPlay%2Fdata_for_toy%2Fmain%2Foutput_expressions%2F301291%2Fpainting.png,없음,앉기·무릎꿇기,정면,겨드랑이,은발·백발,단색,금색,동물귀
301292,충돌,이상한 나라의 흰 토끼,https://wsrv.nl/?w=400&output=jpg&bg=white&url=https%3A%2F%2Fraw.githubusercontent.com%2FJforPlay%2Fdata_for_toy%2Fmain%2Foutput_expressions%2F301292%2Fpainting.png,없음,서기,정면,없음,은발·백발,단색,금색,동물귀
301293,충돌,서머 아일랜드의 휴식,https://wsrv.nl/?w=400&output=jpg&bg=white&url=https%3A%2F%2Fraw.githubusercontent.com%2FJforPlay%2Fdata_for_toy%2Fmain%2Foutput_expressions%2F301293%2Fpainting.png,없음,앉기·무릎꿇기,정면,없음,은발·백발,단색,금색,동물귀
301294,충돌,덜렁거리는 달토끼,https://wsrv.nl/?w=400&output=jpg&bg=white&url=https%3A%2F%2Fraw.githubusercontent.com%2FJforPlay%2Fdata_for_toy%2Fmain%2Foutput_expressions%2F301294%2Fpainting.png,없음,서기,후면,발바닥,은발·백발,단색,금색,"동물귀, 꼬리"
301295,충돌,토끼토끼는 움직이지 않아,https://wsrv.nl/?w=400&output=jpg&bg=white&url=https%3A%2F%2Fraw.githubusercontent.com%2FJforPlay%2Fdata_for_toy%2Fmain%2Foutput_expressions%2F301295%2Fpainting.png,없음,엎드리기,정면,발바닥,은발·백발,단색,금색,동물귀
301300,충돌,카미카제,https://wsrv.nl/?w=400&output=jpg&bg=white&url=https%3A%2F%2Fraw.githubusercontent.com%2FJforPlay%2Fdata_for_toy%2Fmain%2Foutput_expressions%2F301300%2Fpainting.png,없음,서기,정면,발바닥,은발·백발,브릿지,적색,"동물귀, 꼬리"
301309,충돌,카미카제·改,https://wsrv.nl/?w=400&output=jpg&bg=white&url=https%3A%2F%2Fraw.githubusercontent.com%2FJforPlay%2Fdata_for_toy%2Fmain%2Foutput_expressions%2F301309%2Fpainting.png,없음,서기,정면,없음,은발·백발,브릿지,금색,"동물귀, 꼬리"
301310,충돌,마츠카제,https://wsrv.nl/?w=400&output=jpg&bg=white&url=https%3A%2F%2Fraw.githubusercontent.com%2FJforPlay%2Fdata_for_toy%2Fmain%2Foutput_expressions%2F301310%2Fpainting.png,없음,서기,정면,발바닥,흑발,브릿지,금색,"동물귀, 꼬리"
301319,충돌,마츠카제·改,https://wsrv.nl/?w=400&output=jpg&bg=white&url=https%3A%2F%2Fraw.githubusercontent.com%2FJforPlay%2Fdata_for_toy%2Fmain%2Foutput_expressions%2F301319%2Fpainting.png,없음,서기,정면,없음,흑발,단색,금색,"동물귀, 꼬리"
301320,충돌,무츠키,https://wsrv.nl/?w=400&output=jpg&bg=white&url=https%3A%2F%2Fraw.githubusercontent.com%2FJforPlay%2Fdata_for_toy%2Fmain%2Foutput_expressions%2F301320%2Fpainting.png,없음,서기,정면,발바닥,갈색,단색,녹색,"동물귀, 꼬리"
301321,충돌,"순록씨, 출발!",https://wsrv.nl/?w=400&output=jpg&bg=white&url=https%3A%2F%2Fraw.githubusercontent.com%2FJforPlay%2Fdata_for_toy%2Fmain%2Foutput_expressions%2F301321%2Fpainting.png,없음,앉기·무릎꿇기,정면,없음,갈색,단색,녹색,동물귀
301322,충돌,사탕 축제!,https://wsrv.nl/?w=400&output=jpg&bg=white&url=https%3A%2F%2Fraw.githubusercontent.com%2FJforPlay%2Fdata_for_toy%2Fmain%2Foutput_expressions%2F301322%2Fpainting.png,없음,앉기·무릎꿇기,정면,발바닥,흑발,단색,녹색,동물귀
301323,충돌,달콤달콤 설날!,https://wsrv.nl/?w=400&output=jpg&bg=white&url=https%3A%2F%2Fraw.githubusercontent.com%2FJforPlay%2Fdata_for_toy%2Fmain%2Foutput_expressions%2F301323%2Fpainting.png,없음,앉기·무릎꿇기,정면,발바닥,흑발,단색,녹색,"동물귀, 꼬리"
301324,충돌,솜사탕과 어른의 꿈,https://wsrv.nl/?w=400&output=jpg&bg=white&url=https%3A%2F%2Fraw.githubusercontent.com%2FJforPlay%2Fdata_for_toy%2Fmain%2Foutput_expressions%2F301324%2Fpainting.png,없음,서기,후면,없음,흑발,단색,녹색,"동물귀, 꼬리"
301329,충돌,무츠키·改,https://wsrv.nl/?w=400&output=jpg&bg=white&url=https%3A%2F%2Fraw.githubusercontent.com%2FJforPlay%2Fdata_for_toy%2Fmain%2Foutput_expressions%2F301329%2Fpainting.png,없음,서기,정면,없음,갈색,단색,녹색,"동물귀, 꼬리"
301330,충돌,키사라기,https://wsrv.nl/?w=400&output=jpg&bg=white&url=https%3A%2F%2Fraw.githubusercontent.com%2FJforPlay%2Fdata_for_toy%2Fmain%2Foutput_expressions%2F301330%2Fpainting.png,없음,서기,정면,없음,분홍,단색,보라,동물귀
301331,충돌,정월의 소원,https://wsrv.nl/?w=400&output=jpg&bg=white&url=https%3A%2F%2Fraw.githubusercontent.com%2FJforPlay%2Fdata_for_toy%2Fmain%2Foutput_expressions%2F301331%2Fpainting.png,없음,서기,정면,없음,은발·백발,그라데이션,보라,"동물귀, 꼬리"
301339,충돌,키사라기·改,https://wsrv.nl/?w=400&output=jpg&bg=white&url=https%3A%2F%2Fraw.githubusercontent.com%2FJforPlay%2Fdata_for_toy%2Fmain%2Foutput_expressions%2F301339%2Fpainting.png,없음,서기,정면,발바닥,은발·백발,그라데이션,보라,동물귀
301380,충돌,후미즈키,https://wsrv.nl/?w=400&output=jpg&bg=white&url=https%3A%2F%2Fraw.githubusercontent.com%2FJforPlay%2Fdata_for_toy%2Fmain%2Foutput_expressions%2F301380%2Fpainting.png,없음,서기,후면,없음,갈색,단색,보라,"동물귀, 꼬리"
301381,충돌,잠이 덜 깬 요정,https://wsrv.nl/?w=400&output=jpg&bg=white&url=https%3A%2F%2Fraw.githubusercontent.com%2FJforPlay%2Fdata_for_toy%2Fmain%2Foutput_expressions%2F301381%2Fpainting.png,없음,서기,정면,없음,갈색,단색,보라,꼬리
301390,충돌,나가츠키,https://wsrv.nl/?w=400&output=jpg&bg=white&url=https%3A%2F%2Fraw.githubusercontent.com%2FJforPlay%2Fdata_for_toy%2Fmain%2Foutput_expressions%2F301390%2Fpainting.png,없음,서기,정면,없음,갈색,단색,보라,"동물귀, 꼬리"
301391,충돌,냥냥 메이드는 위험해?,https://wsrv.nl/?w=400&output=jpg&bg=white&url=https%3A%2F%2Fraw.githubusercontent.com%2FJforPlay%2Fdata_for_toy%2Fmain%2Foutput_expressions%2F301391%2Fpainting.png,없음,서기,정면,없음,갈색,그라데이션,보라,"동물귀, 꼬리"
301410,충돌,미카즈키,https://wsrv.nl/?w=400&output=jpg&bg=white&url=https%3A%2F%2Fraw.githubusercontent.com%2FJforPlay%2Fdata_for_toy%2Fmain%2Foutput_expressions%2F301410%2Fpainting.png,없음,앉기·무릎꿇기,정면,없음,청발,단색,청색,"동물귀, 꼬리"
301411,충돌,강시 아가씨 등장!,https://wsrv.nl/?w=400&output=jpg&bg=white&url=https%3A%2F%2Fraw.githubusercontent.com%2FJforPlay%2Fdata_for_toy%2Fmain%2Foutput_expressions%2F301411%2Fpainting.png,없음,서기,정면,발바닥,은발·백발,단색,청색,"동물귀, 꼬리"
301470,충돌,우미카제,https://wsrv.nl/?w=400&output=jpg&bg=white&url=https%3A%2F%2Fraw.githubusercontent.com%2FJforPlay%2Fdata_for_toy%2Fmain%2Foutput_expressions%2F301470%2Fpainting.png,없음,서기,정면,발바닥,은발·백발,단색,은색·회색,없음
301471,충돌,폭신폭신 힐링,https://wsrv.nl/?w=400&output=jpg&bg=white&url=https%3A%2F%2Fraw.githubusercontent.com%2FJforPlay%2Fdata_for_toy%2Fmain%2Foutput_expressions%2F301471%2Fpainting.png,없음,앉기·무릎꿇기,정면,발바닥,은발·백발,단색,청색,동물귀
301472,충돌,점점 가까워지는 걸음걸이,https://wsrv.nl/?w=400&output=jpg&bg=white&url=https%3A%2F%2Fraw.githubusercontent.com%2FJforPlay%2Fdata_for_toy%2Fmain%2Foutput_expressions%2F301472%2Fpainting.png,없음,서기,정면,없음,은발·백발,단색,청색,없음
301480,충돌,야마카제,https://wsrv.nl/?w=400&output=jpg&bg=white&url=https%3A%2F%2Fraw.githubusercontent.com%2FJforPlay%2Fdata_for_toy%2Fmain%2Foutput_expressions%2F301480%2Fpainting.png,없음,서기,후면,없음,갈색,그라데이션,보라,동물귀
301481,충돌,마술 시간이다!,https://wsrv.nl/?w=400&output=jpg&bg=white&url=https%3A%2F%2Fraw.githubusercontent.com%2FJforPlay%2Fdata_for_toy%2Fmain%2Foutput_expressions%2F301481%2Fpainting.png,없음,서기,정면,발바닥,갈색,그라데이션,보라,없음
301490,충돌,카와카제,https://wsrv.nl/?w=400&output=jpg&bg=white&url=https%3A%2F%2Fraw.githubusercontent.com%2FJforPlay%2Fdata_for_toy%2Fmain%2Foutput_expressions%2F301490%2Fpainting.png,없음,서기,정면,없음,은발·백발,단색,청색,동물귀
301491,충돌,간주 모노크롬,https://wsrv.nl/?w=400&output=jpg&bg=white&url=https%3A%2F%2Fraw.githubusercontent.com%2FJforPlay%2Fdata_for_toy%2Fmain%2Foutput_expressions%2F301491%2Fpainting.png,없음,서기,정면,없음,은발·백발,단색,청색,"동물귀, 꼬리"
301492,충돌,충직한 수호령 여우,https://wsrv.nl/?w=400&output=jpg&bg=white&url=https%3A%2F%2Fraw.githubusercontent.com%2FJforPlay%2Fdata_for_toy%2Fmain%2Foutput_expressions%2F301492%2Fpainting.png,없음,서기,정면,없음,은발·백발,단색,청색,"동물귀, 꼬리"
301498,충돌,무구한 하얀 여우,https://wsrv.nl/?w=400&output=jpg&bg=white&url=https%3A%2F%2Fraw.githubusercontent.com%2FJforPlay%2Fdata_for_toy%2Fmain%2Foutput_expressions%2F301498%2Fpainting.png,없음,서기,정면,없음,은발·백발,단색,청색,"동물귀, 꼬리"
301570,충돌,하루츠키,https://wsrv.nl/?w=400&output=jpg&bg=white&url=https%3A%2F%2Fraw.githubusercontent.com%2FJforPlay%2Fdata_for_toy%2Fmain%2Foutput_expressions%2F301570%2Fpainting.png,없음,서기,정면,없음,흑발,단색,금색,없음
301571,충돌,아름다운 영춘의 춤,https://wsrv.nl/?w=400&output=jpg&bg=white&url=https%3A%2F%2Fraw.githubusercontent.com%2FJforPlay%2Fdata_for_toy%2Fmain%2Foutput_expressions%2F301571%2Fpainting.png,없음,서기,정면,없음,흑발,단색,금색,없음
301572,충돌,수증기 속 정령,https://wsrv.nl/?w=400&output=jpg&bg=white&url=https%3A%2F%2Fraw.githubusercontent.com%2FJforPlay%2Fdata_for_toy%2Fmain%2Foutput_expressions%2F301572%2Fpainting.png,없음,앉기·무릎꿇기,정면,발바닥,갈색,단색,금색,없음
301580,충돌,요이즈키,https://wsrv.nl/?w=400&output=jpg&bg=white&url=https%3A%2F%2Fraw.githubusercontent.com%2FJforPlay%2Fdata_for_toy%2Fmain%2Foutput_expressions%2F301580%2Fpainting.png,없음,서기,정면,없음,흑발,단색,청색,없음
301581,충돌,운동회 준비,https://wsrv.nl/?w=400&output=jpg&bg=white&url=https%3A%2F%2Fraw.githubusercontent.com%2FJforPlay%2Fdata_for_toy%2Fmain%2Foutput_expressions%2F301581%2Fpainting.png,없음,앉기·무릎꿇기,정면,없음,흑발,브릿지,청색,없음
301582,충돌,폭죽과 만두,https://wsrv.nl/?w=400&output=jpg&bg=white&url=https%3A%2F%2Fraw.githubusercontent.com%2FJforPlay%2Fdata_for_toy%2Fmain%2Foutput_expressions%2F301582%2Fpainting.png,없음,서기,후면,없음,흑발,브릿지,청색,없음
301600,충돌,이소카제,https://wsrv.nl/?w=400&output=jpg&bg=white&url=https%3A%2F%2Fraw.githubusercontent.com%2FJforPlay%2Fdata_for_toy%2Fmain%2Foutput_expressions%2F301600%2Fpainting.png,없음,서기,정면,발바닥,녹발,단색,녹색,"동물귀, 꼬리"
301601,충돌,신년 대합전,https://wsrv.nl/?w=400&output=jpg&bg=white&url=https%3A%2F%2Fraw.githubusercontent.com%2FJforPlay%2Fdata_for_toy%2Fmain%2Foutput_expressions%2F301601%2Fpainting.png,없음,서기,정면,없음,녹발,단색,녹색,"동물귀, 꼬리"
301602,충돌,전국 시대 그룹!,https://wsrv.nl/?w=400&output=jpg&bg=white&url=https%3A%2F%2Fraw.githubusercontent.com%2FJforPlay%2Fdata_for_toy%2Fmain%2Foutput_expressions%2F301602%2Fpainting.png,없음,서기,정면,없음,녹발,단색,녹색,동물귀
301610,충돌,하마카제,https://wsrv.nl/?w=400&output=jpg&bg=white&url=https%3A%2F%2Fraw.githubusercontent.com%2FJforPlay%2Fdata_for_toy%2Fmain%2Foutput_expressions%2F301610%2Fpainting.png,없음,앉기·무릎꿇기,정면,없음,분홍,단색,적색,없음
301611,충돌,모범적인 우등생,https://wsrv.nl/?w=400&output=jpg&bg=white&url=https%3A%2F%2Fraw.githubusercontent.com%2FJforPlay%2Fdata_for_toy%2Fmain%2Foutput_expressions%2F301611%2Fpainting.png,안경,앉기·무릎꿇기,정면,없음,분홍,단색,적색,없음
301612,충돌,맛은 관건은 사랑？！,https://wsrv.nl/?w=400&output=jpg&bg=white&url=https%3A%2F%2Fraw.githubusercontent.com%2FJforPlay%2Fdata_for_toy%2Fmain%2Foutput_expressions%2F301612%2Fpainting.png,없음,서기,정면,없음,분홍,단색,적색,뿔
301619,충돌,하마카제·改,https://wsrv.nl/?w=400&output=jpg&bg=white&url=https%3A%2F%2Fraw.githubusercontent.com%2FJforPlay%2Fdata_for_toy%2Fmain%2Foutput_expressions%2F301619%2Fpainting.png,없음,서기,정면,없음,분홍,단색,적색,없음
301620,충돌,타니카제,https://wsrv.nl/?w=400&output=jpg&bg=white&url=https%3A%2F%2Fraw.githubusercontent.com%2FJforPlay%2Fdata_for_toy%2Fmain%2Foutput_expressions%2F301620%2Fpainting.png,없음,서기,정면,없음,금발,단색,청색,없음
301621,충돌,길잃은 소녀와 미로의 나비,https://wsrv.nl/?w=400&output=jpg&bg=white&url=https%3A%2F%2Fraw.githubusercontent.com%2FJforPlay%2Fdata_for_toy%2Fmain%2Foutput_expressions%2F301621%2Fpainting.png,없음,서기,정면,없음,금발,단색,청색,없음
301622,충돌,블링블링 대청소,https://wsrv.nl/?w=400&output=jpg&bg=white&url=https%3A%2F%2Fraw.githubusercontent.com%2FJforPlay%2Fdata_for_toy%2Fmain%2Foutput_expressions%2F301622%2Fpainting.png,없음,서기,정면,발바닥,금발,단색,청색,"동물귀, 꼬리"
301629,충돌,타니카제·改,https://wsrv.nl/?w=400&output=jpg&bg=white&url=https%3A%2F%2Fraw.githubusercontent.com%2FJforPlay%2Fdata_for_toy%2Fmain%2Foutput_expressions%2F301629%2Fpainting.png,없음,서기,정면,없음,금발,단색,청색,뿔
301630,충돌,아사시오,https://wsrv.nl/?w=400&output=jpg&bg=white&url=https%3A%2F%2Fraw.githubusercontent.com%2FJforPlay%2Fdata_for_toy%2Fmain%2Foutput_expressions%2F301630%2Fpainting.png,없음,서기,정면,없음,청발,단색,은색·회색,"동물귀, 꼬리"
301631,충돌,꽃이 흩날리는 계절의 전학생,https://wsrv.nl/?w=400&output=jpg&bg=white&url=https%3A%2F%2Fraw.githubusercontent.com%2FJforPlay%2Fdata_for_toy%2Fmain%2Foutput_expressions%2F301631%2Fpainting.png,없음,서기,정면,없음,은발·백발,단색,청색,"동물귀, 꼬리"
301632,충돌,눈 오는 날과 방울,https://wsrv.nl/?w=400&output=jpg&bg=white&url=https%3A%2F%2Fraw.githubusercontent.com%2FJforPlay%2Fdata_for_toy%2Fmain%2Foutput_expressions%2F301632%2Fpainting.png,없음,앉기·무릎꿇기,정면,없음,은발·백발,단색,청색,"동물귀, 꼬리"
301633,충돌,구름 위의 경쾌한 춤,https://wsrv.nl/?w=400&output=jpg&bg=white&url=https%3A%2F%2Fraw.githubusercontent.com%2FJforPlay%2Fdata_for_toy%2Fmain%2Foutput_expressions%2F301633%2Fpainting.png,없음,서기,정면,없음,은발·백발,그라데이션,청색,동물귀
301640,충돌,오오시오,https://wsrv.nl/?w=400&output=jpg&bg=white&url=https%3A%2F%2Fraw.githubusercontent.com%2FJforPlay%2Fdata_for_toy%2Fmain%2Foutput_expressions%2F301640%2Fpainting.png,없음,서기,정면,없음,흑발,단색,적색,"동물귀, 꼬리"
301641,충돌,순록과 성탄 선물,https://wsrv.nl/?w=400&output=jpg&bg=white&url=https%3A%2F%2Fraw.githubusercontent.com%2FJforPlay%2Fdata_for_toy%2Fmain%2Foutput_expressions%2F301641%2Fpainting.png,없음,앉기·무릎꿇기,정면,없음,흑발,단색,적색,"동물귀, 뿔"
301642,충돌,취기 오른 파티,https://wsrv.nl/?w=400&output=jpg&bg=white&url=https%3A%2F%2Fraw.githubusercontent.com%2FJforPlay%2Fdata_for_toy%2Fmain%2Foutput_expressions%2F301642%2Fpainting.png,없음,서기,정면,없음,흑발,단색,갈색,"동물귀, 꼬리"
301643,충돌,장식하자 신춘의 복,https://wsrv.nl/?w=400&output=jpg&bg=white&url=https%3A%2F%2Fraw.githubusercontent.com%2FJforPlay%2Fdata_for_toy%2Fmain%2Foutput_expressions%2F301643%2Fpainting.png,없음,앉기·무릎꿇기,정면,없음,흑발,단색,적색,없음
301644,충돌,점심의 초대,https://wsrv.nl/?w=400&output=jpg&bg=white&url=https%3A%2F%2Fraw.githubusercontent.com%2FJforPlay%2Fdata_for_toy%2Fmain%2Foutput_expressions%2F301644%2Fpainting.png,없음,앉기·무릎꿇기,정면,발바닥,흑발,단색,적색,동물귀
301650,충돌,미치시오,https://wsrv.nl/?w=400&output=jpg&bg=white&url=https%3A%2F%2Fraw.githubusercontent.com%2FJforPlay%2Fdata_for_toy%2Fmain%2Foutput_expressions%2F301650%2Fpainting.png,없음,서기,정면,없음,금발,단색,갈색,"동물귀, 꼬리"
301651,충돌,하늘하늘 리본,https://wsrv.nl/?w=400&output=jpg&bg=white&url=https%3A%2F%2Fraw.githubusercontent.com%2FJforPlay%2Fdata_for_toy%2Fmain%2Foutput_expressions%2F301651%2Fpainting.png,없음,서기,정면,없음,금발,단색,금색,"동물귀, 꼬리"
301660,충돌,아라시오,https://wsrv.nl/?w=400&output=jpg&bg=white&url=https%3A%2F%2Fraw.githubusercontent.com%2FJforPlay%2Fdata_for_toy%2Fmain%2Foutput_expressions%2F301660%2Fpainting.png,없음,눕기,정면,없음,흑발,기타,보라,"동물귀, 꼬리"
301661,충돌,눈부신 불꽃놀이,https://wsrv.nl/?w=400&output=jpg&bg=white&url=https%3A%2F%2Fraw.githubusercontent.com%2FJforPlay%2Fdata_for_toy%2Fmain%2Foutput_expressions%2F301661%2Fpainting.png,없음,앉기·무릎꿇기,후면,발바닥,흑발,단색,보라,동물귀
301800,충돌,마키나미,https://wsrv.nl/?w=400&output=jpg&bg=white&url=https%3A%2F%2Fraw.githubusercontent.com%2FJforPlay%2Fdata_for_toy%2Fmain%2Foutput_expressions%2F301800%2Fpainting.png,없음,서기,정면,없음,금발,단색,녹색,"동물귀, 꼬리"
301801,충돌,원기 RUN TIME!,https://wsrv.nl/?w=400&output=jpg&bg=white&url=https%3A%2F%2Fraw.githubusercontent.com%2FJforPlay%2Fdata_for_toy%2Fmain%2Foutput_expressions%2F301801%2Fpainting.png,없음,서기,정면,없음,금발,단색,녹색,없음
301810,충돌,카스미,https://wsrv.nl/?w=400&output=jpg&bg=white&url=https%3A%2F%2Fraw.githubusercontent.com%2FJforPlay%2Fdata_for_toy%2Fmain%2Foutput_expressions%2F301810%2Fpainting.png,없음,서기,정면,없음,은발·백발,그라데이션,청색,"동물귀, 꼬리"
301811,충돌,포근포근 정월,https://wsrv.nl/?w=400&output=jpg&bg=white&url=https%3A%2F%2Fraw.githubusercontent.com%2FJforPlay%2Fdata_for_toy%2Fmain%2Foutput_expressions%2F301811%2Fpainting.png,없음,앉기·무릎꿇기,정면,없음,은발·백발,단색,청색,동물귀
301812,충돌,두둥실 등교,https://wsrv.nl/?w=400&output=jpg&bg=white&url=https%3A%2F%2Fraw.githubusercontent.com%2FJforPlay%2Fdata_for_toy%2Fmain%2Foutput_expressions%2F301812%2Fpainting.png,없음,서기,정면,없음,은발·백발,단색,청색,"동물귀, 꼬리"
301819,충돌,카스미·改,https://wsrv.nl/?w=400&output=jpg&bg=white&url=https%3A%2F%2Fraw.githubusercontent.com%2FJforPlay%2Fdata_for_toy%2Fmain%2Foutput_expressions%2F301819%2Fpainting.png,없음,서기,정면,없음,은발·백발,단색,청색,"동물귀, 꼬리"
301820,충돌,하나즈키,https://wsrv.nl/?w=400&output=jpg&bg=white&url=https%3A%2F%2Fraw.githubusercontent.com%2FJforPlay%2Fdata_for_toy%2Fmain%2Foutput_expressions%2F301820%2Fpainting.png,없음,서기,정면,없음,분홍,단색,녹색,"동물귀, 꼬리"
301821,충돌,"백주월, 한여름의 꽃",https://wsrv.nl/?w=400&output=jpg&bg=white&url=https%3A%2F%2Fraw.githubusercontent.com%2FJforPlay%2Fdata_for_toy%2Fmain%2Foutput_expressions%2F301821%2Fpainting.png,없음,눕기,정면,겨드랑이,분홍,그라데이션,녹색,"동물귀, 꼬리"
301822,충돌,완연한 봄기운,https://wsrv.nl/?w=400&output=jpg&bg=white&url=https%3A%2F%2Fraw.githubusercontent.com%2FJforPlay%2Fdata_for_toy%2Fmain%2Foutput_expressions%2F301822%2Fpainting.png,없음,서기,정면,없음,분홍,단색,녹색,"동물귀, 꼬리"
301830,충돌,나가나미,https://wsrv.nl/?w=400&output=jpg&bg=white&url=https%3A%2F%2Fraw.githubusercontent.com%2FJforPlay%2Fdata_for_toy%2Fmain%2Foutput_expressions%2F301830%2Fpainting.png,없음,서기,정면,없음,흑발,단색,금색,"동물귀, 꼬리"
301831,충돌,행복의 롱웨이브,https://wsrv.nl/?w=400&output=jpg&bg=white&url=https%3A%2F%2Fraw.githubusercontent.com%2FJforPlay%2Fdata_for_toy%2Fmain%2Foutput_expressions%2F301831%2Fpainting.png,없음,앉기·무릎꿇기,후면,발바닥,흑발,단색,금색,꼬리
301832,충돌,기다리고 바라는 따뜻함,https://wsrv.nl/?w=400&output=jpg&bg=white&url=https%3A%2F%2Fraw.githubusercontent.com%2FJforPlay%2Fdata_for_toy%2Fmain%2Foutput_expressions%2F301832%2Fpainting.png,없음,눕기,정면,발바닥,흑발,단색,금색,"동물귀, 꼬리"
301833,충돌,기나긴 밤에 기대어,https://wsrv.nl/?w=400&output=jpg&bg=white&url=https%3A%2F%2Fraw.githubusercontent.com%2FJforPlay%2Fdata_for_toy%2Fmain%2Foutput_expressions%2F301833%2Fpainting.png,없음,앉기·무릎꿇기,정면,없음,흑발,단색,금색,꼬리
301834,충돌,온기에 녹아들어,https://wsrv.nl/?w=400&output=jpg&bg=white&url=https%3A%2F%2Fraw.githubusercontent.com%2FJforPlay%2Fdata_for_toy%2Fmain%2Foutput_expressions%2F301834%2Fpainting.png,없음,앉기·무릎꿇기,정면,없음,흑발,브릿지,금색,"동물귀, 꼬리"
301838,충돌,오랫동안 풍파없이,https://wsrv.nl/?w=400&output=jpg&bg=white&url=https%3A%2F%2Fraw.githubusercontent.com%2FJforPlay%2Fdata_for_toy%2Fmain%2Foutput_expressions%2F301838%2Fpainting.png,없음,앉기·무릎꿇기,정면,없음,흑발,단색,은색·회색,"동물귀, 꼬리"
301840,충돌,스즈츠키,https://wsrv.nl/?w=400&output=jpg&bg=white&url=https%3A%2F%2Fraw.githubusercontent.com%2FJforPlay%2Fdata_for_toy%2Fmain%2Foutput_expressions%2F301840%2Fpainting.png,없음,서기,정면,없음,은발·백발,단색,금색,동물귀
301841,충돌,스즈츠키와 함께 바다로!,https://wsrv.nl/?w=400&output=jpg&bg=white&url=https%3A%2F%2Fraw.githubusercontent.com%2FJforPlay%2Fdata_for_toy%2Fmain%2Foutput_expressions%2F301841%2Fpainting.png,고글,서기,정면,없음,회색,단색,금색,없음
301842,충돌,신년 하네츠키 대전!,https://wsrv.nl/?w=400&output=jpg&bg=white&url=https%3A%2F%2Fraw.githubusercontent.com%2FJforPlay%2Fdata_for_toy%2Fmain%2Foutput_expressions%2F301842%2Fpainting.png,없음,서기,정면,없음,은발·백발,단색,금색,없음
301850,충돌,오이테,https://wsrv.nl/?w=400&output=jpg&bg=white&url=https%3A%2F%2Fraw.githubusercontent.com%2FJforPlay%2Fdata_for_toy%2Fmain%2Foutput_expressions%2F301850%2Fpainting.png,없음,서기,정면,없음,흑발,브릿지,적색,없음
301851,충돌,여름의 전력 일격,https://wsrv.nl/?w=400&output=jpg&bg=white&url=https%3A%2F%2Fraw.githubusercontent.com%2FJforPlay%2Fdata_for_toy%2Fmain%2Foutput_expressions%2F301851%2Fpainting.png,없음,서기,후면,발바닥,흑발,브릿지,적색,없음
301852,충돌,묵매의 필묵연지,https://wsrv.nl/?w=400&output=jpg&bg=white&url=https%3A%2F%2Fraw.githubusercontent.com%2FJforPlay%2Fdata_for_toy%2Fmain%2Foutput_expressions%2F301852%2Fpainting.png,없음,서기,정면,없음,흑발,브릿지,적색,"동물귀, 꼬리"
301860,충돌,카자구모,https://wsrv.nl/?w=400&output=jpg&bg=white&url=https%3A%2F%2Fraw.githubusercontent.com%2FJforPlay%2Fdata_for_toy%2Fmain%2Foutput_expressions%2F301860%2Fpainting.png,없음,서기,정면,없음,은발·백발,단색,갈색,없음
301861,충돌,방과후의 은은한 멜로디,https://wsrv.nl/?w=400&output=jpg&bg=white&url=https%3A%2F%2Fraw.githubusercontent.com%2FJforPlay%2Fdata_for_toy%2Fmain%2Foutput_expressions%2F301861%2Fpainting.png,없음,앉기·무릎꿇기,정면,없음,은발·백발,단색,갈색,동물귀
301862,충돌,두근두근 기다리는 카자구모,https://wsrv.nl/?w=400&output=jpg&bg=white&url=https%3A%2F%2Fraw.githubusercontent.com%2FJforPlay%2Fdata_for_toy%2Fmain%2Foutput_expressions%2F301862%2Fpainting.png,없음,서기,정면,없음,은발·백발,단색,갈색,없음
301863,충돌,카자구모는 수업 중,https://wsrv.nl/?w=400&output=jpg&bg=white&url=https%3A%2F%2Fraw.githubusercontent.com%2FJforPlay%2Fdata_for_toy%2Fmain%2Foutput_expressions%2F301863%2Fpainting.png,없음,앉기·무릎꿇기,정면,없음,은발·백발,단색,은색·회색,없음
301880,충돌,와카츠키,https://wsrv.nl/?w=400&output=jpg&bg=white&url=https%3A%2F%2Fraw.githubusercontent.com%2FJforPlay%2Fdata_for_toy%2Fmain%2Foutput_expressions%2F301880%2Fpainting.png,없음,서기,후면,없음,청발,단색,은색·회색,없음
301881,충돌,좌충우돌 파랑새,https://wsrv.nl/?w=400&output=jpg&bg=white&url=https%3A%2F%2Fraw.githubusercontent.com%2FJforPlay%2Fdata_for_toy%2Fmain%2Foutput_expressions%2F301881%2Fpainting.png,없음,서기,정면,없음,청발,단색,은색·회색,없음
301882,충돌,봄을 기다리는 푸른 날개,https://wsrv.nl/?w=400&output=jpg&bg=white&url=https%3A%2F%2Fraw.githubusercontent.com%2FJforPlay%2Fdata_for_toy%2Fmain%2Foutput_expressions%2F301882%2Fpainting.png,없음,서기,정면,겨드랑이,청발,단색,청색,날개
301890,충돌,하츠즈키,https://wsrv.nl/?w=400&output=jpg&bg=white&url=https%3A%2F%2Fraw.githubusercontent.com%2FJforPlay%2Fdata_for_toy%2Fmain%2Foutput_expressions%2F301890%2Fpainting.png,없음,서기,정면,없음,흑발,단색,적색,없음
301891,충돌,8월의 러브 스토리,https://wsrv.nl/?w=400&output=jpg&bg=white&url=https%3A%2F%2Fraw.githubusercontent.com%2FJforPlay%2Fdata_for_toy%2Fmain%2Foutput_expressions%2F301891%2Fpainting.png,없음,앉기·무릎꿇기,정면,발바닥,흑발,브릿지,적색,뿔
301892,충돌,명절의 사치 타임♪,https://wsrv.nl/?w=400&output=jpg&bg=white&url=https%3A%2F%2Fraw.githubusercontent.com%2FJforPlay%2Fdata_for_toy%2Fmain%2Foutput_expressions%2F301892%2Fpainting.png,없음,서기,정면,없음,흑발,단색,적색,뿔
301898,충돌,인연을 맺는 사랑의 다리,https://wsrv.nl/?w=400&output=jpg&bg=white&url=https%3A%2F%2Fraw.githubusercontent.com%2FJforPlay%2Fdata_for_toy%2Fmain%2Foutput_expressions%2F301898%2Fpainting.png,없음,서기,정면,없음,흑발,단색,적색,없음
301910,충돌,스즈나미,https://wsrv.nl/?w=400&output=jpg&bg=white&url=https%3A%2F%2Fraw.githubusercontent.com%2FJforPlay%2Fdata_for_toy%2Fmain%2Foutput_expressions%2F301910%2Fpainting.png,없음,서기,정면,없음,청발,단색,청색,"동물귀, 꼬리"
301911,충돌,눈 요정의 파티 코디,https://wsrv.nl/?w=400&output=jpg&bg=white&url=https%3A%2F%2Fraw.githubusercontent.com%2FJforPlay%2Fdata_for_toy%2Fmain%2Foutput_expressions%2F301911%2Fpainting.png,없음,서기,후면,없음,청발,단색,청색,동물귀
301920,충돌,타에카제,https://wsrv.nl/?w=400&output=jpg&bg=white&url=https%3A%2F%2Fraw.githubusercontent.com%2FJforPlay%2Fdata_for_toy%2Fmain%2Foutput_expressions%2F301920%2Fpainting.png,없음,서기,정면,없음,갈색,단색,갈색,없음
301921,충돌,닌자 타에카제의 급강하 수련!,https://wsrv.nl/?w=400&output=jpg&bg=white&url=https%3A%2F%2Fraw.githubusercontent.com%2FJforPlay%2Fdata_for_toy%2Fmain%2Foutput_expressions%2F301921%2Fpainting.png,없음,거꾸로,정면,없음,갈색,단색,갈색,"동물귀, 꼬리"
301940,충돌,후지나미,https://wsrv.nl/?w=400&output=jpg&bg=white&url=https%3A%2F%2Fraw.githubusercontent.com%2FJforPlay%2Fdata_for_toy%2Fmain%2Foutput_expressions%2F301940%2Fpainting.png,없음,서기,정면,없음,흑발,브릿지,보라,없음
301941,충돌,당신만을 위한 시크릿 코디,https://wsrv.nl/?w=400&output=jpg&bg=white&url=https%3A%2F%2Fraw.githubusercontent.com%2FJforPlay%2Fdata_for_toy%2Fmain%2Foutput_expressions%2F301941%2Fpainting.png,없음,앉기·무릎꿇기,정면,발바닥,보라,브릿지,보라,없음
302040,충돌,나가라,https://wsrv.nl/?w=400&output=jpg&bg=white&url=https%3A%2F%2Fraw.githubusercontent.com%2FJforPlay%2Fdata_for_toy%2Fmain%2Foutput_expressions%2F302040%2Fpainting.png,없음,서기,정면,없음,흑발,단색,갈색,없음
302041,충돌,한가로운 봄날,https://wsrv.nl/?w=400&output=jpg&bg=white&url=https%3A%2F%2Fraw.githubusercontent.com%2FJforPlay%2Fdata_for_toy%2Fmain%2Foutput_expressions%2F302041%2Fpainting.png,없음,앉기·무릎꿇기,정면,없음,보라,단색,갈색,없음
302050,충돌,이스즈,https://wsrv.nl/?w=400&output=jpg&bg=white&url=https%3A%2F%2Fraw.githubusercontent.com%2FJforPlay%2Fdata_for_toy%2Fmain%2Foutput_expressions%2F302050%2Fpainting.png,없음,서기,정면,없음,흑발,단색,적색,뿔
302051,충돌,동화의 밤,https://wsrv.nl/?w=400&output=jpg&bg=white&url=https%3A%2F%2Fraw.githubusercontent.com%2FJforPlay%2Fdata_for_toy%2Fmain%2Foutput_expressions%2F302051%2Fpainting.png,없음,앉기·무릎꿇기,후면,없음,흑발,단색,적색,없음
302052,충돌,훈훈한 크리스마스 밤,https://wsrv.nl/?w=400&output=jpg&bg=white&url=https%3A%2F%2Fraw.githubusercontent.com%2FJforPlay%2Fdata_for_toy%2Fmain%2Foutput_expressions%2F302052%2Fpainting.png,없음,서기,정면,없음,흑발,단색,갈색,동물귀
302053,충돌,과열 사고?,https://wsrv.nl/?w=400&output=jpg&bg=white&url=https%3A%2F%2Fraw.githubusercontent.com%2FJforPlay%2Fdata_for_toy%2Fmain%2Foutput_expressions%2F302053%2Fpainting.png,없음,엎드리기,후면,없음,흑발,단색,적색,"동물귀, 꼬리"
302054,충돌,준마?와 함께 출격!,https://wsrv.nl/?w=400&output=jpg&bg=white&url=https%3A%2F%2Fraw.githubusercontent.com%2FJforPlay%2Fdata_for_toy%2Fmain%2Foutput_expressions%2F302054%2Fpainting.png,없음,앉기·무릎꿇기,정면,발바닥,흑발,단색,적색,없음
302059,충돌,이스즈·改,https://wsrv.nl/?w=400&output=jpg&bg=white&url=https%3A%2F%2Fraw.githubusercontent.com%2FJforPlay%2Fdata_for_toy%2Fmain%2Foutput_expressions%2F302059%2Fpainting.png,없음,서기,정면,발바닥,보라,단색,갈색,없음
302060,충돌,나토리,https://wsrv.nl/?w=400&output=jpg&bg=white&url=https%3A%2F%2Fraw.githubusercontent.com%2FJforPlay%2Fdata_for_toy%2Fmain%2Foutput_expressions%2F302060%2Fpainting.png,없음,서기,정면,없음,갈색,단색,적색,"동물귀, 꼬리"
302061,충돌,비치 파라다이스,https://wsrv.nl/?w=400&output=jpg&bg=white&url=https%3A%2F%2Fraw.githubusercontent.com%2FJforPlay%2Fdata_for_toy%2Fmain%2Foutput_expressions%2F302061%2Fpainting.png,없음,앉기·무릎꿇기,후면,발바닥,갈색,단색,갈색,뿔
302062,충돌,소란스러운 크루즈 나이트,https://wsrv.nl/?w=400&output=jpg&bg=white&url=https%3A%2F%2Fraw.githubusercontent.com%2FJforPlay%2Fdata_for_toy%2Fmain%2Foutput_expressions%2F302062%2Fpainting.png,없음,서기,후면,없음,갈색,단색,갈색,없음
302070,충돌,유라,https://wsrv.nl/?w=400&output=jpg&bg=white&url=https%3A%2F%2Fraw.githubusercontent.com%2FJforPlay%2Fdata_for_toy%2Fmain%2Foutput_expressions%2F302070%2Fpainting.png,없음,앉기·무릎꿇기,정면,없음,갈색,단색,녹색,뿔
302071,충돌,이중 유혹?,https://wsrv.nl/?w=400&output=jpg&bg=white&url=https%3A%2F%2Fraw.githubusercontent.com%2FJforPlay%2Fdata_for_toy%2Fmain%2Foutput_expressions%2F302071%2Fpainting.png,없음,앉기·무릎꿇기,정면,없음,은발·백발,단색,녹색,"뿔, 날개"
302080,충돌,키누,https://wsrv.nl/?w=400&output=jpg&bg=white&url=https%3A%2F%2Fraw.githubusercontent.com%2FJforPlay%2Fdata_for_toy%2Fmain%2Foutput_expressions%2F302080%2Fpainting.png,없음,서기,정면,없음,은발·백발,단색,금색,없음
302081,충돌,정월의 검귀,https://wsrv.nl/?w=400&output=jpg&bg=white&url=https%3A%2F%2Fraw.githubusercontent.com%2FJforPlay%2Fdata_for_toy%2Fmain%2Foutput_expressions%2F302081%2Fpainting.png,없음,서기,정면,없음,은발·백발,단색,금색,없음
302082,충돌,Token＆Ghost,https://wsrv.nl/?w=400&output=jpg&bg=white&url=https%3A%2F%2Fraw.githubusercontent.com%2FJforPlay%2Fdata_for_toy%2Fmain%2Foutput_expressions%2F302082%2Fpainting.png,없음,앉기·무릎꿇기,정면,없음,은발·백발,단색,금색,"동물귀, 꼬리"
302089,충돌,키누·改,https://wsrv.nl/?w=400&output=jpg&bg=white&url=https%3A%2F%2Fraw.githubusercontent.com%2FJforPlay%2Fdata_for_toy%2Fmain%2Foutput_expressions%2F302089%2Fpainting.png,없음,서기,정면,없음,은발·백발,단색,금색,없음
302090,충돌,아부쿠마,https://wsrv.nl/?w=400&output=jpg&bg=white&url=https%3A%2F%2Fraw.githubusercontent.com%2FJforPlay%2Fdata_for_toy%2Fmain%2Foutput_expressions%2F302090%2Fpainting.png,없음,서기,정면,없음,보라,단색,적색,동물귀
302099,충돌,아부쿠마·改,https://wsrv.nl/?w=400&output=jpg&bg=white&url=https%3A%2F%2Fraw.githubusercontent.com%2FJforPlay%2Fdata_for_toy%2Fmain%2Foutput_expressions%2F302099%2Fpainting.png,없음,서기,정면,겨드랑이,흑발,단색,적색,동물귀
302100,충돌,모가미,https://wsrv.nl/?w=400&output=jpg&bg=white&url=https%3A%2F%2Fraw.githubusercontent.com%2FJforPlay%2Fdata_for_toy%2Fmain%2Foutput_expressions%2F302100%2Fpainting.png,없음,서기,정면,없음,갈색,단색,적색,없음
302109,충돌,모가미·改,https://wsrv.nl/?w=400&output=jpg&bg=white&url=https%3A%2F%2Fraw.githubusercontent.com%2FJforPlay%2Fdata_for_toy%2Fmain%2Foutput_expressions%2F302109%2Fpainting.png,없음,서기,정면,없음,갈색,단색,적색,뿔
302110,충돌,미쿠마,https://wsrv.nl/?w=400&output=jpg&bg=white&url=https%3A%2F%2Fraw.githubusercontent.com%2FJforPlay%2Fdata_for_toy%2Fmain%2Foutput_expressions%2F302110%2Fpainting.png,없음,서기,정면,없음,은발·백발,단색,적색,뿔
302111,충돌,화사·무도헌상,https://wsrv.nl/?w=400&output=jpg&bg=white&url=https%3A%2F%2Fraw.githubusercontent.com%2FJforPlay%2Fdata_for_toy%2Fmain%2Foutput_expressions%2F302111%2Fpainting.png,없음,서기,정면,없음,은발·백발,단색,적색,없음
302130,충돌,진츠,https://wsrv.nl/?w=400&output=jpg&bg=white&url=https%3A%2F%2Fraw.githubusercontent.com%2FJforPlay%2Fdata_for_toy%2Fmain%2Foutput_expressions%2F302130%2Fpainting.png,없음,서기,정면,없음,청발,단색,청색,"동물귀, 꼬리"
302131,충돌,책사님은 휴가 중,https://wsrv.nl/?w=400&output=jpg&bg=white&url=https%3A%2F%2Fraw.githubusercontent.com%2FJforPlay%2Fdata_for_toy%2Fmain%2Foutput_expressions%2F302131%2Fpainting.png,없음,서기,후면,발바닥,청발,단색,청색,"동물귀, 꼬리"
302132,충돌,늑대의 음모,https://wsrv.nl/?w=400&output=jpg&bg=white&url=https%3A%2F%2Fraw.githubusercontent.com%2FJforPlay%2Fdata_for_toy%2Fmain%2Foutput_expressions%2F302132%2Fpainting.png,없음,앉기·무릎꿇기,정면,없음,청발,단색,녹색,"동물귀, 꼬리"
302139,충돌,진츠·改,https://wsrv.nl/?w=400&output=jpg&bg=white&url=https%3A%2F%2Fraw.githubusercontent.com%2FJforPlay%2Fdata_for_toy%2Fmain%2Foutput_expressions%2F302139%2Fpainting.png,없음,서기,정면,겨드랑이,청발,단색,청색,"동물귀, 꼬리"
302200,충돌,아가노,https://wsrv.nl/?w=400&output=jpg&bg=white&url=https%3A%2F%2Fraw.githubusercontent.com%2FJforPlay%2Fdata_for_toy%2Fmain%2Foutput_expressions%2F302200%2Fpainting.png,없음,서기,정면,없음,흑발,그라데이션,적색,없음
302201,충돌,성야의 장난,https://wsrv.nl/?w=400&output=jpg&bg=white&url=https%3A%2F%2Fraw.githubusercontent.com%2FJforPlay%2Fdata_for_toy%2Fmain%2Foutput_expressions%2F302201%2Fpainting.png,없음,서기,후면,발바닥,흑발,그라데이션,적색,없음
302202,충돌,데이트 게임?,https://wsrv.nl/?w=400&output=jpg&bg=white&url=https%3A%2F%2Fraw.githubusercontent.com%2FJforPlay%2Fdata_for_toy%2Fmain%2Foutput_expressions%2F302202%2Fpainting.png,없음,앉기·무릎꿇기,정면,없음,흑발,그라데이션,적색,없음
302203,충돌,푸른 나비의 고백,https://wsrv.nl/?w=400&output=jpg&bg=white&url=https%3A%2F%2Fraw.githubusercontent.com%2FJforPlay%2Fdata_for_toy%2Fmain%2Foutput_expressions%2F302203%2Fpainting.png,없음,서기,후면,없음,흑발,단색,적색,없음
302210,충돌,노시로,https://wsrv.nl/?w=400&output=jpg&bg=white&url=https%3A%2F%2Fraw.githubusercontent.com%2FJforPlay%2Fdata_for_toy%2Fmain%2Foutput_expressions%2F302210%2Fpainting.png,없음,서기,정면,없음,흑발,단색,보라,뿔
302211,충돌,축제의 비경?,https://wsrv.nl/?w=400&output=jpg&bg=white&url=https%3A%2F%2Fraw.githubusercontent.com%2FJforPlay%2Fdata_for_toy%2Fmain%2Foutput_expressions%2F302211%2Fpainting.png,없음,서기,정면,없음,흑발,단색,보라,동물귀
302212,충돌,밤에 울리는 절원,https://wsrv.nl/?w=400&output=jpg&bg=white&url=https%3A%2F%2Fraw.githubusercontent.com%2FJforPlay%2Fdata_for_toy%2Fmain%2Foutput_expressions%2F302212%2Fpainting.png,없음,앉기·무릎꿇기,정면,겨드랑이,흑발,단색,보라,없음
302213,충돌,겨울눈의 훈향,https://wsrv.nl/?w=400&output=jpg&bg=white&url=https%3A%2F%2Fraw.githubusercontent.com%2FJforPlay%2Fdata_for_toy%2Fmain%2Foutput_expressions%2F302213%2Fpainting.png,없음,앉기·무릎꿇기,정면,없음,흑발,단색,보라,없음
302214,충돌,아늑한 다다미,https://wsrv.nl/?w=400&output=jpg&bg=white&url=https%3A%2F%2Fraw.githubusercontent.com%2FJforPlay%2Fdata_for_toy%2Fmain%2Foutput_expressions%2F302214%2Fpainting.png,없음,앉기·무릎꿇기,정면,발바닥,흑발,단색,보라,뿔
302215,충돌,얼음 필요하세요?,https://wsrv.nl/?w=400&output=jpg&bg=white&url=https%3A%2F%2Fraw.githubusercontent.com%2FJforPlay%2Fdata_for_toy%2Fmain%2Foutput_expressions%2F302215%2Fpainting.png,없음,서기,정면,없음,흑발,단색,보라,없음
302216,충돌,레스트 인 선샤인,https://wsrv.nl/?w=400&output=jpg&bg=white&url=https%3A%2F%2Fraw.githubusercontent.com%2FJforPlay%2Fdata_for_toy%2Fmain%2Foutput_expressions%2F302216%2Fpainting.png,고글,앉기·무릎꿇기,정면,겨드랑이,흑발,단색,보라,없음
302217,충돌,코스메틱 랑데부,https://wsrv.nl/?w=400&output=jpg&bg=white&url=https%3A%2F%2Fraw.githubusercontent.com%2FJforPlay%2Fdata_for_toy%2Fmain%2Foutput_expressions%2F302217%2Fpainting.png,선글라스,앉기·무릎꿇기,정면,없음,흑발,단색,갈색,없음
302218,충돌,두 연인의 이야기,https://wsrv.nl/?w=400&output=jpg&bg=white&url=https%3A%2F%2Fraw.githubusercontent.com%2FJforPlay%2Fdata_for_toy%2Fmain%2Foutput_expressions%2F302218%2Fpainting.png,없음,서기,후면,없음,흑발,단색,보라,없음
302230,충돌,사카와,https://wsrv.nl/?w=400&output=jpg&bg=white&url=https%3A%2F%2Fraw.githubusercontent.com%2FJforPlay%2Fdata_for_toy%2Fmain%2Foutput_expressions%2F302230%2Fpainting.png,없음,서기,정면,없음,흑발,단색,적색,"뿔, 후광"
302231,충돌,경단의 유혹,https://wsrv.nl/?w=400&output=jpg&bg=white&url=https%3A%2F%2Fraw.githubusercontent.com%2FJforPlay%2Fdata_for_toy%2Fmain%2Foutput_expressions%2F302231%2Fpainting.png,없음,서기,정면,발바닥,흑발,단색,적색,뿔
302232,충돌,포레스트 캔디,https://wsrv.nl/?w=400&output=jpg&bg=white&url=https%3A%2F%2Fraw.githubusercontent.com%2FJforPlay%2Fdata_for_toy%2Fmain%2Foutput_expressions%2F302232%2Fpainting.png,없음,앉기·무릎꿇기,정면,발바닥,흑발,단색,갈색,없음
302233,충돌,러블리 어쿠스틱,https://wsrv.nl/?w=400&output=jpg&bg=white&url=https%3A%2F%2Fraw.githubusercontent.com%2FJforPlay%2Fdata_for_toy%2Fmain%2Foutput_expressions%2F302233%2Fpainting.png,없음,서기,정면,없음,흑발,단색,적색,동물귀
302250,충돌,와타라세,https://wsrv.nl/?w=400&output=jpg&bg=white&url=https%3A%2F%2Fraw.githubusercontent.com%2FJforPlay%2Fdata_for_toy%2Fmain%2Foutput_expressions%2F302250%2Fpainting.png,없음,서기,정면,없음,은발·백발,단색,보라,뿔
302251,충돌,12시의 요술 마차,https://wsrv.nl/?w=400&output=jpg&bg=white&url=https%3A%2F%2Fraw.githubusercontent.com%2FJforPlay%2Fdata_for_toy%2Fmain%2Foutput_expressions%2F302251%2Fpainting.png,없음,앉기·무릎꿇기,정면,없음,은발·백발,단색,보라,동물귀
302260,충돌,아야세,https://wsrv.nl/?w=400&output=jpg&bg=white&url=https%3A%2F%2Fraw.githubusercontent.com%2FJforPlay%2Fdata_for_toy%2Fmain%2Foutput_expressions%2F302260%2Fpainting.png,없음,서기,후면,없음,흑발,단색,적색,없음
302261,충돌,흰토끼의 환복 시간,https://wsrv.nl/?w=400&output=jpg&bg=white&url=https%3A%2F%2Fraw.githubusercontent.com%2FJforPlay%2Fdata_for_toy%2Fmain%2Foutput_expressions%2F302261%2Fpainting.png,없음,앉기·무릎꿇기,정면,발바닥,갈색,단색,적색,없음
302270,충돌,미나세,https://wsrv.nl/?w=400&output=jpg&bg=white&url=https%3A%2F%2Fraw.githubusercontent.com%2FJforPlay%2Fdata_for_toy%2Fmain%2Foutput_expressions%2F302270%2Fpainting.png,없음,서기,정면,없음,은발·백발,단색,금색,"동물귀, 꼬리"
302271,충돌,무녀의 명상 수련,https://wsrv.nl/?w=400&output=jpg&bg=white&url=https%3A%2F%2Fraw.githubusercontent.com%2FJforPlay%2Fdata_for_toy%2Fmain%2Foutput_expressions%2F302271%2Fpainting.png,없음,눕기,정면,없음,금발,단색,금색,"동물귀, 꼬리"
302280,충돌,키즈,https://wsrv.nl/?w=400&output=jpg&bg=white&url=https%3A%2F%2Fraw.githubusercontent.com%2FJforPlay%2Fdata_for_toy%2Fmain%2Foutput_expressions%2F302280%2Fpainting.png,없음,서기,정면,없음,은발·백발,단색,보라,꼬리
302281,충돌,그물에 걸린 뇌룡,https://wsrv.nl/?w=400&output=jpg&bg=white&url=https%3A%2F%2Fraw.githubusercontent.com%2FJforPlay%2Fdata_for_toy%2Fmain%2Foutput_expressions%2F302281%2Fpainting.png,없음,엎드리기,후면,발바닥,은발·백발,단색,보라,없음
302290,충돌,나요로,https://wsrv.nl/?w=400&output=jpg&bg=white&url=https%3A%2F%2Fraw.githubusercontent.com%2FJforPlay%2Fdata_for_toy%2Fmain%2Foutput_expressions%2F302290%2Fpainting.png,없음,서기,정면,없음,흑발,단색,금색,"꼬리, 뿔"
302291,충돌,Electric Affection,https://wsrv.nl/?w=400&output=jpg&bg=white&url=https%3A%2F%2Fraw.githubusercontent.com%2FJforPlay%2Fdata_for_toy%2Fmain%2Foutput_expressions%2F302291%2Fpainting.png,없음,앉기·무릎꿇기,정면,없음,흑발,그라데이션,금색,"동물귀, 꼬리"
303010,충돌,후루타카,https://wsrv.nl/?w=400&output=jpg&bg=white&url=https%3A%2F%2Fraw.githubusercontent.com%2FJforPlay%2Fdata_for_toy%2Fmain%2Foutput_expressions%2F303010%2Fpainting.png,없음,서기,정면,겨드랑이,갈색,단색,청색,없음
303019,충돌,후루타카·改,https://wsrv.nl/?w=400&output=jpg&bg=white&url=https%3A%2F%2Fraw.githubusercontent.com%2FJforPlay%2Fdata_for_toy%2Fmain%2Foutput_expressions%2F303019%2Fpainting.png,없음,앉기·무릎꿇기,정면,겨드랑이,갈색,단색,은색·회색,없음
303020,충돌,카코,https://wsrv.nl/?w=400&output=jpg&bg=white&url=https%3A%2F%2Fraw.githubusercontent.com%2FJforPlay%2Fdata_for_toy%2Fmain%2Foutput_expressions%2F303020%2Fpainting.png,안경,앉기·무릎꿇기,정면,없음,갈색,단색,청색,없음
303029,충돌,카코·改,https://wsrv.nl/?w=400&output=jpg&bg=white&url=https%3A%2F%2Fraw.githubusercontent.com%2FJforPlay%2Fdata_for_toy%2Fmain%2Foutput_expressions%2F303029%2Fpainting.png,안경,앉기·무릎꿇기,정면,없음,갈색,단색,청색,동물귀
303060,충돌,치쿠마,https://wsrv.nl/?w=400&output=jpg&bg=white&url=https%3A%2F%2Fraw.githubusercontent.com%2FJforPlay%2Fdata_for_toy%2Fmain%2Foutput_expressions%2F303060%2Fpainting.png,없음,서기,정면,없음,흑발,단색,금색,없음
303061,충돌,프리미엄 익스체인지,https://wsrv.nl/?w=400&output=jpg&bg=white&url=https%3A%2F%2Fraw.githubusercontent.com%2FJforPlay%2Fdata_for_toy%2Fmain%2Foutput_expressions%2F303061%2Fpainting.png,없음,앉기·무릎꿇기,정면,발바닥,흑발,단색,갈색,동물귀
303080,충돌,나치,https://wsrv.nl/?w=400&output=jpg&bg=white&url=https%3A%2F%2Fraw.githubusercontent.com%2FJforPlay%2Fdata_for_toy%2Fmain%2Foutput_expressions%2F303080%2Fpainting.png,없음,앉기·무릎꿇기,정면,없음,분홍,단색,보라,없음
303089,충돌,나치·改,https://wsrv.nl/?w=400&output=jpg&bg=white&url=https%3A%2F%2Fraw.githubusercontent.com%2FJforPlay%2Fdata_for_toy%2Fmain%2Foutput_expressions%2F303089%2Fpainting.png,없음,서기,정면,없음,금발,단색,보라,동물귀
303090,충돌,아시가라,https://wsrv.nl/?w=400&output=jpg&bg=white&url=https%3A%2F%2Fraw.githubusercontent.com%2FJforPlay%2Fdata_for_toy%2Fmain%2Foutput_expressions%2F303090%2Fpainting.png,없음,서기,정면,없음,흑발,단색,보라,없음
303091,충돌,막간 휴식,https://wsrv.nl/?w=400&output=jpg&bg=white&url=https%3A%2F%2Fraw.githubusercontent.com%2FJforPlay%2Fdata_for_toy%2Fmain%2Foutput_expressions%2F303091%2Fpainting.png,없음,앉기·무릎꿇기,정면,없음,보라,단색,보라,없음
303092,충돌,찬란한 여름,https://wsrv.nl/?w=400&output=jpg&bg=white&url=https%3A%2F%2Fraw.githubusercontent.com%2FJforPlay%2Fdata_for_toy%2Fmain%2Foutput_expressions%2F303092%2Fpainting.png,없음,앉기·무릎꿇기,정면,없음,청발,단색,적색,없음
303110,충돌,타카오,https://wsrv.nl/?w=400&output=jpg&bg=white&url=https%3A%2F%2Fraw.githubusercontent.com%2FJforPlay%2Fdata_for_toy%2Fmain%2Foutput_expressions%2F303110%2Fpainting.png,없음,서기,정면,없음,흑발,단색,갈색,없음
303112,충돌,모래사장의 랩소디,https://wsrv.nl/?w=400&output=jpg&bg=white&url=https%3A%2F%2Fraw.githubusercontent.com%2FJforPlay%2Fdata_for_toy%2Fmain%2Foutput_expressions%2F303112%2Fpainting.png,없음,앉기·무릎꿇기,정면,발바닥,흑발,단색,갈색,없음
303113,충돌,봄의 수련,https://wsrv.nl/?w=400&output=jpg&bg=white&url=https%3A%2F%2Fraw.githubusercontent.com%2FJforPlay%2Fdata_for_toy%2Fmain%2Foutput_expressions%2F303113%2Fpainting.png,없음,앉기·무릎꿇기,정면,발바닥,흑발,단색,금색,없음
303114,충돌,학교 로맨티카,https://wsrv.nl/?w=400&output=jpg&bg=white&url=https%3A%2F%2Fraw.githubusercontent.com%2FJforPlay%2Fdata_for_toy%2Fmain%2Foutput_expressions%2F303114%2Fpainting.png,없음,앉기·무릎꿇기,정면,없음,흑발,단색,금색,없음
303115,충돌,집중 최고조,https://wsrv.nl/?w=400&output=jpg&bg=white&url=https%3A%2F%2Fraw.githubusercontent.com%2FJforPlay%2Fdata_for_toy%2Fmain%2Foutput_expressions%2F303115%2Fpainting.png,없음,앉기·무릎꿇기,정면,없음,흑발,단색,적색,없음
303116,충돌,파마함술 -신호-,https://wsrv.nl/?w=400&output=jpg&bg=white&url=https%3A%2F%2Fraw.githubusercontent.com%2FJforPlay%2Fdata_for_toy%2Fmain%2Foutput_expressions%2F303116%2Fpainting.png,없음,서기,정면,없음,갈색,단색,금색,없음
303117,충돌,무인의 「심법」 소양,https://wsrv.nl/?w=400&output=jpg&bg=white&url=https%3A%2F%2Fraw.githubusercontent.com%2FJforPlay%2Fdata_for_toy%2Fmain%2Foutput_expressions%2F303117%2Fpainting.png,없음,서기,정면,없음,흑발,단색,갈색,없음
303118,충돌,신호의 풍화,https://wsrv.nl/?w=400&output=jpg&bg=white&url=https%3A%2F%2Fraw.githubusercontent.com%2FJforPlay%2Fdata_for_toy%2Fmain%2Foutput_expressions%2F303118%2Fpainting.png,없음,서기,정면,없음,흑발,단색,갈색,없음
303120,충돌,아타고,https://wsrv.nl/?w=400&output=jpg&bg=white&url=https%3A%2F%2Fraw.githubusercontent.com%2FJforPlay%2Fdata_for_toy%2Fmain%2Foutput_expressions%2F303120%2Fpainting.png,없음,앉기·무릎꿇기,정면,없음,흑발,단색,갈색,동물귀
303121,충돌,한여름의 행진곡,https://wsrv.nl/?w=400&output=jpg&bg=white&url=https%3A%2F%2Fraw.githubusercontent.com%2FJforPlay%2Fdata_for_toy%2Fmain%2Foutput_expressions%2F303121%2Fpainting.png,없음,서기,정면,없음,흑발,단색,금색,동물귀
303122,충돌,겨울의 풍물시,https://wsrv.nl/?w=400&output=jpg&bg=white&url=https%3A%2F%2Fraw.githubusercontent.com%2FJforPlay%2Fdata_for_toy%2Fmain%2Foutput_expressions%2F303122%2Fpainting.png,없음,서기,정면,없음,흑발,단색,금색,동물귀
303123,충돌,학교 트로이메라이,https://wsrv.nl/?w=400&output=jpg&bg=white&url=https%3A%2F%2Fraw.githubusercontent.com%2FJforPlay%2Fdata_for_toy%2Fmain%2Foutput_expressions%2F303123%2Fpainting.png,없음,앉기·무릎꿇기,후면,발바닥,흑발,단색,금색,동물귀
303124,충돌,최절정 속도,https://wsrv.nl/?w=400&output=jpg&bg=white&url=https%3A%2F%2Fraw.githubusercontent.com%2FJforPlay%2Fdata_for_toy%2Fmain%2Foutput_expressions%2F303124%2Fpainting.png,없음,엎드리기,정면,없음,흑발,단색,갈색,동물귀
303125,충돌,달밤의 늑대 누나,https://wsrv.nl/?w=400&output=jpg&bg=white&url=https%3A%2F%2Fraw.githubusercontent.com%2FJforPlay%2Fdata_for_toy%2Fmain%2Foutput_expressions%2F303125%2Fpainting.png,없음,서기,정면,없음,흑발,단색,금색,"동물귀, 꼬리"
303128,충돌,새하얀 약속,https://wsrv.nl/?w=400&output=jpg&bg=white&url=https%3A%2F%2Fraw.githubusercontent.com%2FJforPlay%2Fdata_for_toy%2Fmain%2Foutput_expressions%2F303128%2Fpainting.png,없음,앉기·무릎꿇기,정면,없음,흑발,단색,금색,동물귀
303140,충돌,초카이,https://wsrv.nl/?w=400&output=jpg&bg=white&url=https%3A%2F%2Fraw.githubusercontent.com%2FJforPlay%2Fdata_for_toy%2Fmain%2Foutput_expressions%2F303140%2Fpainting.png,없음,서기,정면,없음,흑발,단색,갈색,없음
303141,충돌,평온해지는 가게,https://wsrv.nl/?w=400&output=jpg&bg=white&url=https%3A%2F%2Fraw.githubusercontent.com%2FJforPlay%2Fdata_for_toy%2Fmain%2Foutput_expressions%2F303141%2Fpainting.png,없음,앉기·무릎꿇기,정면,발바닥,흑발,단색,금색,없음
303142,충돌,하드 시프,https://wsrv.nl/?w=400&output=jpg&bg=white&url=https%3A%2F%2Fraw.githubusercontent.com%2FJforPlay%2Fdata_for_toy%2Fmain%2Foutput_expressions%2F303142%2Fpainting.png,없음,서기,정면,겨드랑이,흑발,단색,금색,"동물귀, 꼬리"
303170,충돌,스즈야,https://wsrv.nl/?w=400&output=jpg&bg=white&url=https%3A%2F%2Fraw.githubusercontent.com%2FJforPlay%2Fdata_for_toy%2Fmain%2Foutput_expressions%2F303170%2Fpainting.png,없음,서기,정면,없음,흑발,단색,금색,뿔
303172,충돌,미드나이트 케어,https://wsrv.nl/?w=400&output=jpg&bg=white&url=https%3A%2F%2Fraw.githubusercontent.com%2FJforPlay%2Fdata_for_toy%2Fmain%2Foutput_expressions%2F303172%2Fpainting.png,없음,엎드리기,정면,없음,흑발,그라데이션,금색,없음
303180,충돌,쿠마노,https://wsrv.nl/?w=400&output=jpg&bg=white&url=https%3A%2F%2Fraw.githubusercontent.com%2FJforPlay%2Fdata_for_toy%2Fmain%2Foutput_expressions%2F303180%2Fpainting.png,없음,서기,정면,없음,금발,단색,보라,"뿔, 꼬리"
303181,충돌,Fancy Wave,https://wsrv.nl/?w=400&output=jpg&bg=white&url=https%3A%2F%2Fraw.githubusercontent.com%2FJforPlay%2Fdata_for_toy%2Fmain%2Foutput_expressions%2F303181%2Fpainting.png,없음,앉기·무릎꿇기,정면,겨드랑이,금발,단색,보라,없음
303182,충돌,격투☆조커 파티,https://wsrv.nl/?w=400&output=jpg&bg=white&url=https%3A%2F%2Fraw.githubusercontent.com%2FJforPlay%2Fdata_for_toy%2Fmain%2Foutput_expressions%2F303182%2Fpainting.png,없음,앉기·무릎꿇기,정면,발바닥,금발,단색,보라,없음
303183,충돌,천일야화의 소원,https://wsrv.nl/?w=400&output=jpg&bg=white&url=https%3A%2F%2Fraw.githubusercontent.com%2FJforPlay%2Fdata_for_toy%2Fmain%2Foutput_expressions%2F303183%2Fpainting.png,없음,앉기·무릎꿇기,정면,없음,금발,브릿지,보라,없음
303190,충돌,운젠,https://wsrv.nl/?w=400&output=jpg&bg=white&url=https%3A%2F%2Fraw.githubusercontent.com%2FJforPlay%2Fdata_for_toy%2Fmain%2Foutput_expressions%2F303190%2Fpainting.png,없음,서기,정면,없음,은발·백발,단색,보라,없음
303191,충돌,푸른 바다의 물놀이,https://wsrv.nl/?w=400&output=jpg&bg=white&url=https%3A%2F%2Fraw.githubusercontent.com%2FJforPlay%2Fdata_for_toy%2Fmain%2Foutput_expressions%2F303191%2Fpainting.png,없음,눕기,정면,겨드랑이,은발·백발,브릿지,보라,없음
303192,충돌,만선집회,https://wsrv.nl/?w=400&output=jpg&bg=white&url=https%3A%2F%2Fraw.githubusercontent.com%2FJforPlay%2Fdata_for_toy%2Fmain%2Foutput_expressions%2F303192%2Fpainting.png,없음,앉기·무릎꿇기,정면,없음,은발·백발,단색,보라,없음
303200,충돌,아사마,https://wsrv.nl/?w=400&output=jpg&bg=white&url=https%3A%2F%2Fraw.githubusercontent.com%2FJforPlay%2Fdata_for_toy%2Fmain%2Foutput_expressions%2F303200%2Fpainting.png,없음,서기,정면,없음,은발·백발,단색,은색·회색,없음
303201,충돌,요괴의 밤에 피어나,https://wsrv.nl/?w=400&output=jpg&bg=white&url=https%3A%2F%2Fraw.githubusercontent.com%2FJforPlay%2Fdata_for_toy%2Fmain%2Foutput_expressions%2F303201%2Fpainting.png,없음,눕기,정면,발바닥,흑발,단색,은색·회색,없음
304040,충돌,키리시마,https://wsrv.nl/?w=400&output=jpg&bg=white&url=https%3A%2F%2Fraw.githubusercontent.com%2FJforPlay%2Fdata_for_toy%2Fmain%2Foutput_expressions%2F304040%2Fpainting.png,없음,서기,정면,없음,보라,단색,보라,없음
304041,충돌,방과후의 포격 타임,https://wsrv.nl/?w=400&output=jpg&bg=white&url=https%3A%2F%2Fraw.githubusercontent.com%2FJforPlay%2Fdata_for_toy%2Fmain%2Foutput_expressions%2F304041%2Fpainting.png,안경,서기,정면,없음,보라,단색,보라,뿔
304042,충돌,여름의 대담한 시도,https://wsrv.nl/?w=400&output=jpg&bg=white&url=https%3A%2F%2Fraw.githubusercontent.com%2FJforPlay%2Fdata_for_toy%2Fmain%2Foutput_expressions%2F304042%2Fpainting.png,선글라스,서기,정면,없음,보라,단색,보라,없음
304043,충돌,제멋대로 반짝이는 별,https://wsrv.nl/?w=400&output=jpg&bg=white&url=https%3A%2F%2Fraw.githubusercontent.com%2FJforPlay%2Fdata_for_toy%2Fmain%2Foutput_expressions%2F304043%2Fpainting.png,없음,서기,정면,없음,보라,단색,보라,없음
304044,충돌,아치묵향,https://wsrv.nl/?w=400&output=jpg&bg=white&url=https%3A%2F%2Fraw.githubusercontent.com%2FJforPlay%2Fdata_for_toy%2Fmain%2Foutput_expressions%2F304044%2Fpainting.png,없음,눕기,정면,발바닥,보라,단색,보라,없음
304050,충돌,아마기,https://wsrv.nl/?w=400&output=jpg&bg=white&url=https%3A%2F%2Fraw.githubusercontent.com%2FJforPlay%2Fdata_for_toy%2Fmain%2Foutput_expressions%2F304050%2Fpainting.png,없음,서기,정면,없음,갈색,그라데이션,보라,"동물귀, 꼬리"
304051,충돌,주수정연,https://wsrv.nl/?w=400&output=jpg&bg=white&url=https%3A%2F%2Fraw.githubusercontent.com%2FJforPlay%2Fdata_for_toy%2Fmain%2Foutput_expressions%2F304051%2Fpainting.png,없음,앉기·무릎꿇기,정면,없음,흑발,그라데이션,보라,"동물귀, 꼬리"
304052,충돌,붉은 솔개의 휴식,https://wsrv.nl/?w=400&output=jpg&bg=white&url=https%3A%2F%2Fraw.githubusercontent.com%2FJforPlay%2Fdata_for_toy%2Fmain%2Foutput_expressions%2F304052%2Fpainting.png,없음,눕기,정면,없음,갈색,단색,보라,"동물귀, 꼬리"
305010,충돌,후소,https://wsrv.nl/?w=400&output=jpg&bg=white&url=https%3A%2F%2Fraw.githubusercontent.com%2FJforPlay%2Fdata_for_toy%2Fmain%2Foutput_expressions%2F305010%2Fpainting.png,없음,앉기·무릎꿇기,정면,없음,흑발,단색,청색,동물귀
305011,충돌,봄의 축복,https://wsrv.nl/?w=400&output=jpg&bg=white&url=https%3A%2F%2Fraw.githubusercontent.com%2FJforPlay%2Fdata_for_toy%2Fmain%2Foutput_expressions%2F305011%2Fpainting.png,없음,서기,정면,없음,흑발,단색,청색,동물귀
305012,충돌,폭신폭신 내조,https://wsrv.nl/?w=400&output=jpg&bg=white&url=https%3A%2F%2Fraw.githubusercontent.com%2FJforPlay%2Fdata_for_toy%2Fmain%2Foutput_expressions%2F305012%2Fpainting.png,없음,앉기·무릎꿇기,정면,발바닥,흑발,그라데이션,청색,동물귀
305018,충돌,그대 색깔로 물들어,https://wsrv.nl/?w=400&output=jpg&bg=white&url=https%3A%2F%2Fraw.githubusercontent.com%2FJforPlay%2Fdata_for_toy%2Fmain%2Foutput_expressions%2F305018%2Fpainting.png,없음,서기,정면,없음,흑발,단색,청색,"동물귀, 꼬리"
305019,충돌,후소·改,https://wsrv.nl/?w=400&output=jpg&bg=white&url=https%3A%2F%2Fraw.githubusercontent.com%2FJforPlay%2Fdata_for_toy%2Fmain%2Foutput_expressions%2F305019%2Fpainting.png,없음,서기,정면,겨드랑이,흑발,단색,보라,동물귀
305020,충돌,야마시로,https://wsrv.nl/?w=400&output=jpg&bg=white&url=https%3A%2F%2Fraw.githubusercontent.com%2FJforPlay%2Fdata_for_toy%2Fmain%2Foutput_expressions%2F305020%2Fpainting.png,없음,서기,정면,없음,흑발,단색,보라,동물귀
305021,충돌,여름의 대작전?,https://wsrv.nl/?w=400&output=jpg&bg=white&url=https%3A%2F%2Fraw.githubusercontent.com%2FJforPlay%2Fdata_for_toy%2Fmain%2Foutput_expressions%2F305021%2Fpainting.png,없음,서기,정면,겨드랑이,흑발,단색,보라,"동물귀, 꼬리"
305022,충돌,성야의 대작전(?),https://wsrv.nl/?w=400&output=jpg&bg=white&url=https%3A%2F%2Fraw.githubusercontent.com%2FJforPlay%2Fdata_for_toy%2Fmain%2Foutput_expressions%2F305022%2Fpainting.png,없음,앉기·무릎꿇기,정면,발바닥,흑발,단색,적색,없음
305023,충돌,연회복을 입은 검은고양이,https://wsrv.nl/?w=400&output=jpg&bg=white&url=https%3A%2F%2Fraw.githubusercontent.com%2FJforPlay%2Fdata_for_toy%2Fmain%2Foutput_expressions%2F305023%2Fpainting.png,없음,서기,정면,없음,흑발,단색,적색,"동물귀, 꼬리"
305025,충돌,휴일의 공세!,https://wsrv.nl/?w=400&output=jpg&bg=white&url=https%3A%2F%2Fraw.githubusercontent.com%2FJforPlay%2Fdata_for_toy%2Fmain%2Foutput_expressions%2F305025%2Fpainting.png,없음,서기,정면,발바닥,흑발,단색,적색,"동물귀, 꼬리"
305026,충돌,모퉁이 공세！,https://wsrv.nl/?w=400&output=jpg&bg=white&url=https%3A%2F%2Fraw.githubusercontent.com%2FJforPlay%2Fdata_for_toy%2Fmain%2Foutput_expressions%2F305026%2Fpainting.png,없음,서기,정면,없음,흑발,단색,적색,"동물귀, 꼬리"
305028,충돌,백무구 대작전?!,https://wsrv.nl/?w=400&output=jpg&bg=white&url=https%3A%2F%2Fraw.githubusercontent.com%2FJforPlay%2Fdata_for_toy%2Fmain%2Foutput_expressions%2F305028%2Fpainting.png,없음,서기,정면,없음,흑발,단색,적색,없음
305029,충돌,야마시로·改,https://wsrv.nl/?w=400&output=jpg&bg=white&url=https%3A%2F%2Fraw.githubusercontent.com%2FJforPlay%2Fdata_for_toy%2Fmain%2Foutput_expressions%2F305029%2Fpainting.png,없음,앉기·무릎꿇기,정면,발바닥,흑발,단색,적색,동물귀
305030,충돌,이세,https://wsrv.nl/?w=400&output=jpg&bg=white&url=https%3A%2F%2Fraw.githubusercontent.com%2FJforPlay%2Fdata_for_toy%2Fmain%2Foutput_expressions%2F305030%2Fpainting.png,없음,서기,정면,없음,적발,단색,금색,"동물귀, 꼬리"
305039,충돌,이세·改,https://wsrv.nl/?w=400&output=jpg&bg=white&url=https%3A%2F%2Fraw.githubusercontent.com%2FJforPlay%2Fdata_for_toy%2Fmain%2Foutput_expressions%2F305039%2Fpainting.png,없음,서기,정면,없음,적발,단색,적색,"동물귀, 꼬리"
305040,충돌,휴가,https://wsrv.nl/?w=400&output=jpg&bg=white&url=https%3A%2F%2Fraw.githubusercontent.com%2FJforPlay%2Fdata_for_toy%2Fmain%2Foutput_expressions%2F305040%2Fpainting.png,없음,서기,정면,겨드랑이,은발·백발,단색,금색,꼬리
305049,충돌,휴가·改,https://wsrv.nl/?w=400&output=jpg&bg=white&url=https%3A%2F%2Fraw.githubusercontent.com%2FJforPlay%2Fdata_for_toy%2Fmain%2Foutput_expressions%2F305049%2Fpainting.png,없음,앉기·무릎꿇기,정면,없음,은발·백발,단색,적색,"동물귀, 꼬리"
305050,충돌,나가토,https://wsrv.nl/?w=400&output=jpg&bg=white&url=https%3A%2F%2Fraw.githubusercontent.com%2FJforPlay%2Fdata_for_toy%2Fmain%2Foutput_expressions%2F305050%2Fpainting.png,없음,서기,정면,없음,흑발,단색,금색,없음
305051,충돌,여우의 휴식,https://wsrv.nl/?w=400&output=jpg&bg=white&url=https%3A%2F%2Fraw.githubusercontent.com%2FJforPlay%2Fdata_for_toy%2Fmain%2Foutput_expressions%2F305051%2Fpainting.png,없음,앉기·무릎꿇기,정면,발바닥,흑발,단색,금색,"동물귀, 꼬리"
305052,충돌,여우의 빛나는 후리소데,https://wsrv.nl/?w=400&output=jpg&bg=white&url=https%3A%2F%2Fraw.githubusercontent.com%2FJforPlay%2Fdata_for_toy%2Fmain%2Foutput_expressions%2F305052%2Fpainting.png,없음,엎드리기,정면,발바닥,흑발,단색,금색,"동물귀, 꼬리"
305053,충돌,여우의 여가 시간,https://wsrv.nl/?w=400&output=jpg&bg=white&url=https%3A%2F%2Fraw.githubusercontent.com%2FJforPlay%2Fdata_for_toy%2Fmain%2Foutput_expressions%2F305053%2Fpainting.png,없음,앉기·무릎꿇기,정면,없음,흑발,단색,금색,"동물귀, 꼬리"
305054,충돌,여우의 연회복,https://wsrv.nl/?w=400&output=jpg&bg=white&url=https%3A%2F%2Fraw.githubusercontent.com%2FJforPlay%2Fdata_for_toy%2Fmain%2Foutput_expressions%2F305054%2Fpainting.png,없음,앉기·무릎꿇기,정면,발바닥,흑발,브릿지,금색,동물귀
305055,충돌,여우의 결연,https://wsrv.nl/?w=400&output=jpg&bg=white&url=https%3A%2F%2Fraw.githubusercontent.com%2FJforPlay%2Fdata_for_toy%2Fmain%2Foutput_expressions%2F305055%2Fpainting.png,없음,앉기·무릎꿇기,정면,겨드랑이,흑발,단색,금색,동물귀
305058,충돌,여우의 백장속,https://wsrv.nl/?w=400&output=jpg&bg=white&url=https%3A%2F%2Fraw.githubusercontent.com%2FJforPlay%2Fdata_for_toy%2Fmain%2Foutput_expressions%2F305058%2Fpainting.png,없음,앉기·무릎꿇기,정면,없음,흑발,단색,금색,동물귀
305060,충돌,무츠,https://wsrv.nl/?w=400&output=jpg&bg=white&url=https%3A%2F%2Fraw.githubusercontent.com%2FJforPlay%2Fdata_for_toy%2Fmain%2Foutput_expressions%2F305060%2Fpainting.png,없음,서기,정면,겨드랑이,흑발,단색,금색,동물귀
305061,충돌,전국 풍운의 소녀,https://wsrv.nl/?w=400&output=jpg&bg=white&url=https%3A%2F%2Fraw.githubusercontent.com%2FJforPlay%2Fdata_for_toy%2Fmain%2Foutput_expressions%2F305061%2Fpainting.png,없음,서기,정면,없음,흑발,단색,금색,동물귀
305062,충돌,실수의 본보기?,https://wsrv.nl/?w=400&output=jpg&bg=white&url=https%3A%2F%2Fraw.githubusercontent.com%2FJforPlay%2Fdata_for_toy%2Fmain%2Foutput_expressions%2F305062%2Fpainting.png,없음,엎드리기,정면,발바닥,흑발,단색,금색,"동물귀, 꼬리"
305080,충돌,토사,https://wsrv.nl/?w=400&output=jpg&bg=white&url=https%3A%2F%2Fraw.githubusercontent.com%2FJforPlay%2Fdata_for_toy%2Fmain%2Foutput_expressions%2F305080%2Fpainting.png,없음,서기,정면,없음,은발·백발,단색,보라,꼬리
305081,충돌,나루코 코나츠,https://wsrv.nl/?w=400&output=jpg&bg=white&url=https%3A%2F%2Fraw.githubusercontent.com%2FJforPlay%2Fdata_for_toy%2Fmain%2Foutput_expressions%2F305081%2Fpainting.png,선글라스,앉기·무릎꿇기,정면,겨드랑이,은발·백발,그라데이션,보라,없음
305082,충돌,물결 위에 핀 남색 꽃,https://wsrv.nl/?w=400&output=jpg&bg=white&url=https%3A%2F%2Fraw.githubusercontent.com%2FJforPlay%2Fdata_for_toy%2Fmain%2Foutput_expressions%2F305082%2Fpainting.png,없음,서기,후면,없음,은발·백발,단색,갈색,뿔
305100,충돌,무사시,https://wsrv.nl/?w=400&output=jpg&bg=white&url=https%3A%2F%2Fraw.githubusercontent.com%2FJforPlay%2Fdata_for_toy%2Fmain%2Foutput_expressions%2F305100%2Fpainting.png,없음,서기,정면,없음,보라,단색,보라,없음
305101,충돌,보랏빛 달그림자,https://wsrv.nl/?w=400&output=jpg&bg=white&url=https%3A%2F%2Fraw.githubusercontent.com%2FJforPlay%2Fdata_for_toy%2Fmain%2Foutput_expressions%2F305101%2Fpainting.png,없음,눕기,정면,없음,흑발,브릿지,금색,없음
305102,충돌,자색 토끼의 스나이핑 게임,https://wsrv.nl/?w=400&output=jpg&bg=white&url=https%3A%2F%2Fraw.githubusercontent.com%2FJforPlay%2Fdata_for_toy%2Fmain%2Foutput_expressions%2F305102%2Fpainting.png,없음,앉기·무릎꿇기,정면,없음,흑발,브릿지,금색,"꼬리, 동물귀"
305108,충돌,등나무 꽃의 무결한 마음,https://wsrv.nl/?w=400&output=jpg&bg=white&url=https%3A%2F%2Fraw.githubusercontent.com%2FJforPlay%2Fdata_for_toy%2Fmain%2Foutput_expressions%2F305108%2Fpainting.png,없음,서기,후면,없음,흑발,단색,금색,"동물귀, 꼬리"
305110,충돌,미카사,https://wsrv.nl/?w=400&output=jpg&bg=white&url=https%3A%2F%2Fraw.githubusercontent.com%2FJforPlay%2Fdata_for_toy%2Fmain%2Foutput_expressions%2F305110%2Fpainting.png,없음,서기,정면,없음,흑발,단색,금색,없음
305111,충돌,벚꽃 도시의 바람,https://wsrv.nl/?w=400&output=jpg&bg=white&url=https%3A%2F%2Fraw.githubusercontent.com%2FJforPlay%2Fdata_for_toy%2Fmain%2Foutput_expressions%2F305111%2Fpainting.png,없음,서기,정면,없음,흑발,단색,금색,없음
305112,충돌,벚꽃놀이 가기 좋은 날,https://wsrv.nl/?w=400&output=jpg&bg=white&url=https%3A%2F%2Fraw.githubusercontent.com%2FJforPlay%2Fdata_for_toy%2Fmain%2Foutput_expressions%2F305112%2Fpainting.png,없음,서기,정면,없음,흑발,단색,금색,없음
305113,충돌,정신수양의 휴일,https://wsrv.nl/?w=400&output=jpg&bg=white&url=https%3A%2F%2Fraw.githubusercontent.com%2FJforPlay%2Fdata_for_toy%2Fmain%2Foutput_expressions%2F305113%2Fpainting.png,없음,앉기·무릎꿇기,정면,없음,흑발,단색,금색,없음
305114,충돌,대선배는 대접 중,https://wsrv.nl/?w=400&output=jpg&bg=white&url=https%3A%2F%2Fraw.githubusercontent.com%2FJforPlay%2Fdata_for_toy%2Fmain%2Foutput_expressions%2F305114%2Fpainting.png,없음,서기,정면,없음,흑발,단색,금색,없음
305115,충돌,쪽빛 미녀,https://wsrv.nl/?w=400&output=jpg&bg=white&url=https%3A%2F%2Fraw.githubusercontent.com%2FJforPlay%2Fdata_for_toy%2Fmain%2Foutput_expressions%2F305115%2Fpainting.png,없음,서기,후면,없음,갈색,단색,금색,없음
305118,충돌,무구함상,https://wsrv.nl/?w=400&output=jpg&bg=white&url=https%3A%2F%2Fraw.githubusercontent.com%2FJforPlay%2Fdata_for_toy%2Fmain%2Foutput_expressions%2F305118%2Fpainting.png,없음,서기,정면,없음,흑발,단색,금색,없음
305120,충돌,키이,https://wsrv.nl/?w=400&output=jpg&bg=white&url=https%3A%2F%2Fraw.githubusercontent.com%2FJforPlay%2Fdata_for_toy%2Fmain%2Foutput_expressions%2F305120%2Fpainting.png,없음,서기,후면,없음,흑발,그라데이션,청색,없음
305121,충돌,물가의 유혹,https://wsrv.nl/?w=400&output=jpg&bg=white&url=https%3A%2F%2Fraw.githubusercontent.com%2FJforPlay%2Fdata_for_toy%2Fmain%2Foutput_expressions%2F305121%2Fpainting.png,없음,앉기·무릎꿇기,정면,겨드랑이,흑발,단색,청색,동물귀
305130,충돌,오와리,https://wsrv.nl/?w=400&output=jpg&bg=white&url=https%3A%2F%2Fraw.githubusercontent.com%2FJforPlay%2Fdata_for_toy%2Fmain%2Foutput_expressions%2F305130%2Fpainting.png,없음,서기,정면,없음,금발,단색,금색,없음
305131,충돌,샤이니 플라워,https://wsrv.nl/?w=400&output=jpg&bg=white&url=https%3A%2F%2Fraw.githubusercontent.com%2FJforPlay%2Fdata_for_toy%2Fmain%2Foutput_expressions%2F305131%2Fpainting.png,없음,앉기·무릎꿇기,후면,없음,은발·백발,단색,금색,뿔
305132,충돌,나의 소원은 사랑,https://wsrv.nl/?w=400&output=jpg&bg=white&url=https%3A%2F%2Fraw.githubusercontent.com%2FJforPlay%2Fdata_for_toy%2Fmain%2Foutput_expressions%2F305132%2Fpainting.png,없음,앉기·무릎꿇기,정면,없음,은발·백발,단색,금색,뿔
305140,충돌,스루가,https://wsrv.nl/?w=400&output=jpg&bg=white&url=https%3A%2F%2Fraw.githubusercontent.com%2FJforPlay%2Fdata_for_toy%2Fmain%2Foutput_expressions%2F305140%2Fpainting.png,없음,서기,정면,없음,흑발,그라데이션,보라,없음
305141,충돌,백화경운,https://wsrv.nl/?w=400&output=jpg&bg=white&url=https%3A%2F%2Fraw.githubusercontent.com%2FJforPlay%2Fdata_for_toy%2Fmain%2Foutput_expressions%2F305141%2Fpainting.png,없음,앉기·무릎꿇기,정면,없음,흑발,단색,보라,뿔
305142,충돌,우연히 마주친 우등생,https://wsrv.nl/?w=400&output=jpg&bg=white&url=https%3A%2F%2Fraw.githubusercontent.com%2FJforPlay%2Fdata_for_toy%2Fmain%2Foutput_expressions%2F305142%2Fpainting.png,안경,서기,정면,없음,보라,그라데이션,보라,동물귀
305143,충돌,"""달갑지 않은"" 성야제",https://wsrv.nl/?w=400&output=jpg&bg=white&url=https%3A%2F%2Fraw.githubusercontent.com%2FJforPlay%2Fdata_for_toy%2Fmain%2Foutput_expressions%2F305143%2Fpainting.png,없음,서기,정면,없음,흑발,그라데이션,보라,없음
305160,충돌,오미,https://wsrv.nl/?w=400&output=jpg&bg=white&url=https%3A%2F%2Fraw.githubusercontent.com%2FJforPlay%2Fdata_for_toy%2Fmain%2Foutput_expressions%2F305160%2Fpainting.png,없음,앉기·무릎꿇기,정면,없음,흑발,단색,적색,"동물귀, 꼬리"
305161,충돌,탈출 실패…?,https://wsrv.nl/?w=400&output=jpg&bg=white&url=https%3A%2F%2Fraw.githubusercontent.com%2FJforPlay%2Fdata_for_toy%2Fmain%2Foutput_expressions%2F305161%2Fpainting.png,없음,엎드리기,후면,발바닥,흑발,단색,적색,없음
306040,충돌,즈이호,https://wsrv.nl/?w=400&output=jpg&bg=white&url=https%3A%2F%2Fraw.githubusercontent.com%2FJforPlay%2Fdata_for_toy%2Fmain%2Foutput_expressions%2F306040%2Fpainting.png,없음,서기,정면,없음,흑발,단색,갈색,없음
306041,충돌,작은 새와 행복의 풍선,https://wsrv.nl/?w=400&output=jpg&bg=white&url=https%3A%2F%2Fraw.githubusercontent.com%2FJforPlay%2Fdata_for_toy%2Fmain%2Foutput_expressions%2F306041%2Fpainting.png,없음,서기,후면,없음,갈색,단색,갈색,없음
306060,충돌,류조,https://wsrv.nl/?w=400&output=jpg&bg=white&url=https%3A%2F%2Fraw.githubusercontent.com%2FJforPlay%2Fdata_for_toy%2Fmain%2Foutput_expressions%2F306060%2Fpainting.png,없음,서기,정면,겨드랑이,분홍,단색,녹색,"동물귀, 꼬리"
306061,충돌,건어물 무사?,https://wsrv.nl/?w=400&output=jpg&bg=white&url=https%3A%2F%2Fraw.githubusercontent.com%2FJforPlay%2Fdata_for_toy%2Fmain%2Foutput_expressions%2F306061%2Fpainting.png,없음,앉기·무릎꿇기,정면,발바닥,분홍,단색,녹색,없음
306062,충돌,방과후 사냥 시간,https://wsrv.nl/?w=400&output=jpg&bg=white&url=https%3A%2F%2Fraw.githubusercontent.com%2FJforPlay%2Fdata_for_toy%2Fmain%2Foutput_expressions%2F306062%2Fpainting.png,없음,앉기·무릎꿇기,정면,없음,분홍,단색,녹색,뿔
306063,충돌,강룡 슬라이더!,https://wsrv.nl/?w=400&output=jpg&bg=white&url=https%3A%2F%2Fraw.githubusercontent.com%2FJforPlay%2Fdata_for_toy%2Fmain%2Foutput_expressions%2F306063%2Fpainting.png,없음,앉기·무릎꿇기,정면,없음,분홍,단색,녹색,꼬리
306070,충돌,류호,https://wsrv.nl/?w=400&output=jpg&bg=white&url=https%3A%2F%2Fraw.githubusercontent.com%2FJforPlay%2Fdata_for_toy%2Fmain%2Foutput_expressions%2F306070%2Fpainting.png,없음,서기,정면,없음,흑발,단색,보라,없음
306071,충돌,봉황이 춤추는 정월,https://wsrv.nl/?w=400&output=jpg&bg=white&url=https%3A%2F%2Fraw.githubusercontent.com%2FJforPlay%2Fdata_for_toy%2Fmain%2Foutput_expressions%2F306071%2Fpainting.png,없음,앉기·무릎꿇기,정면,없음,흑발,단색,보라,동물귀
306080,충돌,치토세,https://wsrv.nl/?w=400&output=jpg&bg=white&url=https%3A%2F%2Fraw.githubusercontent.com%2FJforPlay%2Fdata_for_toy%2Fmain%2Foutput_expressions%2F306080%2Fpainting.png,없음,앉기·무릎꿇기,정면,없음,적발,단색,보라,없음
306081,충돌,여름 햇살이 비치는 날,https://wsrv.nl/?w=400&output=jpg&bg=white&url=https%3A%2F%2Fraw.githubusercontent.com%2FJforPlay%2Fdata_for_toy%2Fmain%2Foutput_expressions%2F306081%2Fpainting.png,없음,서기,후면,없음,적발,단색,보라,없음
306082,충돌,수묵여색,https://wsrv.nl/?w=400&output=jpg&bg=white&url=https%3A%2F%2Fraw.githubusercontent.com%2FJforPlay%2Fdata_for_toy%2Fmain%2Foutput_expressions%2F306082%2Fpainting.png,없음,앉기·무릎꿇기,후면,없음,분홍,단색,보라,없음
306083,충돌,연꽃못의 찻향,https://wsrv.nl/?w=400&output=jpg&bg=white&url=https%3A%2F%2Fraw.githubusercontent.com%2FJforPlay%2Fdata_for_toy%2Fmain%2Foutput_expressions%2F306083%2Fpainting.png,없음,눕기,정면,발바닥,적발,단색,금색,동물귀
306090,충돌,치요다,https://wsrv.nl/?w=400&output=jpg&bg=white&url=https%3A%2F%2Fraw.githubusercontent.com%2FJforPlay%2Fdata_for_toy%2Fmain%2Foutput_expressions%2F306090%2Fpainting.png,없음,서기,정면,없음,적발,단색,보라,동물귀
306091,충돌,푸른 파도가 찬란한 날,https://wsrv.nl/?w=400&output=jpg&bg=white&url=https%3A%2F%2Fraw.githubusercontent.com%2FJforPlay%2Fdata_for_toy%2Fmain%2Foutput_expressions%2F306091%2Fpainting.png,없음,앉기·무릎꿇기,정면,발바닥,적발,단색,보라,동물귀
306092,충돌,연못가의 주향,https://wsrv.nl/?w=400&output=jpg&bg=white&url=https%3A%2F%2Fraw.githubusercontent.com%2FJforPlay%2Fdata_for_toy%2Fmain%2Foutput_expressions%2F306092%2Fpainting.png,없음,눕기,정면,없음,적발,그라데이션,갈색,동물귀
307010,충돌,아카기,https://wsrv.nl/?w=400&output=jpg&bg=white&url=https%3A%2F%2Fraw.githubusercontent.com%2FJforPlay%2Fdata_for_toy%2Fmain%2Foutput_expressions%2F307010%2Fpainting.png,없음,서기,정면,없음,흑발,단색,적색,"동물귀, 꼬리"
307011,충돌,낙원의 피안화,https://wsrv.nl/?w=400&output=jpg&bg=white&url=https%3A%2F%2Fraw.githubusercontent.com%2FJforPlay%2Fdata_for_toy%2Fmain%2Foutput_expressions%2F307011%2Fpainting.png,없음,앉기·무릎꿇기,정면,발바닥,갈색,단색,적색,"동물귀, 꼬리"
307012,충돌,매화와 꽃,https://wsrv.nl/?w=400&output=jpg&bg=white&url=https%3A%2F%2Fraw.githubusercontent.com%2FJforPlay%2Fdata_for_toy%2Fmain%2Foutput_expressions%2F307012%2Fpainting.png,없음,서기,정면,없음,갈색,단색,적색,"동물귀, 꼬리"
307013,충돌,주연여훈,https://wsrv.nl/?w=400&output=jpg&bg=white&url=https%3A%2F%2Fraw.githubusercontent.com%2FJforPlay%2Fdata_for_toy%2Fmain%2Foutput_expressions%2F307013%2Fpainting.png,없음,서기,정면,없음,갈색,단색,적색,"동물귀, 꼬리"
307014,충돌,조황내의,https://wsrv.nl/?w=400&output=jpg&bg=white&url=https%3A%2F%2Fraw.githubusercontent.com%2FJforPlay%2Fdata_for_toy%2Fmain%2Foutput_expressions%2F307014%2Fpainting.png,없음,앉기·무릎꿇기,정면,없음,갈색,단색,금색,"동물귀, 꼬리"
307015,충돌,달콤한 길가,https://wsrv.nl/?w=400&output=jpg&bg=white&url=https%3A%2F%2Fraw.githubusercontent.com%2FJforPlay%2Fdata_for_toy%2Fmain%2Foutput_expressions%2F307015%2Fpainting.png,없음,앉기·무릎꿇기,정면,없음,갈색,단색,적색,"동물귀, 꼬리"
307018,충돌,진홍 양귀비,https://wsrv.nl/?w=400&output=jpg&bg=white&url=https%3A%2F%2Fraw.githubusercontent.com%2FJforPlay%2Fdata_for_toy%2Fmain%2Foutput_expressions%2F307018%2Fpainting.png,없음,서기,정면,없음,흑발,단색,적색,"동물귀, 꼬리, 후광"
307020,충돌,카가,https://wsrv.nl/?w=400&output=jpg&bg=white&url=https%3A%2F%2Fraw.githubusercontent.com%2FJforPlay%2Fdata_for_toy%2Fmain%2Foutput_expressions%2F307020%2Fpainting.png,없음,서기,정면,발바닥,은발·백발,단색,청색,"동물귀, 꼬리"
307021,충돌,여름날의 살생석,https://wsrv.nl/?w=400&output=jpg&bg=white&url=https%3A%2F%2Fraw.githubusercontent.com%2FJforPlay%2Fdata_for_toy%2Fmain%2Foutput_expressions%2F307021%2Fpainting.png,없음,앉기·무릎꿇기,정면,없음,은발·백발,단색,청색,"동물귀, 꼬리"
307022,충돌,백호하정,https://wsrv.nl/?w=400&output=jpg&bg=white&url=https%3A%2F%2Fraw.githubusercontent.com%2FJforPlay%2Fdata_for_toy%2Fmain%2Foutput_expressions%2F307022%2Fpainting.png,없음,서기,정면,없음,은발·백발,단색,청색,"동물귀, 꼬리"
307023,충돌,백우풍화,https://wsrv.nl/?w=400&output=jpg&bg=white&url=https%3A%2F%2Fraw.githubusercontent.com%2FJforPlay%2Fdata_for_toy%2Fmain%2Foutput_expressions%2F307023%2Fpainting.png,없음,앉기·무릎꿇기,정면,없음,은발·백발,단색,청색,"동물귀, 꼬리, 날개"
307024,충돌,고요한 벚꽃의 숨,https://wsrv.nl/?w=400&output=jpg&bg=white&url=https%3A%2F%2Fraw.githubusercontent.com%2FJforPlay%2Fdata_for_toy%2Fmain%2Foutput_expressions%2F307024%2Fpainting.png,없음,앉기·무릎꿇기,정면,없음,은발·백발,단색,청색,"동물귀, 꼬리"
307025,충돌,난상영집,https://wsrv.nl/?w=400&output=jpg&bg=white&url=https%3A%2F%2Fraw.githubusercontent.com%2FJforPlay%2Fdata_for_toy%2Fmain%2Foutput_expressions%2F307025%2Fpainting.png,없음,앉기·무릎꿇기,정면,없음,은발·백발,단색,청색,"동물귀, 꼬리"
307026,충돌,하얀 비단의 여우의 춤,https://wsrv.nl/?w=400&output=jpg&bg=white&url=https%3A%2F%2Fraw.githubusercontent.com%2FJforPlay%2Fdata_for_toy%2Fmain%2Foutput_expressions%2F307026%2Fpainting.png,없음,서기,정면,발바닥,은발·백발,단색,청색,"동물귀, 꼬리"
307028,충돌,월청 군자란,https://wsrv.nl/?w=400&output=jpg&bg=white&url=https%3A%2F%2Fraw.githubusercontent.com%2FJforPlay%2Fdata_for_toy%2Fmain%2Foutput_expressions%2F307028%2Fpainting.png,없음,서기,정면,없음,은발·백발,단색,청색,"동물귀, 꼬리"
307030,충돌,소류,https://wsrv.nl/?w=400&output=jpg&bg=white&url=https%3A%2F%2Fraw.githubusercontent.com%2FJforPlay%2Fdata_for_toy%2Fmain%2Foutput_expressions%2F307030%2Fpainting.png,안경,서기,정면,없음,흑발,단색,청색,동물귀
307031,충돌,소나무에 앉은 학,https://wsrv.nl/?w=400&output=jpg&bg=white&url=https%3A%2F%2Fraw.githubusercontent.com%2FJforPlay%2Fdata_for_toy%2Fmain%2Foutput_expressions%2F307031%2Fpainting.png,안경,서기,정면,없음,흑발,단색,청색,없음
307032,충돌,복도의 선도부장,https://wsrv.nl/?w=400&output=jpg&bg=white&url=https%3A%2F%2Fraw.githubusercontent.com%2FJforPlay%2Fdata_for_toy%2Fmain%2Foutput_expressions%2F307032%2Fpainting.png,안경,서기,정면,없음,흑발,단색,청색,동물귀
307039,충돌,소류·改,https://wsrv.nl/?w=400&output=jpg&bg=white&url=https%3A%2F%2Fraw.githubusercontent.com%2FJforPlay%2Fdata_for_toy%2Fmain%2Foutput_expressions%2F307039%2Fpainting.png,안경,앉기·무릎꿇기,정면,없음,흑발,단색,청색,없음
307050,충돌,쇼카쿠,https://wsrv.nl/?w=400&output=jpg&bg=white&url=https%3A%2F%2Fraw.githubusercontent.com%2FJforPlay%2Fdata_for_toy%2Fmain%2Foutput_expressions%2F307050%2Fpainting.png,없음,앉기·무릎꿇기,정면,없음,은발·백발,단색,청색,없음
307051,충돌,바람에 춤추는 학,https://wsrv.nl/?w=400&output=jpg&bg=white&url=https%3A%2F%2Fraw.githubusercontent.com%2FJforPlay%2Fdata_for_toy%2Fmain%2Foutput_expressions%2F307051%2Fpainting.png,없음,서기,후면,없음,은발·백발,그라데이션,청색,없음
307052,충돌,신속의 학,https://wsrv.nl/?w=400&output=jpg&bg=white&url=https%3A%2F%2Fraw.githubusercontent.com%2FJforPlay%2Fdata_for_toy%2Fmain%2Foutput_expressions%2F307052%2Fpainting.png,없음,눕기,정면,없음,은발·백발,단색,청색,없음
307058,충돌,백련의 학,https://wsrv.nl/?w=400&output=jpg&bg=white&url=https%3A%2F%2Fraw.githubusercontent.com%2FJforPlay%2Fdata_for_toy%2Fmain%2Foutput_expressions%2F307058%2Fpainting.png,없음,앉기·무릎꿇기,정면,없음,은발·백발,단색,청색,없음
307060,충돌,즈이카쿠,https://wsrv.nl/?w=400&output=jpg&bg=white&url=https%3A%2F%2Fraw.githubusercontent.com%2FJforPlay%2Fdata_for_toy%2Fmain%2Foutput_expressions%2F307060%2Fpainting.png,없음,서기,후면,없음,갈색,그라데이션,금색,없음
307061,충돌,제화의 학,https://wsrv.nl/?w=400&output=jpg&bg=white&url=https%3A%2F%2Fraw.githubusercontent.com%2FJforPlay%2Fdata_for_toy%2Fmain%2Foutput_expressions%2F307061%2Fpainting.png,없음,서기,정면,겨드랑이,갈색,단색,금색,없음
307062,충돌,광속의 학,https://wsrv.nl/?w=400&output=jpg&bg=white&url=https%3A%2F%2Fraw.githubusercontent.com%2FJforPlay%2Fdata_for_toy%2Fmain%2Foutput_expressions%2F307062%2Fpainting.png,없음,눕기,정면,발바닥,갈색,단색,금색,없음
307063,충돌,전속력으로 질주,https://wsrv.nl/?w=400&output=jpg&bg=white&url=https%3A%2F%2Fraw.githubusercontent.com%2FJforPlay%2Fdata_for_toy%2Fmain%2Foutput_expressions%2F307063%2Fpainting.png,없음,서기,정면,겨드랑이,흑발,브릿지,금색,없음
307080,충돌,시나노 ,https://wsrv.nl/?w=400&output=jpg&bg=white&url=https%3A%2F%2Fraw.githubusercontent.com%2FJforPlay%2Fdata_for_toy%2Fmain%2Foutput_expressions%2F307080%2Fpainting.png,없음,서기,정면,없음,은발·백발,단색,보라,"동물귀, 꼬리"
307081,충돌,명월십야,https://wsrv.nl/?w=400&output=jpg&bg=white&url=https%3A%2F%2Fraw.githubusercontent.com%2FJforPlay%2Fdata_for_toy%2Fmain%2Foutput_expressions%2F307081%2Fpainting.png,없음,앉기·무릎꿇기,정면,없음,은발·백발,단색,청색,"동물귀, 꼬리"
307082,충돌,잠든 기다림의 은가마,https://wsrv.nl/?w=400&output=jpg&bg=white&url=https%3A%2F%2Fraw.githubusercontent.com%2FJforPlay%2Fdata_for_toy%2Fmain%2Foutput_expressions%2F307082%2Fpainting.png,없음,엎드리기,정면,발바닥,은발·백발,단색,금색,"동물귀, 꼬리"
307083,충돌,우아한 꿈속 백사장,https://wsrv.nl/?w=400&output=jpg&bg=white&url=https%3A%2F%2Fraw.githubusercontent.com%2FJforPlay%2Fdata_for_toy%2Fmain%2Foutput_expressions%2F307083%2Fpainting.png,없음,앉기·무릎꿇기,정면,없음,은발·백발,단색,보라,"동물귀, 꼬리"
307084,충돌,환몽의 꼭두각시,https://wsrv.nl/?w=400&output=jpg&bg=white&url=https%3A%2F%2Fraw.githubusercontent.com%2FJforPlay%2Fdata_for_toy%2Fmain%2Foutput_expressions%2F307084%2Fpainting.png,없음,서기,후면,겨드랑이,은발·백발,단색,청색,"동물귀, 꼬리"
307085,충돌,녹아드는 꿈속의 포옹,https://wsrv.nl/?w=400&output=jpg&bg=white&url=https%3A%2F%2Fraw.githubusercontent.com%2FJforPlay%2Fdata_for_toy%2Fmain%2Foutput_expressions%2F307085%2Fpainting.png,없음,엎드리기,후면,발바닥,은발·백발,단색,보라,"동물귀, 꼬리"
307120,충돌,카츠라기,https://wsrv.nl/?w=400&output=jpg&bg=white&url=https%3A%2F%2Fraw.githubusercontent.com%2FJforPlay%2Fdata_for_toy%2Fmain%2Foutput_expressions%2F307120%2Fpainting.png,없음,서기,후면,없음,흑발,단색,녹색,없음
307121,충돌,밝은 야밤의 축제,https://wsrv.nl/?w=400&output=jpg&bg=white&url=https%3A%2F%2Fraw.githubusercontent.com%2FJforPlay%2Fdata_for_toy%2Fmain%2Foutput_expressions%2F307121%2Fpainting.png,없음,서기,정면,발바닥,흑발,단색,청색,없음
307122,충돌,얕은 물에서 만끽하는 여유,https://wsrv.nl/?w=400&output=jpg&bg=white&url=https%3A%2F%2Fraw.githubusercontent.com%2FJforPlay%2Fdata_for_toy%2Fmain%2Foutput_expressions%2F307122%2Fpainting.png,선글라스,눕기,정면,발바닥,흑발,단색,녹색,동물귀
307150,충돌,아마기(항공모함),https://wsrv.nl/?w=400&output=jpg&bg=white&url=https%3A%2F%2Fraw.githubusercontent.com%2FJforPlay%2Fdata_for_toy%2Fmain%2Foutput_expressions%2F307150%2Fpainting.png,없음,서기,정면,없음,갈색,단색,보라,꼬리
307151,충돌,옥좌 위에 핀 꽃,https://wsrv.nl/?w=400&output=jpg&bg=white&url=https%3A%2F%2Fraw.githubusercontent.com%2FJforPlay%2Fdata_for_toy%2Fmain%2Foutput_expressions%2F307151%2Fpainting.png,없음,서기,후면,없음,갈색,단색,보라,꼬리
307152,충돌,푸른 물결의 인어,https://wsrv.nl/?w=400&output=jpg&bg=white&url=https%3A%2F%2Fraw.githubusercontent.com%2FJforPlay%2Fdata_for_toy%2Fmain%2Foutput_expressions%2F307152%2Fpainting.png,없음,앉기·무릎꿇기,정면,없음,갈색,단색,보라,동물귀
307158,충돌,물빛 달의 화촉,https://wsrv.nl/?w=400&output=jpg&bg=white&url=https%3A%2F%2Fraw.githubusercontent.com%2FJforPlay%2Fdata_for_toy%2Fmain%2Foutput_expressions%2F307158%2Fpainting.png,없음,서기,정면,없음,갈색,단색,보라,"동물귀, 꼬리"
307170,충돌,운류,https://wsrv.nl/?w=400&output=jpg&bg=white&url=https%3A%2F%2Fraw.githubusercontent.com%2FJforPlay%2Fdata_for_toy%2Fmain%2Foutput_expressions%2F307170%2Fpainting.png,없음,서기,후면,없음,흑발,브릿지,청색,없음
307171,충돌,야음영의,https://wsrv.nl/?w=400&output=jpg&bg=white&url=https%3A%2F%2Fraw.githubusercontent.com%2FJforPlay%2Fdata_for_toy%2Fmain%2Foutput_expressions%2F307171%2Fpainting.png,선글라스,서기,후면,발바닥,흑발,브릿지,보라,없음
307172,공란·충돌,야음영의 (입막음),https://wsrv.nl/?w=400&output=jpg&bg=white&url=https%3A%2F%2Fraw.githubusercontent.com%2FJforPlay%2Fdata_for_toy%2Fmain%2Foutput_expressions%2F307172%2Fpainting.png,,서기,후면,없음,흑발,단색,,없음
308010,충돌,이19,https://wsrv.nl/?w=400&output=jpg&bg=white&url=https%3A%2F%2Fraw.githubusercontent.com%2FJforPlay%2Fdata_for_toy%2Fmain%2Foutput_expressions%2F308010%2Fpainting.png,없음,앉기·무릎꿇기,정면,발바닥,적발,단색,적색,"동물귀, 꼬리"
308011,충돌,여행길의 산들바람,https://wsrv.nl/?w=400&output=jpg&bg=white&url=https%3A%2F%2Fraw.githubusercontent.com%2FJforPlay%2Fdata_for_toy%2Fmain%2Foutput_expressions%2F308011%2Fpainting.png,없음,서기,후면,없음,적발,단색,적색,"동물귀, 꼬리"
308012,충돌,베개 천국,https://wsrv.nl/?w=400&output=jpg&bg=white&url=https%3A%2F%2Fraw.githubusercontent.com%2FJforPlay%2Fdata_for_toy%2Fmain%2Foutput_expressions%2F308012%2Fpainting.png,없음,앉기·무릎꿇기,정면,없음,적발,단색,적색,"동물귀, 꼬리"
308013,충돌,Blossoming Bunny,https://wsrv.nl/?w=400&output=jpg&bg=white&url=https%3A%2F%2Fraw.githubusercontent.com%2FJforPlay%2Fdata_for_toy%2Fmain%2Foutput_expressions%2F308013%2Fpainting.png,없음,앉기·무릎꿇기,정면,겨드랑이,적발,단색,적색,동물귀
308020,충돌,이26,https://wsrv.nl/?w=400&output=jpg&bg=white&url=https%3A%2F%2Fraw.githubusercontent.com%2FJforPlay%2Fdata_for_toy%2Fmain%2Foutput_expressions%2F308020%2Fpainting.png,없음,앉기·무릎꿇기,정면,겨드랑이,흑발,단색,갈색,동물귀
308021,충돌,토끼와 심해어,https://wsrv.nl/?w=400&output=jpg&bg=white&url=https%3A%2F%2Fraw.githubusercontent.com%2FJforPlay%2Fdata_for_toy%2Fmain%2Foutput_expressions%2F308021%2Fpainting.png,없음,앉기·무릎꿇기,정면,없음,갈색,단색,적색,동물귀
308022,충돌,불꽃놀이 전,https://wsrv.nl/?w=400&output=jpg&bg=white&url=https%3A%2F%2Fraw.githubusercontent.com%2FJforPlay%2Fdata_for_toy%2Fmain%2Foutput_expressions%2F308022%2Fpainting.png,없음,앉기·무릎꿇기,정면,없음,흑발,단색,적색,동물귀
308040,충돌,이25,https://wsrv.nl/?w=400&output=jpg&bg=white&url=https%3A%2F%2Fraw.githubusercontent.com%2FJforPlay%2Fdata_for_toy%2Fmain%2Foutput_expressions%2F308040%2Fpainting.png,없음,앉기·무릎꿇기,정면,없음,분홍,단색,보라,없음
308041,충돌,토끼와 산호초,https://wsrv.nl/?w=400&output=jpg&bg=white&url=https%3A%2F%2Fraw.githubusercontent.com%2FJforPlay%2Fdata_for_toy%2Fmain%2Foutput_expressions%2F308041%2Fpainting.png,없음,서기,정면,없음,분홍,단색,보라,없음
308042,충돌,식혜의 신춘 축하,https://wsrv.nl/?w=400&output=jpg&bg=white&url=https%3A%2F%2Fraw.githubusercontent.com%2FJforPlay%2Fdata_for_toy%2Fmain%2Foutput_expressions%2F308042%2Fpainting.png,없음,앉기·무릎꿇기,정면,없음,분홍,단색,청색,없음
308050,충돌,이56,https://wsrv.nl/?w=400&output=jpg&bg=white&url=https%3A%2F%2Fraw.githubusercontent.com%2FJforPlay%2Fdata_for_toy%2Fmain%2Foutput_expressions%2F308050%2Fpainting.png,없음,서기,정면,발바닥,흑발,단색,청색,없음
308051,충돌,외톨이 해바라기,https://wsrv.nl/?w=400&output=jpg&bg=white&url=https%3A%2F%2Fraw.githubusercontent.com%2FJforPlay%2Fdata_for_toy%2Fmain%2Foutput_expressions%2F308051%2Fpainting.png,없음,서기,정면,없음,흑발,단색,보라,없음
308060,충돌,이168,https://wsrv.nl/?w=400&output=jpg&bg=white&url=https%3A%2F%2Fraw.githubusercontent.com%2FJforPlay%2Fdata_for_toy%2Fmain%2Foutput_expressions%2F308060%2Fpainting.png,없음,눕기,정면,발바닥,흑발,단색,적색,없음
308061,충돌,축제의 날!,https://wsrv.nl/?w=400&output=jpg&bg=white&url=https%3A%2F%2Fraw.githubusercontent.com%2FJforPlay%2Fdata_for_toy%2Fmain%2Foutput_expressions%2F308061%2Fpainting.png,없음,서기,정면,발바닥,흑발,브릿지,적색,없음
312010,충돌,아카시,https://wsrv.nl/?w=400&output=jpg&bg=white&url=https%3A%2F%2Fraw.githubusercontent.com%2FJforPlay%2Fdata_for_toy%2Fmain%2Foutput_expressions%2F312010%2Fpainting.png,없음,서기,정면,없음,녹발,단색,금색,"동물귀, 꼬리"
312011,충돌,먹고 살기 힘들다냥,https://wsrv.nl/?w=400&output=jpg&bg=white&url=https%3A%2F%2Fraw.githubusercontent.com%2FJforPlay%2Fdata_for_toy%2Fmain%2Foutput_expressions%2F312011%2Fpainting.png,없음,서기,정면,없음,녹발,단색,금색,동물귀
312012,충돌,검은 고양이의 습격!,https://wsrv.nl/?w=400&output=jpg&bg=white&url=https%3A%2F%2Fraw.githubusercontent.com%2FJforPlay%2Fdata_for_toy%2Fmain%2Foutput_expressions%2F312012%2Fpainting.png,없음,서기,정면,발바닥,녹발,단색,금색,"동물귀, 꼬리"
312013,충돌,아카시 특별 판매중이다냥!,https://wsrv.nl/?w=400&output=jpg&bg=white&url=https%3A%2F%2Fraw.githubusercontent.com%2FJforPlay%2Fdata_for_toy%2Fmain%2Foutput_expressions%2F312013%2Fpainting.png,안경,서기,정면,없음,녹발,단색,금색,"동물귀, 꼬리"
312014,충돌,어서와냥 Sofmap!,https://wsrv.nl/?w=400&output=jpg&bg=white&url=https%3A%2F%2Fraw.githubusercontent.com%2FJforPlay%2Fdata_for_toy%2Fmain%2Foutput_expressions%2F312014%2Fpainting.png,없음,서기,정면,없음,녹발,단색,금색,"동물귀, 꼬리"
312018,충돌,하얀 고양이의 보은,https://wsrv.nl/?w=400&output=jpg&bg=white&url=https%3A%2F%2Fraw.githubusercontent.com%2FJforPlay%2Fdata_for_toy%2Fmain%2Foutput_expressions%2F312018%2Fpainting.png,없음,서기,후면,없음,녹발,단색,금색,"동물귀, 꼬리"
317010,충돌,이13,https://wsrv.nl/?w=400&output=jpg&bg=white&url=https%3A%2F%2Fraw.githubusercontent.com%2FJforPlay%2Fdata_for_toy%2Fmain%2Foutput_expressions%2F317010%2Fpainting.png,없음,앉기·무릎꿇기,정면,발바닥,청발,브릿지,청색,없음
317011,충돌,방과 후의 관찰 숙제,https://wsrv.nl/?w=400&output=jpg&bg=white&url=https%3A%2F%2Fraw.githubusercontent.com%2FJforPlay%2Fdata_for_toy%2Fmain%2Foutput_expressions%2F317011%2Fpainting.png,없음,서기,정면,발바닥,청발,그라데이션,청색,없음
317020,충돌,이404,https://wsrv.nl/?w=400&output=jpg&bg=white&url=https%3A%2F%2Fraw.githubusercontent.com%2FJforPlay%2Fdata_for_toy%2Fmain%2Foutput_expressions%2F317020%2Fpainting.png,없음,서기,정면,없음,은발·백발,단색,청색,없음
317021,충돌,화려한 붉은 실의 춤사위,https://wsrv.nl/?w=400&output=jpg&bg=white&url=https%3A%2F%2Fraw.githubusercontent.com%2FJforPlay%2Fdata_for_toy%2Fmain%2Foutput_expressions%2F317021%2Fpainting.png,없음,기타,정면,없음,은발·백발,브릿지,청색,없음
317022,공란·충돌,화려한 붉은 실의 춤사위 (입막음),https://wsrv.nl/?w=400&output=jpg&bg=white&url=https%3A%2F%2Fraw.githubusercontent.com%2FJforPlay%2Fdata_for_toy%2Fmain%2Foutput_expressions%2F317022%2Fpainting.png,없음,거꾸로,,발바닥,은발·백발,브릿지,은색·회색,없음
319010,충돌,카시노,https://wsrv.nl/?w=400&output=jpg&bg=white&url=https%3A%2F%2Fraw.githubusercontent.com%2FJforPlay%2Fdata_for_toy%2Fmain%2Foutput_expressions%2F319010%2Fpainting.png,없음,서기,정면,없음,갈색,단색,보라,"동물귀, 꼬리"
319011,충돌,온천 플레저 타임,https://wsrv.nl/?w=400&output=jpg&bg=white&url=https%3A%2F%2Fraw.githubusercontent.com%2FJforPlay%2Fdata_for_toy%2Fmain%2Foutput_expressions%2F319011%2Fpainting.png,없음,엎드리기,정면,없음,갈색,단색,보라,"동물귀, 꼬리, 뿔"
319012,충돌,어질어질 메이드,https://wsrv.nl/?w=400&output=jpg&bg=white&url=https%3A%2F%2Fraw.githubusercontent.com%2FJforPlay%2Fdata_for_toy%2Fmain%2Foutput_expressions%2F319012%2Fpainting.png,없음,엎드리기,후면,발바닥,갈색,단색,보라,"동물귀, 꼬리"
319013,충돌,꽃피는 러블리 스트링스,https://wsrv.nl/?w=400&output=jpg&bg=white&url=https%3A%2F%2Fraw.githubusercontent.com%2FJforPlay%2Fdata_for_toy%2Fmain%2Foutput_expressions%2F319013%2Fpainting.png,없음,앉기·무릎꿇기,정면,발바닥,갈색,단색,보라,동물귀
319014,충돌,프레시 & 스위트!,https://wsrv.nl/?w=400&output=jpg&bg=white&url=https%3A%2F%2Fraw.githubusercontent.com%2FJforPlay%2Fdata_for_toy%2Fmain%2Foutput_expressions%2F319014%2Fpainting.png,없음,서기,후면,없음,갈색,단색,보라,"동물귀, 꼬리"
331050,충돌,신년의 소망,https://wsrv.nl/?w=400&output=jpg&bg=white&url=https%3A%2F%2Fraw.githubusercontent.com%2FJforPlay%2Fdata_for_toy%2Fmain%2Foutput_expressions%2F331050%2Fpainting.png,없음,앉기·무릎꿇기,정면,없음,은발·백발,단색,금색,없음
331051,충돌,어두침침 예복,https://wsrv.nl/?w=400&output=jpg&bg=white&url=https%3A%2F%2Fraw.githubusercontent.com%2FJforPlay%2Fdata_for_toy%2Fmain%2Foutput_expressions%2F331051%2Fpainting.png,없음,서기,정면,없음,금발,단색,적색,동물귀
331052,충돌,미속 전투 태세,https://wsrv.nl/?w=400&output=jpg&bg=white&url=https%3A%2F%2Fraw.githubusercontent.com%2FJforPlay%2Fdata_for_toy%2Fmain%2Foutput_expressions%2F331052%2Fpainting.png,없음,앉기·무릎꿇기,정면,발바닥,은발·백발,단색,금색,동물귀
331053,충돌,창묵의 호위무사,https://wsrv.nl/?w=400&output=jpg&bg=white&url=https%3A%2F%2Fraw.githubusercontent.com%2FJforPlay%2Fdata_for_toy%2Fmain%2Foutput_expressions%2F331053%2Fpainting.png,없음,서기,정면,없음,은발·백발,단색,적색,없음
331054,충돌,콜라에 노력을 담아,https://wsrv.nl/?w=400&output=jpg&bg=white&url=https%3A%2F%2Fraw.githubusercontent.com%2FJforPlay%2Fdata_for_toy%2Fmain%2Foutput_expressions%2F331054%2Fpainting.png,없음,앉기·무릎꿇기,정면,없음,은발·백발,단색,금색,없음
331055,충돌,다이나믹 킥！,https://wsrv.nl/?w=400&output=jpg&bg=white&url=https%3A%2F%2Fraw.githubusercontent.com%2FJforPlay%2Fdata_for_toy%2Fmain%2Foutput_expressions%2F331055%2Fpainting.png,없음,서기,정면,겨드랑이,은발·백발,단색,적색,없음
331056,충돌,감청색 예복,https://wsrv.nl/?w=400&output=jpg&bg=white&url=https%3A%2F%2Fraw.githubusercontent.com%2FJforPlay%2Fdata_for_toy%2Fmain%2Foutput_expressions%2F331056%2Fpainting.png,없음,서기,정면,없음,금발,단색,금색,없음
399010,충돌,이부키,https://wsrv.nl/?w=400&output=jpg&bg=white&url=https%3A%2F%2Fraw.githubusercontent.com%2FJforPlay%2Fdata_for_toy%2Fmain%2Foutput_expressions%2F399010%2Fpainting.png,없음,서기,정면,겨드랑이,청발,단색,적색,뿔
399011,충돌,영원한 꿈을 꾸는 청녀,https://wsrv.nl/?w=400&output=jpg&bg=white&url=https%3A%2F%2Fraw.githubusercontent.com%2FJforPlay%2Fdata_for_toy%2Fmain%2Foutput_expressions%2F399011%2Fpainting.png,없음,서기,정면,없음,청발,단색,오드아이,뿔
399012,충돌,바람에 날리는 꽃,https://wsrv.nl/?w=400&output=jpg&bg=white&url=https%3A%2F%2Fraw.githubusercontent.com%2FJforPlay%2Fdata_for_toy%2Fmain%2Foutput_expressions%2F399012%2Fpainting.png,없음,서기,정면,없음,청발,단색,오드아이,뿔
399013,충돌,새해의 마음가짐,https://wsrv.nl/?w=400&output=jpg&bg=white&url=https%3A%2F%2Fraw.githubusercontent.com%2FJforPlay%2Fdata_for_toy%2Fmain%2Foutput_expressions%2F399013%2Fpainting.png,없음,서기,정면,없음,청발,단색,오드아이,뿔
399014,충돌,평안과 무위,https://wsrv.nl/?w=400&output=jpg&bg=white&url=https%3A%2F%2Fraw.githubusercontent.com%2FJforPlay%2Fdata_for_toy%2Fmain%2Foutput_expressions%2F399014%2Fpainting.png,없음,앉기·무릎꿇기,정면,발바닥,청발,단색,오드아이,뿔
399015,충돌,여름의 사랑 자취,https://wsrv.nl/?w=400&output=jpg&bg=white&url=https%3A%2F%2Fraw.githubusercontent.com%2FJforPlay%2Fdata_for_toy%2Fmain%2Foutput_expressions%2F399015%2Fpainting.png,없음,앉기·무릎꿇기,정면,겨드랑이,청발,그라데이션,오드아이,뿔
399020,충돌,이즈모,https://wsrv.nl/?w=400&output=jpg&bg=white&url=https%3A%2F%2Fraw.githubusercontent.com%2FJforPlay%2Fdata_for_toy%2Fmain%2Foutput_expressions%2F399020%2Fpainting.png,없음,서기,정면,없음,보라,단색,적색,뿔
399021,충돌,구름을 벗어난 천 그루 벚꽃처럼,https://wsrv.nl/?w=400&output=jpg&bg=white&url=https%3A%2F%2Fraw.githubusercontent.com%2FJforPlay%2Fdata_for_toy%2Fmain%2Foutput_expressions%2F399021%2Fpainting.png,없음,서기,정면,없음,보라,단색,적색,없음
399022,충돌,두근거리는 꼬리 칵테일,https://wsrv.nl/?w=400&output=jpg&bg=white&url=https%3A%2F%2Fraw.githubusercontent.com%2FJforPlay%2Fdata_for_toy%2Fmain%2Foutput_expressions%2F399022%2Fpainting.png,없음,눕기,정면,발바닥,보라,단색,분홍,"뿔, 꼬리"
399040,충돌,아즈마,https://wsrv.nl/?w=400&output=jpg&bg=white&url=https%3A%2F%2Fraw.githubusercontent.com%2FJforPlay%2Fdata_for_toy%2Fmain%2Foutput_expressions%2F399040%2Fpainting.png,없음,앉기·무릎꿇기,정면,없음,흑발,단색,금색,없음
399041,충돌,봄 안개의 속삭임,https://wsrv.nl/?w=400&output=jpg&bg=white&url=https%3A%2F%2Fraw.githubusercontent.com%2FJforPlay%2Fdata_for_toy%2Fmain%2Foutput_expressions%2F399041%2Fpainting.png,없음,앉기·무릎꿇기,후면,없음,흑발,단색,금색,없음
399042,충돌,신랑의 진로 상담,https://wsrv.nl/?w=400&output=jpg&bg=white&url=https%3A%2F%2Fraw.githubusercontent.com%2FJforPlay%2Fdata_for_toy%2Fmain%2Foutput_expressions%2F399042%2Fpainting.png,없음,앉기·무릎꿇기,정면,없음,보라,단색,금색,없음
399048,충돌,순결한 동경,https://wsrv.nl/?w=400&output=jpg&bg=white&url=https%3A%2F%2Fraw.githubusercontent.com%2FJforPlay%2Fdata_for_toy%2Fmain%2Foutput_expressions%2F399048%2Fpainting.png,없음,앉기·무릎꿇기,정면,없음,흑발,단색,금색,없음
399050,충돌,하쿠류,https://wsrv.nl/?w=400&output=jpg&bg=white&url=https%3A%2F%2Fraw.githubusercontent.com%2FJforPlay%2Fdata_for_toy%2Fmain%2Foutput_expressions%2F399050%2Fpainting.png,없음,서기,정면,없음,은발·백발,단색,은색·회색,없음
399051,충돌,쾌도 메이드?,https://wsrv.nl/?w=400&output=jpg&bg=white&url=https%3A%2F%2Fraw.githubusercontent.com%2FJforPlay%2Fdata_for_toy%2Fmain%2Foutput_expressions%2F399051%2Fpainting.png,없음,앉기·무릎꿇기,정면,없음,은발·백발,단색,은색·회색,없음
399052,충돌,비단 옷과 선율,https://wsrv.nl/?w=400&output=jpg&bg=white&url=https%3A%2F%2Fraw.githubusercontent.com%2FJforPlay%2Fdata_for_toy%2Fmain%2Foutput_expressions%2F399052%2Fpainting.png,없음,앉기·무릎꿇기,정면,없음,은발·백발,단색,은색·회색,뿔
399053,충돌,용조백련,https://wsrv.nl/?w=400&output=jpg&bg=white&url=https%3A%2F%2Fraw.githubusercontent.com%2FJforPlay%2Fdata_for_toy%2Fmain%2Foutput_expressions%2F399053%2Fpainting.png,없음,서기,정면,없음,은발·백발,단색,은색·회색,없음
399054,충돌,얇은 천과 좁은 방,https://wsrv.nl/?w=400&output=jpg&bg=white&url=https%3A%2F%2Fraw.githubusercontent.com%2FJforPlay%2Fdata_for_toy%2Fmain%2Foutput_expressions%2F399054%2Fpainting.png,없음,서기,후면,없음,은발·백발,브릿지,청색,뿔
399060,충돌,시만토,https://wsrv.nl/?w=400&output=jpg&bg=white&url=https%3A%2F%2Fraw.githubusercontent.com%2FJforPlay%2Fdata_for_toy%2Fmain%2Foutput_expressions%2F399060%2Fpainting.png,없음,서기,정면,없음,은발·백발,단색,적색,없음
399061,충돌,따끈따끈 용신님,https://wsrv.nl/?w=400&output=jpg&bg=white&url=https%3A%2F%2Fraw.githubusercontent.com%2FJforPlay%2Fdata_for_toy%2Fmain%2Foutput_expressions%2F399061%2Fpainting.png,없음,앉기·무릎꿇기,정면,없음,은발·백발,단색,적색,없음
399062,충돌,"느긋한 용신님 (L2D, 듀얼)",https://wsrv.nl/?w=400&output=jpg&bg=white&url=https%3A%2F%2Fraw.githubusercontent.com%2FJforPlay%2Fdata_for_toy%2Fmain%2Foutput_expressions%2F399062%2Fpainting.png,없음,서기,정면,없음,은발·백발,단색,적색,"뿔, 꼬리"
399063,충돌,"느긋한 용신님 (쁘띠모션, 배경, 듀얼)",https://wsrv.nl/?w=400&output=jpg&bg=white&url=https%3A%2F%2Fraw.githubusercontent.com%2FJforPlay%2Fdata_for_toy%2Fmain%2Foutput_expressions%2F399063%2Fpainting.png,없음,엎드리기,정면,발바닥,은발·백발,단색,적색,"뿔, 꼬리"
401020,충돌,Z2,https://wsrv.nl/?w=400&output=jpg&bg=white&url=https%3A%2F%2Fraw.githubusercontent.com%2FJforPlay%2Fdata_for_toy%2Fmain%2Foutput_expressions%2F401020%2Fpainting.png,없음,앉기·무릎꿇기,정면,없음,갈색,단색,적색,없음
401021,충돌,이색적인 일상의 풍경,https://wsrv.nl/?w=400&output=jpg&bg=white&url=https%3A%2F%2Fraw.githubusercontent.com%2FJforPlay%2Fdata_for_toy%2Fmain%2Foutput_expressions%2F401021%2Fpainting.png,없음,서기,정면,없음,갈색,단색,적색,없음
401022,충돌,야경과 잉어,https://wsrv.nl/?w=400&output=jpg&bg=white&url=https%3A%2F%2Fraw.githubusercontent.com%2FJforPlay%2Fdata_for_toy%2Fmain%2Foutput_expressions%2F401022%2Fpainting.png,없음,앉기·무릎꿇기,정면,발바닥,흑발,단색,적색,없음
401090,충돌,Z9,https://wsrv.nl/?w=400&output=jpg&bg=white&url=https%3A%2F%2Fraw.githubusercontent.com%2FJforPlay%2Fdata_for_toy%2Fmain%2Foutput_expressions%2F401090%2Fpainting.png,없음,서기,정면,없음,금발,단색,적색,없음
401091,충돌,기쁜 눈물의 칵테일,https://wsrv.nl/?w=400&output=jpg&bg=white&url=https%3A%2F%2Fraw.githubusercontent.com%2FJforPlay%2Fdata_for_toy%2Fmain%2Foutput_expressions%2F401091%2Fpainting.png,없음,눕기,정면,없음,금발,단색,적색,동물귀
401110,충돌,Z11,https://wsrv.nl/?w=400&output=jpg&bg=white&url=https%3A%2F%2Fraw.githubusercontent.com%2FJforPlay%2Fdata_for_toy%2Fmain%2Foutput_expressions%2F401110%2Fpainting.png,없음,서기,정면,없음,흑발,단색,보라,없음
401111,충돌,"돈 마련, 봉사, 솔직한 모습",https://wsrv.nl/?w=400&output=jpg&bg=white&url=https%3A%2F%2Fraw.githubusercontent.com%2FJforPlay%2Fdata_for_toy%2Fmain%2Foutput_expressions%2F401111%2Fpainting.png,없음,엎드리기,후면,없음,흑발,단색,보라,동물귀
401130,충돌,Z13,https://wsrv.nl/?w=400&output=jpg&bg=white&url=https%3A%2F%2Fraw.githubusercontent.com%2FJforPlay%2Fdata_for_toy%2Fmain%2Foutput_expressions%2F401130%2Fpainting.png,선글라스,서기,정면,없음,은발·백발,단색,은색·회색,없음
401131,충돌,전략적 데이트 솔루션,https://wsrv.nl/?w=400&output=jpg&bg=white&url=https%3A%2F%2Fraw.githubusercontent.com%2FJforPlay%2Fdata_for_toy%2Fmain%2Foutput_expressions%2F401131%2Fpainting.png,없음,앉기·무릎꿇기,정면,발바닥,은발·백발,단색,금색,없음
401150,공란·충돌,Z15,https://wsrv.nl/?w=400&output=jpg&bg=white&url=https%3A%2F%2Fraw.githubusercontent.com%2FJforPlay%2Fdata_for_toy%2Fmain%2Foutput_expressions%2F401150%2Fpainting.png,없음,앉기·무릎꿇기,정면,없음,적발,단색,,없음
401151,공란·충돌,벌룬 댄스,https://wsrv.nl/?w=400&output=jpg&bg=white&url=https%3A%2F%2Fraw.githubusercontent.com%2FJforPlay%2Fdata_for_toy%2Fmain%2Foutput_expressions%2F401151%2Fpainting.png,없음,서기,정면,겨드랑이,적발,단색,,동물귀
401230,충돌,Z23,https://wsrv.nl/?w=400&output=jpg&bg=white&url=https%3A%2F%2Fraw.githubusercontent.com%2FJforPlay%2Fdata_for_toy%2Fmain%2Foutput_expressions%2F401230%2Fpainting.png,없음,서기,정면,발바닥,금발,단색,보라,없음
401231,충돌,철학 강사,https://wsrv.nl/?w=400&output=jpg&bg=white&url=https%3A%2F%2Fraw.githubusercontent.com%2FJforPlay%2Fdata_for_toy%2Fmain%2Foutput_expressions%2F401231%2Fpainting.png,안경,서기,정면,없음,금발,단색,보라,없음
401232,충돌,비공식 비치 발리볼,https://wsrv.nl/?w=400&output=jpg&bg=white&url=https%3A%2F%2Fraw.githubusercontent.com%2FJforPlay%2Fdata_for_toy%2Fmain%2Foutput_expressions%2F401232%2Fpainting.png,없음,서기,정면,없음,금발,단색,청색,없음
401233,충돌,참된 미소,https://wsrv.nl/?w=400&output=jpg&bg=white&url=https%3A%2F%2Fraw.githubusercontent.com%2FJforPlay%2Fdata_for_toy%2Fmain%2Foutput_expressions%2F401233%2Fpainting.png,없음,서기,정면,없음,금발,단색,보라,없음
401234,충돌,연회의 우등생,https://wsrv.nl/?w=400&output=jpg&bg=white&url=https%3A%2F%2Fraw.githubusercontent.com%2FJforPlay%2Fdata_for_toy%2Fmain%2Foutput_expressions%2F401234%2Fpainting.png,없음,서기,정면,없음,금발,단색,보라,없음
401235,충돌,신설 기지・찻집 체험,https://wsrv.nl/?w=400&output=jpg&bg=white&url=https%3A%2F%2Fraw.githubusercontent.com%2FJforPlay%2Fdata_for_toy%2Fmain%2Foutput_expressions%2F401235%2Fpainting.png,없음,서기,정면,없음,금발,단색,보라,없음
401236,충돌,성실한 아이돌・매니저 담당？,https://wsrv.nl/?w=400&output=jpg&bg=white&url=https%3A%2F%2Fraw.githubusercontent.com%2FJforPlay%2Fdata_for_toy%2Fmain%2Foutput_expressions%2F401236%2Fpainting.png,없음,서기,정면,없음,금발,단색,보라,없음
401237,충돌,"책장 옆의 ""풍경""?",https://wsrv.nl/?w=400&output=jpg&bg=white&url=https%3A%2F%2Fraw.githubusercontent.com%2FJforPlay%2Fdata_for_toy%2Fmain%2Foutput_expressions%2F401237%2Fpainting.png,없음,서기,후면,없음,금발,단색,보라,없음
401238,충돌,흑요석의 혼례복,https://wsrv.nl/?w=400&output=jpg&bg=white&url=https%3A%2F%2Fraw.githubusercontent.com%2FJforPlay%2Fdata_for_toy%2Fmain%2Foutput_expressions%2F401238%2Fpainting.png,없음,서기,정면,없음,금발,단색,보라,없음
401239,충돌,Z23·改,https://wsrv.nl/?w=400&output=jpg&bg=white&url=https%3A%2F%2Fraw.githubusercontent.com%2FJforPlay%2Fdata_for_toy%2Fmain%2Foutput_expressions%2F401239%2Fpainting.png,없음,서기,정면,없음,금발,단색,청색,없음
401240,충돌,Z24,https://wsrv.nl/?w=400&output=jpg&bg=white&url=https%3A%2F%2Fraw.githubusercontent.com%2FJforPlay%2Fdata_for_toy%2Fmain%2Foutput_expressions%2F401240%2Fpainting.png,없음,서기,정면,발바닥,흑발,브릿지,금색,날개
401241,충돌,「마왕」의 축제,https://wsrv.nl/?w=400&output=jpg&bg=white&url=https%3A%2F%2Fraw.githubusercontent.com%2FJforPlay%2Fdata_for_toy%2Fmain%2Foutput_expressions%2F401241%2Fpainting.png,없음,앉기·무릎꿇기,정면,없음,흑발,브릿지,금색,날개
401242,충돌,코트 위의 테우펠,https://wsrv.nl/?w=400&output=jpg&bg=white&url=https%3A%2F%2Fraw.githubusercontent.com%2FJforPlay%2Fdata_for_toy%2Fmain%2Foutput_expressions%2F401242%2Fpainting.png,없음,앉기·무릎꿇기,정면,없음,흑발,브릿지,금색,없음
401243,충돌,어두운 밤에 떠오르는 붉은 무도,https://wsrv.nl/?w=400&output=jpg&bg=white&url=https%3A%2F%2Fraw.githubusercontent.com%2FJforPlay%2Fdata_for_toy%2Fmain%2Foutput_expressions%2F401243%2Fpainting.png,없음,서기,정면,없음,흑발,브릿지,금색,날개
401350,충돌,Z35,https://wsrv.nl/?w=400&output=jpg&bg=white&url=https%3A%2F%2Fraw.githubusercontent.com%2FJforPlay%2Fdata_for_toy%2Fmain%2Foutput_expressions%2F401350%2Fpainting.png,없음,앉기·무릎꿇기,정면,발바닥,갈색,그라데이션,보라,없음
401351,충돌,projekt Kirschblüte,https://wsrv.nl/?w=400&output=jpg&bg=white&url=https%3A%2F%2Fraw.githubusercontent.com%2FJforPlay%2Fdata_for_toy%2Fmain%2Foutput_expressions%2F401351%2Fpainting.png,없음,서기,정면,없음,갈색,단색,보라,없음
401352,충돌,가게의 리벤델 엥겔,https://wsrv.nl/?w=400&output=jpg&bg=white&url=https%3A%2F%2Fraw.githubusercontent.com%2FJforPlay%2Fdata_for_toy%2Fmain%2Foutput_expressions%2F401352%2Fpainting.png,없음,앉기·무릎꿇기,정면,없음,갈색,단색,보라,없음
401353,충돌,사랑이 펼쳐지는 하늘,https://wsrv.nl/?w=400&output=jpg&bg=white&url=https%3A%2F%2Fraw.githubusercontent.com%2FJforPlay%2Fdata_for_toy%2Fmain%2Foutput_expressions%2F401353%2Fpainting.png,없음,서기,정면,겨드랑이,갈색,단색,보라,없음
401470,충돌,Z47,https://wsrv.nl/?w=400&output=jpg&bg=white&url=https%3A%2F%2Fraw.githubusercontent.com%2FJforPlay%2Fdata_for_toy%2Fmain%2Foutput_expressions%2F401470%2Fpainting.png,안대,서기,정면,없음,분홍,단색,금색,없음
401471,충돌,어린이 필터,https://wsrv.nl/?w=400&output=jpg&bg=white&url=https%3A%2F%2Fraw.githubusercontent.com%2FJforPlay%2Fdata_for_toy%2Fmain%2Foutput_expressions%2F401471%2Fpainting.png,안대,서기,정면,발바닥,분홍,단색,금색,없음
401472,충돌,타자★홈런,https://wsrv.nl/?w=400&output=jpg&bg=white&url=https%3A%2F%2Fraw.githubusercontent.com%2FJforPlay%2Fdata_for_toy%2Fmain%2Foutput_expressions%2F401472%2Fpainting.png,안대,서기,정면,겨드랑이,분홍,브릿지,금색,없음
401520,공란·충돌,Z52,https://wsrv.nl/?w=400&output=jpg&bg=white&url=https%3A%2F%2Fraw.githubusercontent.com%2FJforPlay%2Fdata_for_toy%2Fmain%2Foutput_expressions%2F401520%2Fpainting.png,없음,,,없음,흑발,그라데이션,금색,없음
401521,충돌,달리는 바니걸!,https://wsrv.nl/?w=400&output=jpg&bg=white&url=https%3A%2F%2Fraw.githubusercontent.com%2FJforPlay%2Fdata_for_toy%2Fmain%2Foutput_expressions%2F401521%2Fpainting.png,없음,서기,정면,발바닥,흑발,브릿지,금색,없음
401522,충돌,Sprintender Sommer！,https://wsrv.nl/?w=400&output=jpg&bg=white&url=https%3A%2F%2Fraw.githubusercontent.com%2FJforPlay%2Fdata_for_toy%2Fmain%2Foutput_expressions%2F401522%2Fpainting.png,없음,서기,정면,없음,흑발,브릿지,금색,동물귀
401990,충돌,오토 폰 알벤슬레벤,https://wsrv.nl/?w=400&output=jpg&bg=white&url=https%3A%2F%2Fraw.githubusercontent.com%2FJforPlay%2Fdata_for_toy%2Fmain%2Foutput_expressions%2F401990%2Fpainting.png,없음,엎드리기,후면,없음,은발·백발,브릿지,분홍,없음
401991,충돌,함선과 함정,https://wsrv.nl/?w=400&output=jpg&bg=white&url=https%3A%2F%2Fraw.githubusercontent.com%2FJforPlay%2Fdata_for_toy%2Fmain%2Foutput_expressions%2F401991%2Fpainting.png,없음,거꾸로,정면,발바닥,은발·백발,단색,분홍,없음
401992,충돌,덜렁이 메이드의 대위기!?,https://wsrv.nl/?w=400&output=jpg&bg=white&url=https%3A%2F%2Fraw.githubusercontent.com%2FJforPlay%2Fdata_for_toy%2Fmain%2Foutput_expressions%2F401992%2Fpainting.png,없음,엎드리기,후면,발바닥,은발·백발,브릿지,적색,없음
402040,충돌,라이프치히,https://wsrv.nl/?w=400&output=jpg&bg=white&url=https%3A%2F%2Fraw.githubusercontent.com%2FJforPlay%2Fdata_for_toy%2Fmain%2Foutput_expressions%2F402040%2Fpainting.png,없음,엎드리기,후면,없음,금발,단색,분홍,없음
402041,충돌,스토어 프런트·연습 중,https://wsrv.nl/?w=400&output=jpg&bg=white&url=https%3A%2F%2Fraw.githubusercontent.com%2FJforPlay%2Fdata_for_toy%2Fmain%2Foutput_expressions%2F402041%2Fpainting.png,없음,서기,정면,없음,금발,단색,분홍,없음
402049,충돌,라이프치히·改,https://wsrv.nl/?w=400&output=jpg&bg=white&url=https%3A%2F%2Fraw.githubusercontent.com%2FJforPlay%2Fdata_for_toy%2Fmain%2Foutput_expressions%2F402049%2Fpainting.png,없음,서기,후면,없음,금발,단색,보라,없음
402060,충돌,마그데부르크,https://wsrv.nl/?w=400&output=jpg&bg=white&url=https%3A%2F%2Fraw.githubusercontent.com%2FJforPlay%2Fdata_for_toy%2Fmain%2Foutput_expressions%2F402060%2Fpainting.png,없음,눕기,정면,없음,흑발,단색,적색,없음
402061,충돌,청소? 고양이 소동!,https://wsrv.nl/?w=400&output=jpg&bg=white&url=https%3A%2F%2Fraw.githubusercontent.com%2FJforPlay%2Fdata_for_toy%2Fmain%2Foutput_expressions%2F402061%2Fpainting.png,없음,앉기·무릎꿇기,후면,겨드랑이,흑발,브릿지,적색,없음
402062,충돌,반짝이는 휴일,https://wsrv.nl/?w=400&output=jpg&bg=white&url=https%3A%2F%2Fraw.githubusercontent.com%2FJforPlay%2Fdata_for_toy%2Fmain%2Foutput_expressions%2F402062%2Fpainting.png,없음,앉기·무릎꿇기,정면,발바닥,흑발,브릿지,적색,없음
402070,충돌,엠덴,https://wsrv.nl/?w=400&output=jpg&bg=white&url=https%3A%2F%2Fraw.githubusercontent.com%2FJforPlay%2Fdata_for_toy%2Fmain%2Foutput_expressions%2F402070%2Fpainting.png,없음,서기,정면,없음,은발·백발,단색,청색,없음
402071,충돌,흑백의 파르티타,https://wsrv.nl/?w=400&output=jpg&bg=white&url=https%3A%2F%2Fraw.githubusercontent.com%2FJforPlay%2Fdata_for_toy%2Fmain%2Foutput_expressions%2F402071%2Fpainting.png,없음,서기,후면,없음,은발·백발,단색,은색·회색,"날개, 동물귀"
402072,충돌,물에 비친 달의 골짜기,https://wsrv.nl/?w=400&output=jpg&bg=white&url=https%3A%2F%2Fraw.githubusercontent.com%2FJforPlay%2Fdata_for_toy%2Fmain%2Foutput_expressions%2F402072%2Fpainting.png,없음,눕기,정면,없음,은발·백발,단색,청색,없음
402073,충돌,별을 이끄는 이중창,https://wsrv.nl/?w=400&output=jpg&bg=white&url=https%3A%2F%2Fraw.githubusercontent.com%2FJforPlay%2Fdata_for_toy%2Fmain%2Foutput_expressions%2F402073%2Fpainting.png,없음,서기,정면,없음,은발·백발,단색,청색,없음
402074,충돌,물가의 칸초네,https://wsrv.nl/?w=400&output=jpg&bg=white&url=https%3A%2F%2Fraw.githubusercontent.com%2FJforPlay%2Fdata_for_toy%2Fmain%2Foutput_expressions%2F402074%2Fpainting.png,없음,앉기·무릎꿇기,정면,없음,은발·백발,단색,청색,없음
402100,충돌,레겐스부르크,https://wsrv.nl/?w=400&output=jpg&bg=white&url=https%3A%2F%2Fraw.githubusercontent.com%2FJforPlay%2Fdata_for_toy%2Fmain%2Foutput_expressions%2F402100%2Fpainting.png,없음,서기,정면,없음,청발,단색,금색,"날개, 뿔"
402101,충돌,흑룡과 빛의 해안,https://wsrv.nl/?w=400&output=jpg&bg=white&url=https%3A%2F%2Fraw.githubusercontent.com%2FJforPlay%2Fdata_for_toy%2Fmain%2Foutput_expressions%2F402101%2Fpainting.png,없음,앉기·무릎꿇기,정면,겨드랑이,청발,단색,금색,"뿔, 날개"
402102,충돌,암룡의 창고 던전,https://wsrv.nl/?w=400&output=jpg&bg=white&url=https%3A%2F%2Fraw.githubusercontent.com%2FJforPlay%2Fdata_for_toy%2Fmain%2Foutput_expressions%2F402102%2Fpainting.png,없음,서기,정면,없음,청발,단색,금색,꼬리
402110,충돌,뒤스부르크,https://wsrv.nl/?w=400&output=jpg&bg=white&url=https%3A%2F%2Fraw.githubusercontent.com%2FJforPlay%2Fdata_for_toy%2Fmain%2Foutput_expressions%2F402110%2Fpainting.png,없음,서기,정면,없음,은발·백발,단색,보라,날개
402111,충돌,부끄러움 참기 특훈,https://wsrv.nl/?w=400&output=jpg&bg=white&url=https%3A%2F%2Fraw.githubusercontent.com%2FJforPlay%2Fdata_for_toy%2Fmain%2Foutput_expressions%2F402111%2Fpainting.png,없음,앉기·무릎꿇기,정면,발바닥,은발·백발,브릿지,보라,없음
403030,충돌,프린츠 오이겐,https://wsrv.nl/?w=400&output=jpg&bg=white&url=https%3A%2F%2Fraw.githubusercontent.com%2FJforPlay%2Fdata_for_toy%2Fmain%2Foutput_expressions%2F403030%2Fpainting.png,없음,앉기·무릎꿇기,정면,없음,은발·백발,브릿지,금색,없음
403031,충돌,변치 않는 미소,https://wsrv.nl/?w=400&output=jpg&bg=white&url=https%3A%2F%2Fraw.githubusercontent.com%2FJforPlay%2Fdata_for_toy%2Fmain%2Foutput_expressions%2F403031%2Fpainting.png,없음,앉기·무릎꿇기,정면,발바닥,은발·백발,브릿지,적색,없음
403032,충돌,백화요란,https://wsrv.nl/?w=400&output=jpg&bg=white&url=https%3A%2F%2Fraw.githubusercontent.com%2FJforPlay%2Fdata_for_toy%2Fmain%2Foutput_expressions%2F403032%2Fpainting.png,없음,앉기·무릎꿇기,정면,없음,은발·백발,단색,적색,없음
403033,충돌,Wein Kornblume,https://wsrv.nl/?w=400&output=jpg&bg=white&url=https%3A%2F%2Fraw.githubusercontent.com%2FJforPlay%2Fdata_for_toy%2Fmain%2Foutput_expressions%2F403033%2Fpainting.png,없음,앉기·무릎꿇기,정면,겨드랑이,은발·백발,단색,적색,날개
403034,충돌,Final Lap,https://wsrv.nl/?w=400&output=jpg&bg=white&url=https%3A%2F%2Fraw.githubusercontent.com%2FJforPlay%2Fdata_for_toy%2Fmain%2Foutput_expressions%2F403034%2Fpainting.png,없음,앉기·무릎꿇기,정면,없음,은발·백발,단색,금색,없음
403035,충돌,이 밤에 취해라,https://wsrv.nl/?w=400&output=jpg&bg=white&url=https%3A%2F%2Fraw.githubusercontent.com%2FJforPlay%2Fdata_for_toy%2Fmain%2Foutput_expressions%2F403035%2Fpainting.png,없음,서기,정면,없음,은발·백발,단색,적색,없음
403036,충돌,브릴리언트 터치다운,https://wsrv.nl/?w=400&output=jpg&bg=white&url=https%3A%2F%2Fraw.githubusercontent.com%2FJforPlay%2Fdata_for_toy%2Fmain%2Foutput_expressions%2F403036%2Fpainting.png,없음,서기,정면,겨드랑이,은발·백발,단색,적색,동물귀
403037,충돌,취기와 밀당 사이,https://wsrv.nl/?w=400&output=jpg&bg=white&url=https%3A%2F%2Fraw.githubusercontent.com%2FJforPlay%2Fdata_for_toy%2Fmain%2Foutput_expressions%2F403037%2Fpainting.png,없음,엎드리기,정면,발바닥,은발·백발,브릿지,금색,동물귀
403038,충돌,운명의 교향곡,https://wsrv.nl/?w=400&output=jpg&bg=white&url=https%3A%2F%2Fraw.githubusercontent.com%2FJforPlay%2Fdata_for_toy%2Fmain%2Foutput_expressions%2F403038%2Fpainting.png,없음,서기,정면,없음,은발·백발,브릿지,금색,없음
403040,충돌,도이칠란트,https://wsrv.nl/?w=400&output=jpg&bg=white&url=https%3A%2F%2Fraw.githubusercontent.com%2FJforPlay%2Fdata_for_toy%2Fmain%2Foutput_expressions%2F403040%2Fpainting.png,없음,서기,정면,없음,흑발,브릿지,청색,없음
403041,충돌,칠흑의 마희,https://wsrv.nl/?w=400&output=jpg&bg=white&url=https%3A%2F%2Fraw.githubusercontent.com%2FJforPlay%2Fdata_for_toy%2Fmain%2Foutput_expressions%2F403041%2Fpainting.png,없음,서기,정면,없음,은발·백발,단색,청색,없음
403042,충돌,서비스 타임?,https://wsrv.nl/?w=400&output=jpg&bg=white&url=https%3A%2F%2Fraw.githubusercontent.com%2FJforPlay%2Fdata_for_toy%2Fmain%2Foutput_expressions%2F403042%2Fpainting.png,없음,앉기·무릎꿇기,정면,없음,흑발,브릿지,청색,없음
403043,충돌,마희의 나이트 파티,https://wsrv.nl/?w=400&output=jpg&bg=white&url=https%3A%2F%2Fraw.githubusercontent.com%2FJforPlay%2Fdata_for_toy%2Fmain%2Foutput_expressions%2F403043%2Fpainting.png,없음,서기,정면,없음,흑발,브릿지,청색,없음
403044,충돌,등불 아래의 지배자,https://wsrv.nl/?w=400&output=jpg&bg=white&url=https%3A%2F%2Fraw.githubusercontent.com%2FJforPlay%2Fdata_for_toy%2Fmain%2Foutput_expressions%2F403044%2Fpainting.png,없음,앉기·무릎꿇기,정면,없음,흑발,브릿지,청색,없음
403050,충돌,아드미랄 그라프 슈피,https://wsrv.nl/?w=400&output=jpg&bg=white&url=https%3A%2F%2Fraw.githubusercontent.com%2FJforPlay%2Fdata_for_toy%2Fmain%2Foutput_expressions%2F403050%2Fpainting.png,없음,서기,정면,없음,은발·백발,브릿지,청색,없음
403051,충돌,소녀의 일요일,https://wsrv.nl/?w=400&output=jpg&bg=white&url=https%3A%2F%2Fraw.githubusercontent.com%2FJforPlay%2Fdata_for_toy%2Fmain%2Foutput_expressions%2F403051%2Fpainting.png,없음,서기,정면,없음,은발·백발,브릿지,청색,없음
403052,충돌,평온한 나날,https://wsrv.nl/?w=400&output=jpg&bg=white&url=https%3A%2F%2Fraw.githubusercontent.com%2FJforPlay%2Fdata_for_toy%2Fmain%2Foutput_expressions%2F403052%2Fpainting.png,없음,서기,정면,없음,은발·백발,브릿지,청색,없음
403053,충돌,비밀 연회,https://wsrv.nl/?w=400&output=jpg&bg=white&url=https%3A%2F%2Fraw.githubusercontent.com%2FJforPlay%2Fdata_for_toy%2Fmain%2Foutput_expressions%2F403053%2Fpainting.png,없음,서기,정면,없음,은발·백발,브릿지,청색,꼬리
403054,충돌,메탈 블러드♥귀여워,https://wsrv.nl/?w=400&output=jpg&bg=white&url=https%3A%2F%2Fraw.githubusercontent.com%2FJforPlay%2Fdata_for_toy%2Fmain%2Foutput_expressions%2F403054%2Fpainting.png,없음,서기,정면,없음,은발·백발,브릿지,청색,없음
403090,충돌,프린츠 하인리히,https://wsrv.nl/?w=400&output=jpg&bg=white&url=https%3A%2F%2Fraw.githubusercontent.com%2FJforPlay%2Fdata_for_toy%2Fmain%2Foutput_expressions%2F403090%2Fpainting.png,없음,서기,정면,없음,은발·백발,단색,적색,없음
403091,충돌,화려한 불꽃의 봄그림,https://wsrv.nl/?w=400&output=jpg&bg=white&url=https%3A%2F%2Fraw.githubusercontent.com%2FJforPlay%2Fdata_for_toy%2Fmain%2Foutput_expressions%2F403091%2Fpainting.png,없음,앉기·무릎꿇기,정면,발바닥,은발·백발,단색,적색,없음
403092,충돌,세이프티 래빗,https://wsrv.nl/?w=400&output=jpg&bg=white&url=https%3A%2F%2Fraw.githubusercontent.com%2FJforPlay%2Fdata_for_toy%2Fmain%2Foutput_expressions%2F403092%2Fpainting.png,없음,앉기·무릎꿇기,정면,겨드랑이,은발·백발,단색,적색,동물귀
403093,충돌,어두운 곳의 히든 보스?,https://wsrv.nl/?w=400&output=jpg&bg=white&url=https%3A%2F%2Fraw.githubusercontent.com%2FJforPlay%2Fdata_for_toy%2Fmain%2Foutput_expressions%2F403093%2Fpainting.png,없음,앉기·무릎꿇기,정면,없음,은발·백발,단색,적색,없음
403094,충돌,하인리히 온스테이지,https://wsrv.nl/?w=400&output=jpg&bg=white&url=https%3A%2F%2Fraw.githubusercontent.com%2FJforPlay%2Fdata_for_toy%2Fmain%2Foutput_expressions%2F403094%2Fpainting.png,없음,서기,정면,없음,은발·백발,단색,적색,동물귀
403100,충돌,프린츠 아달베르트,https://wsrv.nl/?w=400&output=jpg&bg=white&url=https%3A%2F%2Fraw.githubusercontent.com%2FJforPlay%2Fdata_for_toy%2Fmain%2Foutput_expressions%2F403100%2Fpainting.png,고글,서기,정면,없음,은발·백발,단색,적색,없음
403101,충돌,폐점 후의 특별 시간,https://wsrv.nl/?w=400&output=jpg&bg=white&url=https%3A%2F%2Fraw.githubusercontent.com%2FJforPlay%2Fdata_for_toy%2Fmain%2Foutput_expressions%2F403101%2Fpainting.png,없음,눕기,정면,없음,은발·백발,단색,적색,없음
403102,충돌,욕실에서 일어난 사고,https://wsrv.nl/?w=400&output=jpg&bg=white&url=https%3A%2F%2Fraw.githubusercontent.com%2FJforPlay%2Fdata_for_toy%2Fmain%2Foutput_expressions%2F403102%2Fpainting.png,없음,앉기·무릎꿇기,정면,발바닥,은발·백발,브릿지,적색,없음
403103,충돌,흑백 마술사,https://wsrv.nl/?w=400&output=jpg&bg=white&url=https%3A%2F%2Fraw.githubusercontent.com%2FJforPlay%2Fdata_for_toy%2Fmain%2Foutput_expressions%2F403103%2Fpainting.png,없음,앉기·무릎꿇기,후면,없음,은발·백발,단색,적색,"동물귀, 꼬리"
403110,충돌,요르크,https://wsrv.nl/?w=400&output=jpg&bg=white&url=https%3A%2F%2Fraw.githubusercontent.com%2FJforPlay%2Fdata_for_toy%2Fmain%2Foutput_expressions%2F403110%2Fpainting.png,없음,서기,정면,없음,은발·백발,단색,분홍,없음
403111,충돌,주월의 파괴자,https://wsrv.nl/?w=400&output=jpg&bg=white&url=https%3A%2F%2Fraw.githubusercontent.com%2FJforPlay%2Fdata_for_toy%2Fmain%2Foutput_expressions%2F403111%2Fpainting.png,없음,앉기·무릎꿇기,정면,없음,은발·백발,단색,적색,날개
403112,충돌,밤의 동반자,https://wsrv.nl/?w=400&output=jpg&bg=white&url=https%3A%2F%2Fraw.githubusercontent.com%2FJforPlay%2Fdata_for_toy%2Fmain%2Foutput_expressions%2F403112%2Fpainting.png,없음,서기,정면,겨드랑이,은발·백발,단색,분홍,없음
403140,충돌,프리드리히 카를,https://wsrv.nl/?w=400&output=jpg&bg=white&url=https%3A%2F%2Fraw.githubusercontent.com%2FJforPlay%2Fdata_for_toy%2Fmain%2Foutput_expressions%2F403140%2Fpainting.png,안경,서기,정면,없음,보라,그라데이션,분홍,없음
403141,충돌,다디단 한낮의 유희,https://wsrv.nl/?w=400&output=jpg&bg=white&url=https%3A%2F%2Fraw.githubusercontent.com%2FJforPlay%2Fdata_for_toy%2Fmain%2Foutput_expressions%2F403141%2Fpainting.png,안경,눕기,정면,없음,보라,단색,보라,뿔
403142,충돌,사랑의 서머 케어,https://wsrv.nl/?w=400&output=jpg&bg=white&url=https%3A%2F%2Fraw.githubusercontent.com%2FJforPlay%2Fdata_for_toy%2Fmain%2Foutput_expressions%2F403142%2Fpainting.png,안경,엎드리기,후면,발바닥,보라,단색,보라,없음
403170,충돌,프린츠 모리츠,https://wsrv.nl/?w=400&output=jpg&bg=white&url=https%3A%2F%2Fraw.githubusercontent.com%2FJforPlay%2Fdata_for_toy%2Fmain%2Foutput_expressions%2F403170%2Fpainting.png,안대,앉기·무릎꿇기,정면,없음,흑발,브릿지,적색,날개
403171,충돌,램프 마인의 소원 게임,https://wsrv.nl/?w=400&output=jpg&bg=white&url=https%3A%2F%2Fraw.githubusercontent.com%2FJforPlay%2Fdata_for_toy%2Fmain%2Foutput_expressions%2F403171%2Fpainting.png,없음,눕기,정면,없음,흑발,브릿지,분홍,날개
404010,충돌,샤른호르스트,https://wsrv.nl/?w=400&output=jpg&bg=white&url=https%3A%2F%2Fraw.githubusercontent.com%2FJforPlay%2Fdata_for_toy%2Fmain%2Foutput_expressions%2F404010%2Fpainting.png,안대,서기,정면,없음,은발·백발,단색,청색,없음
404011,충돌,설표와 매화,https://wsrv.nl/?w=400&output=jpg&bg=white&url=https%3A%2F%2Fraw.githubusercontent.com%2FJforPlay%2Fdata_for_toy%2Fmain%2Foutput_expressions%2F404011%2Fpainting.png,안대,앉기·무릎꿇기,정면,없음,분홍,그라데이션,청색,없음
404020,충돌,그나이제나우,https://wsrv.nl/?w=400&output=jpg&bg=white&url=https%3A%2F%2Fraw.githubusercontent.com%2FJforPlay%2Fdata_for_toy%2Fmain%2Foutput_expressions%2F404020%2Fpainting.png,안경,앉기·무릎꿇기,정면,없음,은발·백발,단색,보라,없음
404021,충돌,서큐버스 나이트메어,https://wsrv.nl/?w=400&output=jpg&bg=white&url=https%3A%2F%2Fraw.githubusercontent.com%2FJforPlay%2Fdata_for_toy%2Fmain%2Foutput_expressions%2F404021%2Fpainting.png,안경,서기,정면,겨드랑이,보라,단색,청색,없음
404030,충돌,자이틀리츠,https://wsrv.nl/?w=400&output=jpg&bg=white&url=https%3A%2F%2Fraw.githubusercontent.com%2FJforPlay%2Fdata_for_toy%2Fmain%2Foutput_expressions%2F404030%2Fpainting.png,없음,서기,정면,없음,분홍,단색,보라,없음
404031,충돌,암멸의 족보,https://wsrv.nl/?w=400&output=jpg&bg=white&url=https%3A%2F%2Fraw.githubusercontent.com%2FJforPlay%2Fdata_for_toy%2Fmain%2Foutput_expressions%2F404031%2Fpainting.png,없음,서기,정면,없음,분홍,단색,청색,없음
404032,충돌,플라워리 리버레이션,https://wsrv.nl/?w=400&output=jpg&bg=white&url=https%3A%2F%2Fraw.githubusercontent.com%2FJforPlay%2Fdata_for_toy%2Fmain%2Foutput_expressions%2F404032%2Fpainting.png,없음,서기,정면,없음,분홍,단색,청색,없음
404033,충돌,오피서즈 스트리트!,https://wsrv.nl/?w=400&output=jpg&bg=white&url=https%3A%2F%2Fraw.githubusercontent.com%2FJforPlay%2Fdata_for_toy%2Fmain%2Foutput_expressions%2F404033%2Fpainting.png,선글라스,서기,정면,없음,분홍,단색,청색,없음
404034,충돌,더블 이머전시,https://wsrv.nl/?w=400&output=jpg&bg=white&url=https%3A%2F%2Fraw.githubusercontent.com%2FJforPlay%2Fdata_for_toy%2Fmain%2Foutput_expressions%2F404034%2Fpainting.png,없음,앉기·무릎꿇기,후면,없음,분홍,단색,보라,없음
404040,충돌,뤼초,https://wsrv.nl/?w=400&output=jpg&bg=white&url=https%3A%2F%2Fraw.githubusercontent.com%2FJforPlay%2Fdata_for_toy%2Fmain%2Foutput_expressions%2F404040%2Fpainting.png,없음,서기,정면,없음,은발·백발,단색,은색·회색,없음
404041,충돌,긴 밤의 노블 레드,https://wsrv.nl/?w=400&output=jpg&bg=white&url=https%3A%2F%2Fraw.githubusercontent.com%2FJforPlay%2Fdata_for_toy%2Fmain%2Foutput_expressions%2F404041%2Fpainting.png,없음,서기,정면,없음,은발·백발,단색,적색,없음
404042,충돌,뜨거울 때 줘♪,https://wsrv.nl/?w=400&output=jpg&bg=white&url=https%3A%2F%2Fraw.githubusercontent.com%2FJforPlay%2Fdata_for_toy%2Fmain%2Foutput_expressions%2F404042%2Fpainting.png,없음,앉기·무릎꿇기,정면,없음,은발·백발,단색,갈색,없음
404048,충돌,슬리핑 화이트 뷰티,https://wsrv.nl/?w=400&output=jpg&bg=white&url=https%3A%2F%2Fraw.githubusercontent.com%2FJforPlay%2Fdata_for_toy%2Fmain%2Foutput_expressions%2F404048%2Fpainting.png,없음,눕기,정면,겨드랑이,은발·백발,단색,은색·회색,없음
404050,충돌,브륀힐드,https://wsrv.nl/?w=400&output=jpg&bg=white&url=https%3A%2F%2Fraw.githubusercontent.com%2FJforPlay%2Fdata_for_toy%2Fmain%2Foutput_expressions%2F404050%2Fpainting.png,없음,앉기·무릎꿇기,정면,없음,흑발,투톤,적색,없음
404051,충돌,빵 먹는 그라네,https://wsrv.nl/?w=400&output=jpg&bg=white&url=https%3A%2F%2Fraw.githubusercontent.com%2FJforPlay%2Fdata_for_toy%2Fmain%2Foutput_expressions%2F404051%2Fpainting.png,없음,서기,정면,발바닥,은발·백발,단색,적색,없음
404070,충돌,아드미랄 젠커,https://wsrv.nl/?w=400&output=jpg&bg=white&url=https%3A%2F%2Fraw.githubusercontent.com%2FJforPlay%2Fdata_for_toy%2Fmain%2Foutput_expressions%2F404070%2Fpainting.png,없음,서기,정면,없음,은발·백발,브릿지,적색,뿔
404071,충돌,두근두근 심문 시간,https://wsrv.nl/?w=400&output=jpg&bg=white&url=https%3A%2F%2Fraw.githubusercontent.com%2FJforPlay%2Fdata_for_toy%2Fmain%2Foutput_expressions%2F404071%2Fpainting.png,없음,앉기·무릎꿇기,정면,없음,은발·백발,브릿지,적색,없음
405030,충돌,울리히 폰 후텐,https://wsrv.nl/?w=400&output=jpg&bg=white&url=https%3A%2F%2Fraw.githubusercontent.com%2FJforPlay%2Fdata_for_toy%2Fmain%2Foutput_expressions%2F405030%2Fpainting.png,없음,앉기·무릎꿇기,정면,없음,흑발,단색,금색,없음
405031,충돌,Mädchen Trümmer,https://wsrv.nl/?w=400&output=jpg&bg=white&url=https%3A%2F%2Fraw.githubusercontent.com%2FJforPlay%2Fdata_for_toy%2Fmain%2Foutput_expressions%2F405031%2Fpainting.png,없음,서기,정면,없음,흑발,브릿지,금색,없음
405032,충돌,고고한 이그니션 타임,https://wsrv.nl/?w=400&output=jpg&bg=white&url=https%3A%2F%2Fraw.githubusercontent.com%2FJforPlay%2Fdata_for_toy%2Fmain%2Foutput_expressions%2F405032%2Fpainting.png,없음,앉기·무릎꿇기,정면,없음,흑발,그라데이션,금색,없음
405033,충돌,교실 안의 기다림,https://wsrv.nl/?w=400&output=jpg&bg=white&url=https%3A%2F%2Fraw.githubusercontent.com%2FJforPlay%2Fdata_for_toy%2Fmain%2Foutput_expressions%2F405033%2Fpainting.png,없음,앉기·무릎꿇기,정면,없음,흑발,브릿지,금색,없음
405038,충돌,사랑이라는 이름의 독,https://wsrv.nl/?w=400&output=jpg&bg=white&url=https%3A%2F%2Fraw.githubusercontent.com%2FJforPlay%2Fdata_for_toy%2Fmain%2Foutput_expressions%2F405038%2Fpainting.png,없음,서기,정면,없음,은발·백발,기타,금색,없음
405070,충돌,괴츠 폰 베를리힝겐,https://wsrv.nl/?w=400&output=jpg&bg=white&url=https%3A%2F%2Fraw.githubusercontent.com%2FJforPlay%2Fdata_for_toy%2Fmain%2Foutput_expressions%2F405070%2Fpainting.png,없음,서기,후면,없음,흑발,단색,녹색,날개
405071,충돌,환상에 잠긴 붉은 달,https://wsrv.nl/?w=400&output=jpg&bg=white&url=https%3A%2F%2Fraw.githubusercontent.com%2FJforPlay%2Fdata_for_toy%2Fmain%2Foutput_expressions%2F405071%2Fpainting.png,선글라스,거꾸로,정면,발바닥,은발·백발,단색,녹색,"뿔, 날개, 꼬리"
406010,충돌,베저,https://wsrv.nl/?w=400&output=jpg&bg=white&url=https%3A%2F%2Fraw.githubusercontent.com%2FJforPlay%2Fdata_for_toy%2Fmain%2Foutput_expressions%2F406010%2Fpainting.png,없음,앉기·무릎꿇기,정면,없음,적발,단색,적색,없음
406011,충돌,금빛 어둠의 향연,https://wsrv.nl/?w=400&output=jpg&bg=white&url=https%3A%2F%2Fraw.githubusercontent.com%2FJforPlay%2Fdata_for_toy%2Fmain%2Foutput_expressions%2F406011%2Fpainting.png,없음,앉기·무릎꿇기,정면,없음,흑발,그라데이션,적색,없음
406012,충돌,흑요에 빛나는 블랙 다이아,https://wsrv.nl/?w=400&output=jpg&bg=white&url=https%3A%2F%2Fraw.githubusercontent.com%2FJforPlay%2Fdata_for_toy%2Fmain%2Foutput_expressions%2F406012%2Fpainting.png,없음,서기,정면,없음,적발,단색,적색,없음
406013,충돌,아름다운 파도의 낙원,https://wsrv.nl/?w=400&output=jpg&bg=white&url=https%3A%2F%2Fraw.githubusercontent.com%2FJforPlay%2Fdata_for_toy%2Fmain%2Foutput_expressions%2F406013%2Fpainting.png,없음,서기,정면,없음,적발,단색,적색,없음
406014,충돌,Offtime Cafe,https://wsrv.nl/?w=400&output=jpg&bg=white&url=https%3A%2F%2Fraw.githubusercontent.com%2FJforPlay%2Fdata_for_toy%2Fmain%2Foutput_expressions%2F406014%2Fpainting.png,없음,앉기·무릎꿇기,정면,없음,적발,단색,적색,없음
406020,충돌,엘베,https://wsrv.nl/?w=400&output=jpg&bg=white&url=https%3A%2F%2Fraw.githubusercontent.com%2FJforPlay%2Fdata_for_toy%2Fmain%2Foutput_expressions%2F406020%2Fpainting.png,없음,앉기·무릎꿇기,정면,없음,은발·백발,단색,보라,없음
406021,충돌,놓쳐버린 하이라이트?,https://wsrv.nl/?w=400&output=jpg&bg=white&url=https%3A%2F%2Fraw.githubusercontent.com%2FJforPlay%2Fdata_for_toy%2Fmain%2Foutput_expressions%2F406021%2Fpainting.png,없음,서기,정면,없음,은발·백발,브릿지,분홍,없음
406022,충돌,청순한 ''악역 아가씨''?,https://wsrv.nl/?w=400&output=jpg&bg=white&url=https%3A%2F%2Fraw.githubusercontent.com%2FJforPlay%2Fdata_for_toy%2Fmain%2Foutput_expressions%2F406022%2Fpainting.png,없음,앉기·무릎꿇기,정면,없음,은발·백발,브릿지,보라,없음
407030,충돌,페터 슈트라서,https://wsrv.nl/?w=400&output=jpg&bg=white&url=https%3A%2F%2Fraw.githubusercontent.com%2FJforPlay%2Fdata_for_toy%2Fmain%2Foutput_expressions%2F407030%2Fpainting.png,없음,서기,정면,없음,흑발,단색,보라,없음
407031,충돌,축제의 Chronos,https://wsrv.nl/?w=400&output=jpg&bg=white&url=https%3A%2F%2Fraw.githubusercontent.com%2FJforPlay%2Fdata_for_toy%2Fmain%2Foutput_expressions%2F407031%2Fpainting.png,없음,서기,정면,없음,흑발,단색,보라,없음
407032,충돌,Weiß Uhrzeiger,https://wsrv.nl/?w=400&output=jpg&bg=white&url=https%3A%2F%2Fraw.githubusercontent.com%2FJforPlay%2Fdata_for_toy%2Fmain%2Foutput_expressions%2F407032%2Fpainting.png,없음,서기,정면,없음,흑발,단색,분홍,없음
407033,충돌,서재의 수호 기사,https://wsrv.nl/?w=400&output=jpg&bg=white&url=https%3A%2F%2Fraw.githubusercontent.com%2FJforPlay%2Fdata_for_toy%2Fmain%2Foutput_expressions%2F407033%2Fpainting.png,없음,서기,정면,없음,흑발,단색,보라,없음
407040,충돌,프리츠 루메이,https://wsrv.nl/?w=400&output=jpg&bg=white&url=https%3A%2F%2Fraw.githubusercontent.com%2FJforPlay%2Fdata_for_toy%2Fmain%2Foutput_expressions%2F407040%2Fpainting.png,없음,서기,정면,없음,은발·백발,단색,적색,없음
407041,충돌,Schwarzes Kaninchen,https://wsrv.nl/?w=400&output=jpg&bg=white&url=https%3A%2F%2Fraw.githubusercontent.com%2FJforPlay%2Fdata_for_toy%2Fmain%2Foutput_expressions%2F407041%2Fpainting.png,없음,서기,정면,없음,은발·백발,단색,적색,동물귀
408010,충돌,U-81,https://wsrv.nl/?w=400&output=jpg&bg=white&url=https%3A%2F%2Fraw.githubusercontent.com%2FJforPlay%2Fdata_for_toy%2Fmain%2Foutput_expressions%2F408010%2Fpainting.png,없음,서기,정면,발바닥,분홍,단색,금색,동물귀
408011,충돌,정밀한 세레나데,https://wsrv.nl/?w=400&output=jpg&bg=white&url=https%3A%2F%2Fraw.githubusercontent.com%2FJforPlay%2Fdata_for_toy%2Fmain%2Foutput_expressions%2F408011%2Fpainting.png,없음,서기,정면,없음,분홍,단색,청색,없음
408012,충돌,등불이 비춘 보름달,https://wsrv.nl/?w=400&output=jpg&bg=white&url=https%3A%2F%2Fraw.githubusercontent.com%2FJforPlay%2Fdata_for_toy%2Fmain%2Foutput_expressions%2F408012%2Fpainting.png,없음,앉기·무릎꿇기,정면,없음,분홍,단색,오드아이,동물귀
408020,충돌,U-47,https://wsrv.nl/?w=400&output=jpg&bg=white&url=https%3A%2F%2Fraw.githubusercontent.com%2FJforPlay%2Fdata_for_toy%2Fmain%2Foutput_expressions%2F408020%2Fpainting.png,없음,엎드리기,후면,발바닥,흑발,단색,적색,없음
408021,충돌,비기너 라이더?,https://wsrv.nl/?w=400&output=jpg&bg=white&url=https%3A%2F%2Fraw.githubusercontent.com%2FJforPlay%2Fdata_for_toy%2Fmain%2Foutput_expressions%2F408021%2Fpainting.png,안경,서기,정면,없음,흑발,단색,적색,없음
408022,충돌,Eigenen Raum,https://wsrv.nl/?w=400&output=jpg&bg=white&url=https%3A%2F%2Fraw.githubusercontent.com%2FJforPlay%2Fdata_for_toy%2Fmain%2Foutput_expressions%2F408022%2Fpainting.png,없음,앉기·무릎꿇기,정면,없음,흑발,단색,적색,없음
408023,충돌,어반 메이드,https://wsrv.nl/?w=400&output=jpg&bg=white&url=https%3A%2F%2Fraw.githubusercontent.com%2FJforPlay%2Fdata_for_toy%2Fmain%2Foutput_expressions%2F408023%2Fpainting.png,없음,서기,정면,없음,흑발,단색,적색,없음
408024,충돌,나른한 붉은 달밤,https://wsrv.nl/?w=400&output=jpg&bg=white&url=https%3A%2F%2Fraw.githubusercontent.com%2FJforPlay%2Fdata_for_toy%2Fmain%2Foutput_expressions%2F408024%2Fpainting.png,없음,엎드리기,정면,없음,흑발,브릿지,적색,동물귀
408025,충돌,다이나믹 라이징,https://wsrv.nl/?w=400&output=jpg&bg=white&url=https%3A%2F%2Fraw.githubusercontent.com%2FJforPlay%2Fdata_for_toy%2Fmain%2Foutput_expressions%2F408025%2Fpainting.png,없음,서기,정면,없음,흑발,브릿지,적색,없음
408040,충돌,U-556,https://wsrv.nl/?w=400&output=jpg&bg=white&url=https%3A%2F%2Fraw.githubusercontent.com%2FJforPlay%2Fdata_for_toy%2Fmain%2Foutput_expressions%2F408040%2Fpainting.png,없음,눕기,정면,발바닥,청발,단색,분홍,없음
408041,충돌,해피 나이트,https://wsrv.nl/?w=400&output=jpg&bg=white&url=https%3A%2F%2Fraw.githubusercontent.com%2FJforPlay%2Fdata_for_toy%2Fmain%2Foutput_expressions%2F408041%2Fpainting.png,없음,서기,후면,없음,청발,그라데이션,분홍,없음
408042,충돌,Cruiserush Knight,https://wsrv.nl/?w=400&output=jpg&bg=white&url=https%3A%2F%2Fraw.githubusercontent.com%2FJforPlay%2Fdata_for_toy%2Fmain%2Foutput_expressions%2F408042%2Fpainting.png,없음,앉기·무릎꿇기,정면,없음,보라,단색,적색,없음
408060,충돌,U-101,https://wsrv.nl/?w=400&output=jpg&bg=white&url=https%3A%2F%2Fraw.githubusercontent.com%2FJforPlay%2Fdata_for_toy%2Fmain%2Foutput_expressions%2F408060%2Fpainting.png,없음,서기,정면,없음,흑발,단색,청색,없음
408061,충돌,학교의 Posaunist,https://wsrv.nl/?w=400&output=jpg&bg=white&url=https%3A%2F%2Fraw.githubusercontent.com%2FJforPlay%2Fdata_for_toy%2Fmain%2Foutput_expressions%2F408061%2Fpainting.png,없음,앉기·무릎꿇기,정면,없음,흑발,브릿지,청색,없음
408080,충돌,U-110,https://wsrv.nl/?w=400&output=jpg&bg=white&url=https%3A%2F%2Fraw.githubusercontent.com%2FJforPlay%2Fdata_for_toy%2Fmain%2Foutput_expressions%2F408080%2Fpainting.png,없음,앉기·무릎꿇기,정면,없음,은발·백발,단색,은색·회색,없음
408081,충돌,Kleiner Hai,https://wsrv.nl/?w=400&output=jpg&bg=white&url=https%3A%2F%2Fraw.githubusercontent.com%2FJforPlay%2Fdata_for_toy%2Fmain%2Foutput_expressions%2F408081%2Fpainting.png,없음,앉기·무릎꿇기,정면,없음,은발·백발,단색,은색·회색,없음
408082,충돌,상어 귀여미,https://wsrv.nl/?w=400&output=jpg&bg=white&url=https%3A%2F%2Fraw.githubusercontent.com%2FJforPlay%2Fdata_for_toy%2Fmain%2Foutput_expressions%2F408082%2Fpainting.png,없음,서기,정면,없음,은발·백발,단색,보라,없음
408083,충돌,아이돌 귀여미,https://wsrv.nl/?w=400&output=jpg&bg=white&url=https%3A%2F%2Fraw.githubusercontent.com%2FJforPlay%2Fdata_for_toy%2Fmain%2Foutput_expressions%2F408083%2Fpainting.png,없음,서기,정면,없음,은발·백발,단색,은색·회색,없음
408084,충돌,꼬마 상어의 첫 꿈,https://wsrv.nl/?w=400&output=jpg&bg=white&url=https%3A%2F%2Fraw.githubusercontent.com%2FJforPlay%2Fdata_for_toy%2Fmain%2Foutput_expressions%2F408084%2Fpainting.png,없음,서기,정면,발바닥,은발·백발,단색,은색·회색,동물귀
408085,충돌,샤크 인 더 스프링,https://wsrv.nl/?w=400&output=jpg&bg=white&url=https%3A%2F%2Fraw.githubusercontent.com%2FJforPlay%2Fdata_for_toy%2Fmain%2Foutput_expressions%2F408085%2Fpainting.png,없음,앉기·무릎꿇기,후면,없음,은발·백발,단색,청색,없음
408100,충돌,U-37,https://wsrv.nl/?w=400&output=jpg&bg=white&url=https%3A%2F%2Fraw.githubusercontent.com%2FJforPlay%2Fdata_for_toy%2Fmain%2Foutput_expressions%2F408100%2Fpainting.png,없음,서기,정면,겨드랑이,흑발,브릿지,분홍,동물귀
408101,충돌,물거품처럼 노래하는 정월,https://wsrv.nl/?w=400&output=jpg&bg=white&url=https%3A%2F%2Fraw.githubusercontent.com%2FJforPlay%2Fdata_for_toy%2Fmain%2Foutput_expressions%2F408101%2Fpainting.png,없음,앉기·무릎꿇기,정면,없음,흑발,브릿지,적색,없음
408102,충돌,로드 피스 메이커스,https://wsrv.nl/?w=400&output=jpg&bg=white&url=https%3A%2F%2Fraw.githubusercontent.com%2FJforPlay%2Fdata_for_toy%2Fmain%2Foutput_expressions%2F408102%2Fpainting.png,없음,앉기·무릎꿇기,정면,없음,흑발,브릿지,적색,없음
408140,충돌,U-552,https://wsrv.nl/?w=400&output=jpg&bg=white&url=https%3A%2F%2Fraw.githubusercontent.com%2FJforPlay%2Fdata_for_toy%2Fmain%2Foutput_expressions%2F408140%2Fpainting.png,없음,눕기,정면,없음,은발·백발,단색,적색,없음
408141,충돌,특별 관광 서비스,https://wsrv.nl/?w=400&output=jpg&bg=white&url=https%3A%2F%2Fraw.githubusercontent.com%2FJforPlay%2Fdata_for_toy%2Fmain%2Foutput_expressions%2F408141%2Fpainting.png,없음,서기,정면,없음,은발·백발,단색,오드아이,없음
408150,충돌,U-2501,https://wsrv.nl/?w=400&output=jpg&bg=white&url=https%3A%2F%2Fraw.githubusercontent.com%2FJforPlay%2Fdata_for_toy%2Fmain%2Foutput_expressions%2F408150%2Fpainting.png,없음,서기,정면,없음,보라,단색,보라,뿔
408151,충돌,물의 장막 너머의 보물,https://wsrv.nl/?w=400&output=jpg&bg=white&url=https%3A%2F%2Fraw.githubusercontent.com%2FJforPlay%2Fdata_for_toy%2Fmain%2Foutput_expressions%2F408151%2Fpainting.png,없음,서기,후면,없음,보라,그라데이션,보라,없음
499010,충돌,론,https://wsrv.nl/?w=400&output=jpg&bg=white&url=https%3A%2F%2Fraw.githubusercontent.com%2FJforPlay%2Fdata_for_toy%2Fmain%2Foutput_expressions%2F499010%2Fpainting.png,없음,서기,정면,없음,금발,단색,갈색,없음
499011,충돌,다크레드 스마일,https://wsrv.nl/?w=400&output=jpg&bg=white&url=https%3A%2F%2Fraw.githubusercontent.com%2FJforPlay%2Fdata_for_toy%2Fmain%2Foutput_expressions%2F499011%2Fpainting.png,없음,앉기·무릎꿇기,정면,없음,금발,브릿지,금색,없음
499012,충돌,초록과 파랑의 편안함,https://wsrv.nl/?w=400&output=jpg&bg=white&url=https%3A%2F%2Fraw.githubusercontent.com%2FJforPlay%2Fdata_for_toy%2Fmain%2Foutput_expressions%2F499012%2Fpainting.png,없음,앉기·무릎꿇기,정면,없음,금발,브릿지,갈색,없음
499013,충돌,암청빛 두근거림,https://wsrv.nl/?w=400&output=jpg&bg=white&url=https%3A%2F%2Fraw.githubusercontent.com%2FJforPlay%2Fdata_for_toy%2Fmain%2Foutput_expressions%2F499013%2Fpainting.png,없음,앉기·무릎꿇기,정면,발바닥,금발,브릿지,갈색,없음
499018,충돌,포옹 속의 심연,https://wsrv.nl/?w=400&output=jpg&bg=white&url=https%3A%2F%2Fraw.githubusercontent.com%2FJforPlay%2Fdata_for_toy%2Fmain%2Foutput_expressions%2F499018%2Fpainting.png,없음,눕기,정면,없음,금발,브릿지,갈색,없음
499020,충돌,프리드리히 데어 그로세,https://wsrv.nl/?w=400&output=jpg&bg=white&url=https%3A%2F%2Fraw.githubusercontent.com%2FJforPlay%2Fdata_for_toy%2Fmain%2Foutput_expressions%2F499020%2Fpainting.png,없음,서기,정면,없음,흑발,단색,금색,없음
499021,충돌,아악의 어둠,https://wsrv.nl/?w=400&output=jpg&bg=white&url=https%3A%2F%2Fraw.githubusercontent.com%2FJforPlay%2Fdata_for_toy%2Fmain%2Foutput_expressions%2F499021%2Fpainting.png,없음,서기,정면,없음,흑발,단색,금색,뿔
499022,공란·충돌,한여름 밤의 만남,https://wsrv.nl/?w=400&output=jpg&bg=white&url=https%3A%2F%2Fraw.githubusercontent.com%2FJforPlay%2Fdata_for_toy%2Fmain%2Foutput_expressions%2F499022%2Fpainting.png,없음,눕기,,없음,흑발,단색,금색,뿔
499023,충돌,"은은한 침실의 불꽃 (듀얼, L2D, 배경)",https://wsrv.nl/?w=400&output=jpg&bg=white&url=https%3A%2F%2Fraw.githubusercontent.com%2FJforPlay%2Fdata_for_toy%2Fmain%2Foutput_expressions%2F499023%2Fpainting.png,없음,앉기·무릎꿇기,정면,발바닥,흑발,단색,금색,뿔
499024,충돌,"은은한 침실의 불꽃 (듀얼, 쁘띠모션, 배경)",https://wsrv.nl/?w=400&output=jpg&bg=white&url=https%3A%2F%2Fraw.githubusercontent.com%2FJforPlay%2Fdata_for_toy%2Fmain%2Foutput_expressions%2F499024%2Fpainting.png,없음,앉기·무릎꿇기,정면,발바닥,흑발,단색,금색,없음
499028,충돌,요람의 Zeremonie,https://wsrv.nl/?w=400&output=jpg&bg=white&url=https%3A%2F%2Fraw.githubusercontent.com%2FJforPlay%2Fdata_for_toy%2Fmain%2Foutput_expressions%2F499028%2Fpainting.png,없음,서기,정면,없음,은발·백발,단색,금색,없음
499030,충돌,마인츠,https://wsrv.nl/?w=400&output=jpg&bg=white&url=https%3A%2F%2Fraw.githubusercontent.com%2FJforPlay%2Fdata_for_toy%2Fmain%2Foutput_expressions%2F499030%2Fpainting.png,없음,서기,정면,없음,은발·백발,단색,청색,없음
499032,충돌,커피와 얇은 천,https://wsrv.nl/?w=400&output=jpg&bg=white&url=https%3A%2F%2Fraw.githubusercontent.com%2FJforPlay%2Fdata_for_toy%2Fmain%2Foutput_expressions%2F499032%2Fpainting.png,없음,서기,정면,없음,은발·백발,단색,보라,없음
499033,충돌,세레니티 블렌드,https://wsrv.nl/?w=400&output=jpg&bg=white&url=https%3A%2F%2Fraw.githubusercontent.com%2FJforPlay%2Fdata_for_toy%2Fmain%2Foutput_expressions%2F499033%2Fpainting.png,없음,눕기,정면,발바닥,은발·백발,단색,보라,없음
499040,충돌,오딘,https://wsrv.nl/?w=400&output=jpg&bg=white&url=https%3A%2F%2Fraw.githubusercontent.com%2FJforPlay%2Fdata_for_toy%2Fmain%2Foutput_expressions%2F499040%2Fpainting.png,없음,서기,정면,없음,은발·백발,그라데이션,청색,없음
499041,충돌,휘호창설,https://wsrv.nl/?w=400&output=jpg&bg=white&url=https%3A%2F%2Fraw.githubusercontent.com%2FJforPlay%2Fdata_for_toy%2Fmain%2Foutput_expressions%2F499041%2Fpainting.png,없음,서기,정면,없음,은발·백발,단색,청색,없음
499050,충돌,에기르,https://wsrv.nl/?w=400&output=jpg&bg=white&url=https%3A%2F%2Fraw.githubusercontent.com%2FJforPlay%2Fdata_for_toy%2Fmain%2Foutput_expressions%2F499050%2Fpainting.png,없음,앉기·무릎꿇기,정면,없음,은발·백발,단색,금색,없음
499051,충돌,모항의 드래곤 메이드,https://wsrv.nl/?w=400&output=jpg&bg=white&url=https%3A%2F%2Fraw.githubusercontent.com%2FJforPlay%2Fdata_for_toy%2Fmain%2Foutput_expressions%2F499051%2Fpainting.png,없음,눕기,정면,발바닥,은발·백발,단색,금색,뿔
499052,충돌,상운을 오르는 금룡,https://wsrv.nl/?w=400&output=jpg&bg=white&url=https%3A%2F%2Fraw.githubusercontent.com%2FJforPlay%2Fdata_for_toy%2Fmain%2Foutput_expressions%2F499052%2Fpainting.png,없음,앉기·무릎꿇기,정면,발바닥,은발·백발,단색,금색,뿔
499053,충돌,한가한 마물의 휴식 시간,https://wsrv.nl/?w=400&output=jpg&bg=white&url=https%3A%2F%2Fraw.githubusercontent.com%2FJforPlay%2Fdata_for_toy%2Fmain%2Foutput_expressions%2F499053%2Fpainting.png,없음,앉기·무릎꿇기,정면,없음,은발·백발,브릿지,금색,없음
499060,충돌,아우구스트 폰 파르제팔,https://wsrv.nl/?w=400&output=jpg&bg=white&url=https%3A%2F%2Fraw.githubusercontent.com%2FJforPlay%2Fdata_for_toy%2Fmain%2Foutput_expressions%2F499060%2Fpainting.png,없음,앉기·무릎꿇기,정면,없음,흑발,단색,보라,없음
499061,충돌,메이드 마녀,https://wsrv.nl/?w=400&output=jpg&bg=white&url=https%3A%2F%2Fraw.githubusercontent.com%2FJforPlay%2Fdata_for_toy%2Fmain%2Foutput_expressions%2F499061%2Fpainting.png,없음,앉기·무릎꿇기,후면,발바닥,흑발,그라데이션,보라,없음
499062,충돌,마녀의 오후,https://wsrv.nl/?w=400&output=jpg&bg=white&url=https%3A%2F%2Fraw.githubusercontent.com%2FJforPlay%2Fdata_for_toy%2Fmain%2Foutput_expressions%2F499062%2Fpainting.png,없음,앉기·무릎꿇기,정면,발바닥,흑발,단색,보라,없음
499063,충돌,위치 스타 랑데부,https://wsrv.nl/?w=400&output=jpg&bg=white&url=https%3A%2F%2Fraw.githubusercontent.com%2FJforPlay%2Fdata_for_toy%2Fmain%2Foutput_expressions%2F499063%2Fpainting.png,없음,서기,정면,겨드랑이,회색,단색,보라,없음
499070,충돌,프린츠 루프레히트,https://wsrv.nl/?w=400&output=jpg&bg=white&url=https%3A%2F%2Fraw.githubusercontent.com%2FJforPlay%2Fdata_for_toy%2Fmain%2Foutput_expressions%2F499070%2Fpainting.png,없음,서기,정면,없음,분홍,단색,보라,뿔
499071,충돌,드래곤의 용문 오르기?,https://wsrv.nl/?w=400&output=jpg&bg=white&url=https%3A%2F%2Fraw.githubusercontent.com%2FJforPlay%2Fdata_for_toy%2Fmain%2Foutput_expressions%2F499071%2Fpainting.png,없음,서기,정면,없음,분홍,단색,보라,없음
499072,충돌,미드나이트 펄,https://wsrv.nl/?w=400&output=jpg&bg=white&url=https%3A%2F%2Fraw.githubusercontent.com%2FJforPlay%2Fdata_for_toy%2Fmain%2Foutput_expressions%2F499072%2Fpainting.png,없음,앉기·무릎꿇기,정면,없음,분홍,단색,보라,뿔
499080,충돌,펠릭스 슐츠,https://wsrv.nl/?w=400&output=jpg&bg=white&url=https%3A%2F%2Fraw.githubusercontent.com%2FJforPlay%2Fdata_for_toy%2Fmain%2Foutput_expressions%2F499080%2Fpainting.png,없음,서기,후면,없음,보라,그라데이션,적색,없음
499081,충돌,스윗 리벤저,https://wsrv.nl/?w=400&output=jpg&bg=white&url=https%3A%2F%2Fraw.githubusercontent.com%2FJforPlay%2Fdata_for_toy%2Fmain%2Foutput_expressions%2F499081%2Fpainting.png,없음,앉기·무릎꿇기,정면,없음,보라,단색,적색,뿔
499090,충돌,힌덴부르크,https://wsrv.nl/?w=400&output=jpg&bg=white&url=https%3A%2F%2Fraw.githubusercontent.com%2FJforPlay%2Fdata_for_toy%2Fmain%2Foutput_expressions%2F499090%2Fpainting.png,없음,서기,정면,없음,적발,단색,적색,없음
499091,충돌,패럴리틱 버서스,https://wsrv.nl/?w=400&output=jpg&bg=white&url=https%3A%2F%2Fraw.githubusercontent.com%2FJforPlay%2Fdata_for_toy%2Fmain%2Foutput_expressions%2F499091%2Fpainting.png,없음,앉기·무릎꿇기,정면,없음,적발,단색,분홍,동물귀
499092,충돌,매혹하는 심계의 춤,https://wsrv.nl/?w=400&output=jpg&bg=white&url=https%3A%2F%2Fraw.githubusercontent.com%2FJforPlay%2Fdata_for_toy%2Fmain%2Foutput_expressions%2F499092%2Fpainting.png,없음,눕기,정면,발바닥,적발,단색,적색,없음
499100,충돌,메클렌부르크,https://wsrv.nl/?w=400&output=jpg&bg=white&url=https%3A%2F%2Fraw.githubusercontent.com%2FJforPlay%2Fdata_for_toy%2Fmain%2Foutput_expressions%2F499100%2Fpainting.png,없음,서기,정면,없음,분홍,단색,오드아이,날개
499101,충돌,낙인의 헥세라이,https://wsrv.nl/?w=400&output=jpg&bg=white&url=https%3A%2F%2Fraw.githubusercontent.com%2FJforPlay%2Fdata_for_toy%2Fmain%2Foutput_expressions%2F499101%2Fpainting.png,없음,앉기·무릎꿇기,정면,없음,분홍,단색,오드아이,뿔
501010,충돌,안샨,https://wsrv.nl/?w=400&output=jpg&bg=white&url=https%3A%2F%2Fraw.githubusercontent.com%2FJforPlay%2Fdata_for_toy%2Fmain%2Foutput_expressions%2F501010%2Fpainting.png,없음,서기,정면,발바닥,은발·백발,그라데이션,녹색,없음
501012,충돌,석양과 그 사람,https://wsrv.nl/?w=400&output=jpg&bg=white&url=https%3A%2F%2Fraw.githubusercontent.com%2FJforPlay%2Fdata_for_toy%2Fmain%2Foutput_expressions%2F501012%2Fpainting.png,없음,앉기·무릎꿇기,정면,없음,녹발,단색,녹색,없음
501019,충돌,안샨·改,https://wsrv.nl/?w=400&output=jpg&bg=white&url=https%3A%2F%2Fraw.githubusercontent.com%2FJforPlay%2Fdata_for_toy%2Fmain%2Foutput_expressions%2F501019%2Fpainting.png,없음,서기,정면,없음,녹발,단색,녹색,없음
501020,충돌,푸슌,https://wsrv.nl/?w=400&output=jpg&bg=white&url=https%3A%2F%2Fraw.githubusercontent.com%2FJforPlay%2Fdata_for_toy%2Fmain%2Foutput_expressions%2F501020%2Fpainting.png,없음,서기,정면,없음,적발,단색,청색,없음
501021,충돌,사천왕의 빠오즈 낚시,https://wsrv.nl/?w=400&output=jpg&bg=white&url=https%3A%2F%2Fraw.githubusercontent.com%2FJforPlay%2Fdata_for_toy%2Fmain%2Foutput_expressions%2F501021%2Fpainting.png,없음,앉기·무릎꿇기,정면,없음,갈색,단색,청색,없음
501029,충돌,푸슌·改,https://wsrv.nl/?w=400&output=jpg&bg=white&url=https%3A%2F%2Fraw.githubusercontent.com%2FJforPlay%2Fdata_for_toy%2Fmain%2Foutput_expressions%2F501029%2Fpainting.png,없음,서기,정면,없음,적발,그라데이션,청색,없음
501030,충돌,창춘,https://wsrv.nl/?w=400&output=jpg&bg=white&url=https%3A%2F%2Fraw.githubusercontent.com%2FJforPlay%2Fdata_for_toy%2Fmain%2Foutput_expressions%2F501030%2Fpainting.png,없음,서기,정면,없음,은발·백발,단색,분홍,"동물귀, 꼬리"
501031,충돌,춘계사양,https://wsrv.nl/?w=400&output=jpg&bg=white&url=https%3A%2F%2Fraw.githubusercontent.com%2FJforPlay%2Fdata_for_toy%2Fmain%2Foutput_expressions%2F501031%2Fpainting.png,없음,서기,정면,없음,은발·백발,단색,보라,없음
501032,충돌,행운이 깃들기를,https://wsrv.nl/?w=400&output=jpg&bg=white&url=https%3A%2F%2Fraw.githubusercontent.com%2FJforPlay%2Fdata_for_toy%2Fmain%2Foutput_expressions%2F501032%2Fpainting.png,없음,앉기·무릎꿇기,정면,없음,은발·백발,단색,적색,없음
501039,충돌,창춘·改,https://wsrv.nl/?w=400&output=jpg&bg=white&url=https%3A%2F%2Fraw.githubusercontent.com%2FJforPlay%2Fdata_for_toy%2Fmain%2Foutput_expressions%2F501039%2Fpainting.png,없음,서기,정면,발바닥,은발·백발,단색,분홍,없음
501040,충돌,타이위안,https://wsrv.nl/?w=400&output=jpg&bg=white&url=https%3A%2F%2Fraw.githubusercontent.com%2FJforPlay%2Fdata_for_toy%2Fmain%2Foutput_expressions%2F501040%2Fpainting.png,없음,서기,정면,없음,흑발,단색,보라,없음
501041,충돌,봄을 깨우는 검은 거북이,https://wsrv.nl/?w=400&output=jpg&bg=white&url=https%3A%2F%2Fraw.githubusercontent.com%2FJforPlay%2Fdata_for_toy%2Fmain%2Foutput_expressions%2F501041%2Fpainting.png,없음,앉기·무릎꿇기,정면,없음,갈색,단색,보라,없음
501042,충돌,두근두근 곁잠,https://wsrv.nl/?w=400&output=jpg&bg=white&url=https%3A%2F%2Fraw.githubusercontent.com%2FJforPlay%2Fdata_for_toy%2Fmain%2Foutput_expressions%2F501042%2Fpainting.png,없음,눕기,정면,발바닥,갈색,단색,보라,없음
501049,충돌,타이위안·改,https://wsrv.nl/?w=400&output=jpg&bg=white&url=https%3A%2F%2Fraw.githubusercontent.com%2FJforPlay%2Fdata_for_toy%2Fmain%2Foutput_expressions%2F501049%2Fpainting.png,없음,앉기·무릎꿇기,정면,없음,흑발,단색,보라,없음
501050,충돌,롱우,https://wsrv.nl/?w=400&output=jpg&bg=white&url=https%3A%2F%2Fraw.githubusercontent.com%2FJforPlay%2Fdata_for_toy%2Fmain%2Foutput_expressions%2F501050%2Fpainting.png,없음,서기,정면,없음,은발·백발,그라데이션,청색,"뿔, 꼬리"
501051,충돌,승천하는 용의 새해 연회,https://wsrv.nl/?w=400&output=jpg&bg=white&url=https%3A%2F%2Fraw.githubusercontent.com%2FJforPlay%2Fdata_for_toy%2Fmain%2Foutput_expressions%2F501051%2Fpainting.png,없음,앉기·무릎꿇기,후면,발바닥,은발·백발,단색,청색,"뿔, 꼬리"
501052,충돌,유연한 푸른 바다,https://wsrv.nl/?w=400&output=jpg&bg=white&url=https%3A%2F%2Fraw.githubusercontent.com%2FJforPlay%2Fdata_for_toy%2Fmain%2Foutput_expressions%2F501052%2Fpainting.png,없음,서기,후면,없음,보라,그라데이션,청색,"뿔, 꼬리"
501060,충돌,후번,https://wsrv.nl/?w=400&output=jpg&bg=white&url=https%3A%2F%2Fraw.githubusercontent.com%2FJforPlay%2Fdata_for_toy%2Fmain%2Foutput_expressions%2F501060%2Fpainting.png,없음,앉기·무릎꿇기,정면,발바닥,금발,브릿지,갈색,"동물귀, 꼬리"
501061,충돌,호무영춘,https://wsrv.nl/?w=400&output=jpg&bg=white&url=https%3A%2F%2Fraw.githubusercontent.com%2FJforPlay%2Fdata_for_toy%2Fmain%2Foutput_expressions%2F501061%2Fpainting.png,없음,서기,후면,없음,금발,단색,금색,"동물귀, 꼬리"
501080,충돌,창펑,https://wsrv.nl/?w=400&output=jpg&bg=white&url=https%3A%2F%2Fraw.githubusercontent.com%2FJforPlay%2Fdata_for_toy%2Fmain%2Foutput_expressions%2F501080%2Fpainting.png,없음,서기,정면,없음,흑발,단색,갈색,없음
501081,충돌,따뜻한 대청소,https://wsrv.nl/?w=400&output=jpg&bg=white&url=https%3A%2F%2Fraw.githubusercontent.com%2FJforPlay%2Fdata_for_toy%2Fmain%2Foutput_expressions%2F501081%2Fpainting.png,없음,앉기·무릎꿇기,후면,없음,흑발,단색,갈색,없음
501082,충돌,벽옥보다 푸른 천청색,https://wsrv.nl/?w=400&output=jpg&bg=white&url=https%3A%2F%2Fraw.githubusercontent.com%2FJforPlay%2Fdata_for_toy%2Fmain%2Foutput_expressions%2F501082%2Fpainting.png,없음,앉기·무릎꿇기,정면,없음,갈색,단색,갈색,없음
501090,충돌,푸보,https://wsrv.nl/?w=400&output=jpg&bg=white&url=https%3A%2F%2Fraw.githubusercontent.com%2FJforPlay%2Fdata_for_toy%2Fmain%2Foutput_expressions%2F501090%2Fpainting.png,없음,서기,후면,없음,흑발,단색,금색,날개
501091,충돌,잠재우기 힘든 짓궂은 파도,https://wsrv.nl/?w=400&output=jpg&bg=white&url=https%3A%2F%2Fraw.githubusercontent.com%2FJforPlay%2Fdata_for_toy%2Fmain%2Foutput_expressions%2F501091%2Fpainting.png,없음,앉기·무릎꿇기,정면,발바닥,흑발,단색,금색,없음
502020,충돌,닝하이,https://wsrv.nl/?w=400&output=jpg&bg=white&url=https%3A%2F%2Fraw.githubusercontent.com%2FJforPlay%2Fdata_for_toy%2Fmain%2Foutput_expressions%2F502020%2Fpainting.png,없음,서기,정면,없음,흑발,단색,보라,없음
502021,충돌,식욕의 여름!,https://wsrv.nl/?w=400&output=jpg&bg=white&url=https%3A%2F%2Fraw.githubusercontent.com%2FJforPlay%2Fdata_for_toy%2Fmain%2Foutput_expressions%2F502021%2Fpainting.png,선글라스,서기,정면,없음,흑발,단색,보라,없음
502022,충돌,달궁전의 토끼,https://wsrv.nl/?w=400&output=jpg&bg=white&url=https%3A%2F%2Fraw.githubusercontent.com%2FJforPlay%2Fdata_for_toy%2Fmain%2Foutput_expressions%2F502022%2Fpainting.png,없음,서기,정면,발바닥,흑발,단색,보라,동물귀
502023,충돌,이스트 글림 시스터즈!・N,https://wsrv.nl/?w=400&output=jpg&bg=white&url=https%3A%2F%2Fraw.githubusercontent.com%2FJforPlay%2Fdata_for_toy%2Fmain%2Foutput_expressions%2F502023%2Fpainting.png,없음,서기,정면,없음,보라,단색,분홍,없음
502024,충돌,새해맞이 여행!,https://wsrv.nl/?w=400&output=jpg&bg=white&url=https%3A%2F%2Fraw.githubusercontent.com%2FJforPlay%2Fdata_for_toy%2Fmain%2Foutput_expressions%2F502024%2Fpainting.png,없음,서기,후면,없음,보라,단색,보라,없음
502025,충돌,보랏빛 연회,https://wsrv.nl/?w=400&output=jpg&bg=white&url=https%3A%2F%2Fraw.githubusercontent.com%2FJforPlay%2Fdata_for_toy%2Fmain%2Foutput_expressions%2F502025%2Fpainting.png,없음,서기,정면,없음,보라,단색,보라,없음
502026,충돌,닝닝의 친구,https://wsrv.nl/?w=400&output=jpg&bg=white&url=https%3A%2F%2Fraw.githubusercontent.com%2FJforPlay%2Fdata_for_toy%2Fmain%2Foutput_expressions%2F502026%2Fpainting.png,없음,앉기·무릎꿇기,정면,없음,보라,단색,보라,없음
502027,충돌,정신없는 설날의 주방,https://wsrv.nl/?w=400&output=jpg&bg=white&url=https%3A%2F%2Fraw.githubusercontent.com%2FJforPlay%2Fdata_for_toy%2Fmain%2Foutput_expressions%2F502027%2Fpainting.png,없음,서기,정면,없음,흑발,단색,보라,없음
502029,충돌,닝하이·改,https://wsrv.nl/?w=400&output=jpg&bg=white&url=https%3A%2F%2Fraw.githubusercontent.com%2FJforPlay%2Fdata_for_toy%2Fmain%2Foutput_expressions%2F502029%2Fpainting.png,없음,서기,정면,없음,흑발,브릿지,보라,없음
502030,충돌,핑하이,https://wsrv.nl/?w=400&output=jpg&bg=white&url=https%3A%2F%2Fraw.githubusercontent.com%2FJforPlay%2Fdata_for_toy%2Fmain%2Foutput_expressions%2F502030%2Fpainting.png,없음,서기,정면,없음,갈색,단색,갈색,없음
502031,충돌,신나는 여름?!,https://wsrv.nl/?w=400&output=jpg&bg=white&url=https%3A%2F%2Fraw.githubusercontent.com%2FJforPlay%2Fdata_for_toy%2Fmain%2Foutput_expressions%2F502031%2Fpainting.png,없음,서기,정면,없음,갈색,단색,적색,없음
502032,충돌,계수나무 꽃의 달토끼,https://wsrv.nl/?w=400&output=jpg&bg=white&url=https%3A%2F%2Fraw.githubusercontent.com%2FJforPlay%2Fdata_for_toy%2Fmain%2Foutput_expressions%2F502032%2Fpainting.png,없음,서기,정면,발바닥,갈색,단색,적색,"동물귀, 꼬리"
502033,충돌,이스트 글림 시스터즈!・P,https://wsrv.nl/?w=400&output=jpg&bg=white&url=https%3A%2F%2Fraw.githubusercontent.com%2FJforPlay%2Fdata_for_toy%2Fmain%2Foutput_expressions%2F502033%2Fpainting.png,없음,서기,정면,없음,갈색,단색,분홍,없음
502034,충돌,미식 원정대!,https://wsrv.nl/?w=400&output=jpg&bg=white&url=https%3A%2F%2Fraw.githubusercontent.com%2FJforPlay%2Fdata_for_toy%2Fmain%2Foutput_expressions%2F502034%2Fpainting.png,없음,서기,정면,없음,갈색,단색,갈색,없음
502035,충돌,스위트 레드,https://wsrv.nl/?w=400&output=jpg&bg=white&url=https%3A%2F%2Fraw.githubusercontent.com%2FJforPlay%2Fdata_for_toy%2Fmain%2Foutput_expressions%2F502035%2Fpainting.png,없음,서기,정면,없음,갈색,단색,분홍,없음
502036,충돌,핑핑의 친구,https://wsrv.nl/?w=400&output=jpg&bg=white&url=https%3A%2F%2Fraw.githubusercontent.com%2FJforPlay%2Fdata_for_toy%2Fmain%2Foutput_expressions%2F502036%2Fpainting.png,없음,서기,정면,발바닥,갈색,단색,분홍,없음
502037,충돌,뜨거운 연회 준비,https://wsrv.nl/?w=400&output=jpg&bg=white&url=https%3A%2F%2Fraw.githubusercontent.com%2FJforPlay%2Fdata_for_toy%2Fmain%2Foutput_expressions%2F502037%2Fpainting.png,없음,서기,정면,없음,갈색,단색,갈색,없음
502039,충돌,핑하이·改,https://wsrv.nl/?w=400&output=jpg&bg=white&url=https%3A%2F%2Fraw.githubusercontent.com%2FJforPlay%2Fdata_for_toy%2Fmain%2Foutput_expressions%2F502039%2Fpainting.png,없음,서기,정면,없음,갈색,단색,적색,없음
502040,충돌,잉 루이,https://wsrv.nl/?w=400&output=jpg&bg=white&url=https%3A%2F%2Fraw.githubusercontent.com%2FJforPlay%2Fdata_for_toy%2Fmain%2Foutput_expressions%2F502040%2Fpainting.png,없음,서기,정면,없음,은발·백발,단색,청색,없음
502041,충돌,한송설난,https://wsrv.nl/?w=400&output=jpg&bg=white&url=https%3A%2F%2Fraw.githubusercontent.com%2FJforPlay%2Fdata_for_toy%2Fmain%2Foutput_expressions%2F502041%2Fpainting.png,없음,앉기·무릎꿇기,정면,없음,은발·백발,투톤,청색,없음
502042,충돌,장난치는 송매화·上,https://wsrv.nl/?w=400&output=jpg&bg=white&url=https%3A%2F%2Fraw.githubusercontent.com%2FJforPlay%2Fdata_for_toy%2Fmain%2Foutput_expressions%2F502042%2Fpainting.png,없음,엎드리기,정면,없음,보라,그라데이션,청색,없음
502043,충돌,푸른 물결과 맑은 여름,https://wsrv.nl/?w=400&output=jpg&bg=white&url=https%3A%2F%2Fraw.githubusercontent.com%2FJforPlay%2Fdata_for_toy%2Fmain%2Foutput_expressions%2F502043%2Fpainting.png,선글라스,앉기·무릎꿇기,정면,없음,은발·백발,그라데이션,청색,없음
502049,충돌,잉 루이·改,https://wsrv.nl/?w=400&output=jpg&bg=white&url=https%3A%2F%2Fraw.githubusercontent.com%2FJforPlay%2Fdata_for_toy%2Fmain%2Foutput_expressions%2F502049%2Fpainting.png,없음,서기,정면,없음,은발·백발,단색,청색,없음
502050,충돌,차오 호,https://wsrv.nl/?w=400&output=jpg&bg=white&url=https%3A%2F%2Fraw.githubusercontent.com%2FJforPlay%2Fdata_for_toy%2Fmain%2Foutput_expressions%2F502050%2Fpainting.png,없음,서기,정면,없음,은발·백발,투톤,보라,없음
502051,충돌,화지영매,https://wsrv.nl/?w=400&output=jpg&bg=white&url=https%3A%2F%2Fraw.githubusercontent.com%2FJforPlay%2Fdata_for_toy%2Fmain%2Foutput_expressions%2F502051%2Fpainting.png,없음,앉기·무릎꿇기,정면,발바닥,갈색,그라데이션,보라,없음
502052,충돌,장난치는 송매화·下,https://wsrv.nl/?w=400&output=jpg&bg=white&url=https%3A%2F%2Fraw.githubusercontent.com%2FJforPlay%2Fdata_for_toy%2Fmain%2Foutput_expressions%2F502052%2Fpainting.png,없음,엎드리기,후면,발바닥,적발,브릿지,보라,없음
502053,충돌,"푸른 물결, 빛나는 태양",https://wsrv.nl/?w=400&output=jpg&bg=white&url=https%3A%2F%2Fraw.githubusercontent.com%2FJforPlay%2Fdata_for_toy%2Fmain%2Foutput_expressions%2F502053%2Fpainting.png,선글라스,앉기·무릎꿇기,후면,발바닥,은발·백발,투톤,보라,없음
502059,충돌,차오 호·改,https://wsrv.nl/?w=400&output=jpg&bg=white&url=https%3A%2F%2Fraw.githubusercontent.com%2FJforPlay%2Fdata_for_toy%2Fmain%2Foutput_expressions%2F502059%2Fpainting.png,없음,서기,정면,없음,은발·백발,투톤,보라,없음
502070,충돌,하이티엔,https://wsrv.nl/?w=400&output=jpg&bg=white&url=https%3A%2F%2Fraw.githubusercontent.com%2FJforPlay%2Fdata_for_toy%2Fmain%2Foutput_expressions%2F502070%2Fpainting.png,없음,서기,정면,없음,은발·백발,그라데이션,금색,없음
502071,충돌,시의 향이 풍기는 정자,https://wsrv.nl/?w=400&output=jpg&bg=white&url=https%3A%2F%2Fraw.githubusercontent.com%2FJforPlay%2Fdata_for_toy%2Fmain%2Foutput_expressions%2F502071%2Fpainting.png,없음,서기,후면,없음,은발·백발,그라데이션,금색,없음
502072,충돌,신선의 춤사위,https://wsrv.nl/?w=400&output=jpg&bg=white&url=https%3A%2F%2Fraw.githubusercontent.com%2FJforPlay%2Fdata_for_toy%2Fmain%2Foutput_expressions%2F502072%2Fpainting.png,없음,서기,후면,없음,은발·백발,그라데이션,금색,없음
502073,충돌,괴이가 도량하는 가을밤에,https://wsrv.nl/?w=400&output=jpg&bg=white&url=https%3A%2F%2Fraw.githubusercontent.com%2FJforPlay%2Fdata_for_toy%2Fmain%2Foutput_expressions%2F502073%2Fpainting.png,없음,서기,정면,없음,은발·백발,단색,금색,없음
502074,충돌,달콤한 마음의 제빵사,https://wsrv.nl/?w=400&output=jpg&bg=white&url=https%3A%2F%2Fraw.githubusercontent.com%2FJforPlay%2Fdata_for_toy%2Fmain%2Foutput_expressions%2F502074%2Fpainting.png,없음,앉기·무릎꿇기,정면,없음,은발·백발,단색,금색,없음
502078,충돌,난봉화명,https://wsrv.nl/?w=400&output=jpg&bg=white&url=https%3A%2F%2Fraw.githubusercontent.com%2FJforPlay%2Fdata_for_toy%2Fmain%2Foutput_expressions%2F502078%2Fpainting.png,없음,서기,정면,없음,은발·백발,단색,금색,없음
502090,충돌,지안,https://wsrv.nl/?w=400&output=jpg&bg=white&url=https%3A%2F%2Fraw.githubusercontent.com%2FJforPlay%2Fdata_for_toy%2Fmain%2Foutput_expressions%2F502090%2Fpainting.png,없음,서기,정면,없음,흑발,그라데이션,보라,"꼬리, 동물귀"
502091,충돌,화등과 밤놀이,https://wsrv.nl/?w=400&output=jpg&bg=white&url=https%3A%2F%2Fraw.githubusercontent.com%2FJforPlay%2Fdata_for_toy%2Fmain%2Foutput_expressions%2F502091%2Fpainting.png,없음,앉기·무릎꿇기,정면,없음,보라,단색,보라,없음
502092,충돌,이국의 몽상향,https://wsrv.nl/?w=400&output=jpg&bg=white&url=https%3A%2F%2Fraw.githubusercontent.com%2FJforPlay%2Fdata_for_toy%2Fmain%2Foutput_expressions%2F502092%2Fpainting.png,없음,앉기·무릎꿇기,정면,없음,보라,단색,보라,없음
502100,충돌,하이롱,https://wsrv.nl/?w=400&output=jpg&bg=white&url=https%3A%2F%2Fraw.githubusercontent.com%2FJforPlay%2Fdata_for_toy%2Fmain%2Foutput_expressions%2F502100%2Fpainting.png,선글라스,서기,정면,없음,흑발,그라데이션,보라,없음
502101,충돌,메이플 임프레션,https://wsrv.nl/?w=400&output=jpg&bg=white&url=https%3A%2F%2Fraw.githubusercontent.com%2FJforPlay%2Fdata_for_toy%2Fmain%2Foutput_expressions%2F502101%2Fpainting.png,없음,서기,후면,없음,흑발,단색,보라,없음
502120,충돌,하이처우,https://wsrv.nl/?w=400&output=jpg&bg=white&url=https%3A%2F%2Fraw.githubusercontent.com%2FJforPlay%2Fdata_for_toy%2Fmain%2Foutput_expressions%2F502120%2Fpainting.png,없음,서기,정면,없음,흑발,그라데이션,적색,동물귀
502121,충돌,잠을 깨우는 진한 향기,https://wsrv.nl/?w=400&output=jpg&bg=white&url=https%3A%2F%2Fraw.githubusercontent.com%2FJforPlay%2Fdata_for_toy%2Fmain%2Foutput_expressions%2F502121%2Fpainting.png,없음,앉기·무릎꿇기,후면,발바닥,흑발,브릿지,적색,동물귀
504010,충돌,환창,https://wsrv.nl/?w=400&output=jpg&bg=white&url=https%3A%2F%2Fraw.githubusercontent.com%2FJforPlay%2Fdata_for_toy%2Fmain%2Foutput_expressions%2F504010%2Fpainting.png,없음,앉기·무릎꿇기,정면,없음,흑발,브릿지,녹색,없음
504011,충돌,월하연무,https://wsrv.nl/?w=400&output=jpg&bg=white&url=https%3A%2F%2Fraw.githubusercontent.com%2FJforPlay%2Fdata_for_toy%2Fmain%2Foutput_expressions%2F504011%2Fpainting.png,없음,서기,정면,없음,흑발,단색,청색,없음
506010,충돌,젠하이,https://wsrv.nl/?w=400&output=jpg&bg=white&url=https%3A%2F%2Fraw.githubusercontent.com%2FJforPlay%2Fdata_for_toy%2Fmain%2Foutput_expressions%2F506010%2Fpainting.png,없음,앉기·무릎꿇기,정면,없음,흑발,단색,분홍,없음
506011,충돌,불가사의한 성전,https://wsrv.nl/?w=400&output=jpg&bg=white&url=https%3A%2F%2Fraw.githubusercontent.com%2FJforPlay%2Fdata_for_toy%2Fmain%2Foutput_expressions%2F506011%2Fpainting.png,없음,앉기·무릎꿇기,정면,없음,흑발,단색,보라,없음
506012,충돌,흔들리는 물결,https://wsrv.nl/?w=400&output=jpg&bg=white&url=https%3A%2F%2Fraw.githubusercontent.com%2FJforPlay%2Fdata_for_toy%2Fmain%2Foutput_expressions%2F506012%2Fpainting.png,없음,엎드리기,후면,없음,흑발,단색,보라,없음
506013,충돌,취원가수,https://wsrv.nl/?w=400&output=jpg&bg=white&url=https%3A%2F%2Fraw.githubusercontent.com%2FJforPlay%2Fdata_for_toy%2Fmain%2Foutput_expressions%2F506013%2Fpainting.png,없음,서기,정면,없음,흑발,단색,적색,없음
506018,충돌,붉은 밀월의 밤,https://wsrv.nl/?w=400&output=jpg&bg=white&url=https%3A%2F%2Fraw.githubusercontent.com%2FJforPlay%2Fdata_for_toy%2Fmain%2Foutput_expressions%2F506018%2Fpainting.png,없음,앉기·무릎꿇기,정면,없음,흑발,단색,보라,없음
506019,충돌,젠하이·改,https://wsrv.nl/?w=400&output=jpg&bg=white&url=https%3A%2F%2Fraw.githubusercontent.com%2FJforPlay%2Fdata_for_toy%2Fmain%2Foutput_expressions%2F506019%2Fpainting.png,없음,서기,후면,없음,흑발,단색,적색,날개
506020,충돌,화지아,https://wsrv.nl/?w=400&output=jpg&bg=white&url=https%3A%2F%2Fraw.githubusercontent.com%2FJforPlay%2Fdata_for_toy%2Fmain%2Foutput_expressions%2F506020%2Fpainting.png,없음,서기,정면,없음,흑발,브릿지,청색,없음
506021,충돌,강시 함선의 봄날 밤,https://wsrv.nl/?w=400&output=jpg&bg=white&url=https%3A%2F%2Fraw.githubusercontent.com%2FJforPlay%2Fdata_for_toy%2Fmain%2Foutput_expressions%2F506021%2Fpainting.png,없음,앉기·무릎꿇기,정면,발바닥,흑발,브릿지,청색,없음
506022,충돌,옻칠의 광채,https://wsrv.nl/?w=400&output=jpg&bg=white&url=https%3A%2F%2Fraw.githubusercontent.com%2FJforPlay%2Fdata_for_toy%2Fmain%2Foutput_expressions%2F506022%2Fpainting.png,없음,앉기·무릎꿇기,정면,없음,갈색,브릿지,청색,없음
506029,충돌,화지아·改,https://wsrv.nl/?w=400&output=jpg&bg=white&url=https%3A%2F%2Fraw.githubusercontent.com%2FJforPlay%2Fdata_for_toy%2Fmain%2Foutput_expressions%2F506029%2Fpainting.png,없음,서기,정면,겨드랑이,흑발,브릿지,청색,없음
599010,충돌,하얼빈,https://wsrv.nl/?w=400&output=jpg&bg=white&url=https%3A%2F%2Fraw.githubusercontent.com%2FJforPlay%2Fdata_for_toy%2Fmain%2Foutput_expressions%2F599010%2Fpainting.png,없음,서기,후면,없음,흑발,브릿지,금색,없음
599011,충돌,분방한 수천일색,https://wsrv.nl/?w=400&output=jpg&bg=white&url=https%3A%2F%2Fraw.githubusercontent.com%2FJforPlay%2Fdata_for_toy%2Fmain%2Foutput_expressions%2F599011%2Fpainting.png,없음,서기,후면,없음,흑발,브릿지,금색,없음
599012,충돌,한여름 보물선의 돛을 올려라,https://wsrv.nl/?w=400&output=jpg&bg=white&url=https%3A%2F%2Fraw.githubusercontent.com%2FJforPlay%2Fdata_for_toy%2Fmain%2Foutput_expressions%2F599012%2Fpainting.png,없음,앉기·무릎꿇기,정면,없음,흑발,브릿지,금색,없음
599018,충돌,페오니아 레드,https://wsrv.nl/?w=400&output=jpg&bg=white&url=https%3A%2F%2Fraw.githubusercontent.com%2FJforPlay%2Fdata_for_toy%2Fmain%2Foutput_expressions%2F599018%2Fpainting.png,없음,앉기·무릎꿇기,정면,없음,갈색,단색,금색,없음
601040,충돌,마에스트라레,https://wsrv.nl/?w=400&output=jpg&bg=white&url=https%3A%2F%2Fraw.githubusercontent.com%2FJforPlay%2Fdata_for_toy%2Fmain%2Foutput_expressions%2F601040%2Fpainting.png,없음,서기,정면,없음,은발·백발,투톤,적색,없음
601041,충돌,론리 비치,https://wsrv.nl/?w=400&output=jpg&bg=white&url=https%3A%2F%2Fraw.githubusercontent.com%2FJforPlay%2Fdata_for_toy%2Fmain%2Foutput_expressions%2F601041%2Fpainting.png,없음,앉기·무릎꿇기,정면,없음,은발·백발,단색,적색,없음
601060,충돌,니콜로소 다 레코,https://wsrv.nl/?w=400&output=jpg&bg=white&url=https%3A%2F%2Fraw.githubusercontent.com%2FJforPlay%2Fdata_for_toy%2Fmain%2Foutput_expressions%2F601060%2Fpainting.png,없음,서기,후면,없음,보라,투톤,청색,없음
601061,충돌,출항 전 한 방!,https://wsrv.nl/?w=400&output=jpg&bg=white&url=https%3A%2F%2Fraw.githubusercontent.com%2FJforPlay%2Fdata_for_toy%2Fmain%2Foutput_expressions%2F601061%2Fpainting.png,선글라스,서기,정면,겨드랑이,보라,단색,청색,없음
601070,충돌,폼페오 마뇨,https://wsrv.nl/?w=400&output=jpg&bg=white&url=https%3A%2F%2Fraw.githubusercontent.com%2FJforPlay%2Fdata_for_toy%2Fmain%2Foutput_expressions%2F601070%2Fpainting.png,없음,서기,정면,없음,분홍,단색,금색,없음
601071,공란·충돌,퀘이버 데이드림,https://wsrv.nl/?w=400&output=jpg&bg=white&url=https%3A%2F%2Fraw.githubusercontent.com%2FJforPlay%2Fdata_for_toy%2Fmain%2Foutput_expressions%2F601071%2Fpainting.png,없음,눕기,정면,,분홍,단색,적색,없음
601080,충돌,알프레도 오리아니,https://wsrv.nl/?w=400&output=jpg&bg=white&url=https%3A%2F%2Fraw.githubusercontent.com%2FJforPlay%2Fdata_for_toy%2Fmain%2Foutput_expressions%2F601080%2Fpainting.png,선글라스,서기,정면,없음,금발,단색,청색,없음
601081,충돌,화련한 Vivace,https://wsrv.nl/?w=400&output=jpg&bg=white&url=https%3A%2F%2Fraw.githubusercontent.com%2FJforPlay%2Fdata_for_toy%2Fmain%2Foutput_expressions%2F601081%2Fpainting.png,없음,서기,정면,없음,갈색,단색,보라,없음
601110,충돌,조수에 카르두치,https://wsrv.nl/?w=400&output=jpg&bg=white&url=https%3A%2F%2Fraw.githubusercontent.com%2FJforPlay%2Fdata_for_toy%2Fmain%2Foutput_expressions%2F601110%2Fpainting.png,없음,서기,정면,없음,금발,브릿지,청색,없음
601111,충돌,포엣 스태빌리티,https://wsrv.nl/?w=400&output=jpg&bg=white&url=https%3A%2F%2Fraw.githubusercontent.com%2FJforPlay%2Fdata_for_toy%2Fmain%2Foutput_expressions%2F601111%2Fpainting.png,없음,서기,정면,겨드랑이,은발·백발,브릿지,청색,없음
602040,충돌,알베르토 디 주사노,https://wsrv.nl/?w=400&output=jpg&bg=white&url=https%3A%2F%2Fraw.githubusercontent.com%2FJforPlay%2Fdata_for_toy%2Fmain%2Foutput_expressions%2F602040%2Fpainting.png,없음,서기,정면,없음,금발,단색,청색,없음
602041,충돌,화려한 해프닝,https://wsrv.nl/?w=400&output=jpg&bg=white&url=https%3A%2F%2Fraw.githubusercontent.com%2FJforPlay%2Fdata_for_toy%2Fmain%2Foutput_expressions%2F602041%2Fpainting.png,없음,앉기·무릎꿇기,후면,없음,금발,브릿지,청색,없음
603030,충돌,폴라,https://wsrv.nl/?w=400&output=jpg&bg=white&url=https%3A%2F%2Fraw.githubusercontent.com%2FJforPlay%2Fdata_for_toy%2Fmain%2Foutput_expressions%2F603030%2Fpainting.png,없음,서기,정면,없음,보라,단색,적색,없음
603031,충돌,물가 해프닝?,https://wsrv.nl/?w=400&output=jpg&bg=white&url=https%3A%2F%2Fraw.githubusercontent.com%2FJforPlay%2Fdata_for_toy%2Fmain%2Foutput_expressions%2F603031%2Fpainting.png,없음,앉기·무릎꿇기,후면,없음,보라,그라데이션,적색,없음
603040,충돌,트리에스테,https://wsrv.nl/?w=400&output=jpg&bg=white&url=https%3A%2F%2Fraw.githubusercontent.com%2FJforPlay%2Fdata_for_toy%2Fmain%2Foutput_expressions%2F603040%2Fpainting.png,없음,서기,정면,없음,분홍,단색,청색,없음
603041,충돌,기대되는 도시락 시간?,https://wsrv.nl/?w=400&output=jpg&bg=white&url=https%3A%2F%2Fraw.githubusercontent.com%2FJforPlay%2Fdata_for_toy%2Fmain%2Foutput_expressions%2F603041%2Fpainting.png,없음,서기,후면,없음,분홍,단색,녹색,없음
603042,충돌,온천의 이너몰라멘토,https://wsrv.nl/?w=400&output=jpg&bg=white&url=https%3A%2F%2Fraw.githubusercontent.com%2FJforPlay%2Fdata_for_toy%2Fmain%2Foutput_expressions%2F603042%2Fpainting.png,없음,앉기·무릎꿇기,정면,없음,분홍,단색,녹색,없음
603043,충돌,봄 밤의 붓질,https://wsrv.nl/?w=400&output=jpg&bg=white&url=https%3A%2F%2Fraw.githubusercontent.com%2FJforPlay%2Fdata_for_toy%2Fmain%2Foutput_expressions%2F603043%2Fpainting.png,없음,앉기·무릎꿇기,후면,없음,분홍,단색,은색·회색,없음
603050,충돌,볼차노,https://wsrv.nl/?w=400&output=jpg&bg=white&url=https%3A%2F%2Fraw.githubusercontent.com%2FJforPlay%2Fdata_for_toy%2Fmain%2Foutput_expressions%2F603050%2Fpainting.png,없음,서기,정면,없음,흑발,단색,적색,없음
603051,충돌,선무지각,https://wsrv.nl/?w=400&output=jpg&bg=white&url=https%3A%2F%2Fraw.githubusercontent.com%2FJforPlay%2Fdata_for_toy%2Fmain%2Foutput_expressions%2F603051%2Fpainting.png,없음,서기,후면,겨드랑이,흑발,단색,적색,없음
603052,충돌,아이캐치 트레저,https://wsrv.nl/?w=400&output=jpg&bg=white&url=https%3A%2F%2Fraw.githubusercontent.com%2FJforPlay%2Fdata_for_toy%2Fmain%2Foutput_expressions%2F603052%2Fpainting.png,없음,앉기·무릎꿇기,정면,없음,흑발,단색,적색,없음
603053,충돌,둘만의 특별한 밤,https://wsrv.nl/?w=400&output=jpg&bg=white&url=https%3A%2F%2Fraw.githubusercontent.com%2FJforPlay%2Fdata_for_toy%2Fmain%2Foutput_expressions%2F603053%2Fpainting.png,없음,앉기·무릎꿇기,정면,발바닥,흑발,브릿지,적색,없음
605030,충돌,로마,https://wsrv.nl/?w=400&output=jpg&bg=white&url=https%3A%2F%2Fraw.githubusercontent.com%2FJforPlay%2Fdata_for_toy%2Fmain%2Foutput_expressions%2F605030%2Fpainting.png,없음,서기,정면,없음,흑발,단색,오드아이,없음
605031,충돌,한밤중의 백조,https://wsrv.nl/?w=400&output=jpg&bg=white&url=https%3A%2F%2Fraw.githubusercontent.com%2FJforPlay%2Fdata_for_toy%2Fmain%2Foutput_expressions%2F605031%2Fpainting.png,없음,서기,정면,없음,흑발,브릿지,오드아이,없음
605032,충돌,테베레의 휴일,https://wsrv.nl/?w=400&output=jpg&bg=white&url=https%3A%2F%2Fraw.githubusercontent.com%2FJforPlay%2Fdata_for_toy%2Fmain%2Foutput_expressions%2F605032%2Fpainting.png,없음,앉기·무릎꿇기,후면,없음,흑발,단색,오드아이,없음
605060,충돌,줄리오 체사레,https://wsrv.nl/?w=400&output=jpg&bg=white&url=https%3A%2F%2Fraw.githubusercontent.com%2FJforPlay%2Fdata_for_toy%2Fmain%2Foutput_expressions%2F605060%2Fpainting.png,없음,서기,정면,없음,은발·백발,단색,금색,없음
605061,충돌,피트니스 마스터,https://wsrv.nl/?w=400&output=jpg&bg=white&url=https%3A%2F%2Fraw.githubusercontent.com%2FJforPlay%2Fdata_for_toy%2Fmain%2Foutput_expressions%2F605061%2Fpainting.png,없음,서기,정면,없음,은발·백발,단색,적색,없음
605062,충돌,햇빛의 Alta marea,https://wsrv.nl/?w=400&output=jpg&bg=white&url=https%3A%2F%2Fraw.githubusercontent.com%2FJforPlay%2Fdata_for_toy%2Fmain%2Foutput_expressions%2F605062%2Fpainting.png,없음,앉기·무릎꿇기,정면,없음,은발·백발,단색,적색,없음
605080,충돌,라파엘로,https://wsrv.nl/?w=400&output=jpg&bg=white&url=https%3A%2F%2Fraw.githubusercontent.com%2FJforPlay%2Fdata_for_toy%2Fmain%2Foutput_expressions%2F605080%2Fpainting.png,없음,앉기·무릎꿇기,정면,없음,녹발,단색,금색,뿔
605081,충돌,사랑과 미의 비밀 소장품,https://wsrv.nl/?w=400&output=jpg&bg=white&url=https%3A%2F%2Fraw.githubusercontent.com%2FJforPlay%2Fdata_for_toy%2Fmain%2Foutput_expressions%2F605081%2Fpainting.png,없음,엎드리기,정면,발바닥,녹발,단색,금색,없음
605082,충돌,콤비 아트 매직,https://wsrv.nl/?w=400&output=jpg&bg=white&url=https%3A%2F%2Fraw.githubusercontent.com%2FJforPlay%2Fdata_for_toy%2Fmain%2Foutput_expressions%2F605082%2Fpainting.png,없음,눕기,정면,발바닥,녹발,브릿지,금색,동물귀
605090,충돌,프란체스코 카라치올로,https://wsrv.nl/?w=400&output=jpg&bg=white&url=https%3A%2F%2Fraw.githubusercontent.com%2FJforPlay%2Fdata_for_toy%2Fmain%2Foutput_expressions%2F605090%2Fpainting.png,없음,서기,정면,없음,흑발,단색,적색,"뿔, 날개"
605091,충돌,스포트라이트 속의 자백,https://wsrv.nl/?w=400&output=jpg&bg=white&url=https%3A%2F%2Fraw.githubusercontent.com%2FJforPlay%2Fdata_for_toy%2Fmain%2Foutput_expressions%2F605091%2Fpainting.png,없음,앉기·무릎꿇기,정면,발바닥,흑발,단색,적색,없음
607020,충돌,임페로,https://wsrv.nl/?w=400&output=jpg&bg=white&url=https%3A%2F%2Fraw.githubusercontent.com%2FJforPlay%2Fdata_for_toy%2Fmain%2Foutput_expressions%2F607020%2Fpainting.png,없음,서기,정면,없음,분홍,단색,청색,없음
607021,충돌,몽롱한 라이브러리언,https://wsrv.nl/?w=400&output=jpg&bg=white&url=https%3A%2F%2Fraw.githubusercontent.com%2FJforPlay%2Fdata_for_toy%2Fmain%2Foutput_expressions%2F607021%2Fpainting.png,없음,앉기·무릎꿇기,정면,발바닥,갈색,단색,청색,없음
607022,충돌,취기 어린 꿈결,https://wsrv.nl/?w=400&output=jpg&bg=white&url=https%3A%2F%2Fraw.githubusercontent.com%2FJforPlay%2Fdata_for_toy%2Fmain%2Foutput_expressions%2F607022%2Fpainting.png,없음,앉기·무릎꿇기,정면,발바닥,분홍,그라데이션,청색,없음
608010,충돌,토리첼리,https://wsrv.nl/?w=400&output=jpg&bg=white&url=https%3A%2F%2Fraw.githubusercontent.com%2FJforPlay%2Fdata_for_toy%2Fmain%2Foutput_expressions%2F608010%2Fpainting.png,고글,앉기·무릎꿇기,정면,발바닥,흑발,기타,적색,없음
608011,충돌,그늘이 드리워진 모래사장,https://wsrv.nl/?w=400&output=jpg&bg=white&url=https%3A%2F%2Fraw.githubusercontent.com%2FJforPlay%2Fdata_for_toy%2Fmain%2Foutput_expressions%2F608011%2Fpainting.png,없음,앉기·무릎꿇기,후면,발바닥,흑발,단색,적색,없음
608020,충돌,레오나르도 다 빈치,https://wsrv.nl/?w=400&output=jpg&bg=white&url=https%3A%2F%2Fraw.githubusercontent.com%2FJforPlay%2Fdata_for_toy%2Fmain%2Foutput_expressions%2F608020%2Fpainting.png,없음,앉기·무릎꿇기,정면,없음,금발,단색,금색,없음
608021,충돌,호숫가의 어린 백조,https://wsrv.nl/?w=400&output=jpg&bg=white&url=https%3A%2F%2Fraw.githubusercontent.com%2FJforPlay%2Fdata_for_toy%2Fmain%2Foutput_expressions%2F608021%2Fpainting.png,없음,서기,정면,없음,금발,단색,금색,날개
608022,충돌,요술과 흔들흔들 발명소녀,https://wsrv.nl/?w=400&output=jpg&bg=white&url=https%3A%2F%2Fraw.githubusercontent.com%2FJforPlay%2Fdata_for_toy%2Fmain%2Foutput_expressions%2F608022%2Fpainting.png,없음,서기,정면,발바닥,금발,단색,금색,없음
699010,충돌,마르코 폴로,https://wsrv.nl/?w=400&output=jpg&bg=white&url=https%3A%2F%2Fraw.githubusercontent.com%2FJforPlay%2Fdata_for_toy%2Fmain%2Foutput_expressions%2F699010%2Fpainting.png,없음,서기,정면,없음,청발,단색,적색,없음
699011,충돌,Lovely Million,https://wsrv.nl/?w=400&output=jpg&bg=white&url=https%3A%2F%2Fraw.githubusercontent.com%2FJforPlay%2Fdata_for_toy%2Fmain%2Foutput_expressions%2F699011%2Fpainting.png,없음,눕기,정면,없음,청발,그라데이션,적색,없음
699012,충돌,앰비셔스 쇼다운,https://wsrv.nl/?w=400&output=jpg&bg=white&url=https%3A%2F%2Fraw.githubusercontent.com%2FJforPlay%2Fdata_for_toy%2Fmain%2Foutput_expressions%2F699012%2Fpainting.png,없음,눕기,정면,없음,청발,단색,적색,"날개, 꼬리"
699020,충돌,나폴리,https://wsrv.nl/?w=400&output=jpg&bg=white&url=https%3A%2F%2Fraw.githubusercontent.com%2FJforPlay%2Fdata_for_toy%2Fmain%2Foutput_expressions%2F699020%2Fpainting.png,없음,서기,정면,없음,녹발,단색,분홍,날개
699021,공란·충돌,Dreamy Night,https://wsrv.nl/?w=400&output=jpg&bg=white&url=https%3A%2F%2Fraw.githubusercontent.com%2FJforPlay%2Fdata_for_toy%2Fmain%2Foutput_expressions%2F699021%2Fpainting.png,없음,눕기,정면,,녹발,단색,분홍,없음
699030,충돌,비토리오 쿠니베르티,https://wsrv.nl/?w=400&output=jpg&bg=white&url=https%3A%2F%2Fraw.githubusercontent.com%2FJforPlay%2Fdata_for_toy%2Fmain%2Foutput_expressions%2F699030%2Fpainting.png,없음,서기,정면,없음,은발·백발,단색,은색·회색,없음
699031,충돌,냥냥 습성 연구,https://wsrv.nl/?w=400&output=jpg&bg=white&url=https%3A%2F%2Fraw.githubusercontent.com%2FJforPlay%2Fdata_for_toy%2Fmain%2Foutput_expressions%2F699031%2Fpainting.png,없음,엎드리기,정면,발바닥,보라,단색,은색·회색,"동물귀, 꼬리"
701040,충돌,타슈켄트,https://wsrv.nl/?w=400&output=jpg&bg=white&url=https%3A%2F%2Fraw.githubusercontent.com%2FJforPlay%2Fdata_for_toy%2Fmain%2Foutput_expressions%2F701040%2Fpainting.png,없음,서기,정면,없음,보라,그라데이션,청색,없음
701041,충돌,속박된 순양함,https://wsrv.nl/?w=400&output=jpg&bg=white&url=https%3A%2F%2Fraw.githubusercontent.com%2FJforPlay%2Fdata_for_toy%2Fmain%2Foutput_expressions%2F701041%2Fpainting.png,없음,앉기·무릎꿇기,정면,발바닥,보라,그라데이션,은색·회색,없음
701042,충돌,하늘색 휴일,https://wsrv.nl/?w=400&output=jpg&bg=white&url=https%3A%2F%2Fraw.githubusercontent.com%2FJforPlay%2Fdata_for_toy%2Fmain%2Foutput_expressions%2F701042%2Fpainting.png,없음,앉기·무릎꿇기,정면,없음,보라,그라데이션,청색,없음
701043,충돌,요정의 초대,https://wsrv.nl/?w=400&output=jpg&bg=white&url=https%3A%2F%2Fraw.githubusercontent.com%2FJforPlay%2Fdata_for_toy%2Fmain%2Foutput_expressions%2F701043%2Fpainting.png,없음,앉기·무릎꿇기,정면,없음,보라,단색,은색·회색,없음
701060,충돌,스트례미텔니,https://wsrv.nl/?w=400&output=jpg&bg=white&url=https%3A%2F%2Fraw.githubusercontent.com%2FJforPlay%2Fdata_for_toy%2Fmain%2Foutput_expressions%2F701060%2Fpainting.png,없음,서기,정면,발바닥,은발·백발,단색,적색,없음
701061,충돌,한가로운 게임 시간,https://wsrv.nl/?w=400&output=jpg&bg=white&url=https%3A%2F%2Fraw.githubusercontent.com%2FJforPlay%2Fdata_for_toy%2Fmain%2Foutput_expressions%2F701061%2Fpainting.png,없음,엎드리기,정면,발바닥,은발·백발,단색,분홍,없음
701062,충돌,야간 간호 당직 중,https://wsrv.nl/?w=400&output=jpg&bg=white&url=https%3A%2F%2Fraw.githubusercontent.com%2FJforPlay%2Fdata_for_toy%2Fmain%2Foutput_expressions%2F701062%2Fpainting.png,없음,앉기·무릎꿇기,정면,없음,은발·백발,단색,적색,없음
701070,충돌,그리먀시,https://wsrv.nl/?w=400&output=jpg&bg=white&url=https%3A%2F%2Fraw.githubusercontent.com%2FJforPlay%2Fdata_for_toy%2Fmain%2Foutput_expressions%2F701070%2Fpainting.png,없음,서기,정면,없음,은발·백발,단색,금색,날개
701071,충돌,몽환의 독서 시간,https://wsrv.nl/?w=400&output=jpg&bg=white&url=https%3A%2F%2Fraw.githubusercontent.com%2FJforPlay%2Fdata_for_toy%2Fmain%2Foutput_expressions%2F701071%2Fpainting.png,없음,앉기·무릎꿇기,정면,발바닥,갈색,단색,금색,없음
701080,충돌,그롬키,https://wsrv.nl/?w=400&output=jpg&bg=white&url=https%3A%2F%2Fraw.githubusercontent.com%2FJforPlay%2Fdata_for_toy%2Fmain%2Foutput_expressions%2F701080%2Fpainting.png,없음,서기,정면,발바닥,청발,단색,청색,없음
701081,충돌,새벽의 부름,https://wsrv.nl/?w=400&output=jpg&bg=white&url=https%3A%2F%2Fraw.githubusercontent.com%2FJforPlay%2Fdata_for_toy%2Fmain%2Foutput_expressions%2F701081%2Fpainting.png,없음,서기,후면,없음,청발,그라데이션,청색,없음
701110,충돌,오그네보이,https://wsrv.nl/?w=400&output=jpg&bg=white&url=https%3A%2F%2Fraw.githubusercontent.com%2FJforPlay%2Fdata_for_toy%2Fmain%2Foutput_expressions%2F701110%2Fpainting.png,없음,서기,정면,없음,은발·백발,단색,녹색,없음
701111,충돌,저스티스 노바!,https://wsrv.nl/?w=400&output=jpg&bg=white&url=https%3A%2F%2Fraw.githubusercontent.com%2FJforPlay%2Fdata_for_toy%2Fmain%2Foutput_expressions%2F701111%2Fpainting.png,없음,서기,정면,없음,은발·백발,단색,청색,없음
701120,충돌,스비레피,https://wsrv.nl/?w=400&output=jpg&bg=white&url=https%3A%2F%2Fraw.githubusercontent.com%2FJforPlay%2Fdata_for_toy%2Fmain%2Foutput_expressions%2F701120%2Fpainting.png,없음,서기,정면,없음,흑발,단색,금색,없음
701121,충돌,아트 오브 리벨리언,https://wsrv.nl/?w=400&output=jpg&bg=white&url=https%3A%2F%2Fraw.githubusercontent.com%2FJforPlay%2Fdata_for_toy%2Fmain%2Foutput_expressions%2F701121%2Fpainting.png,없음,앉기·무릎꿇기,정면,없음,흑발,브릿지,금색,없음
702010,충돌,아브로라,https://wsrv.nl/?w=400&output=jpg&bg=white&url=https%3A%2F%2Fraw.githubusercontent.com%2FJforPlay%2Fdata_for_toy%2Fmain%2Foutput_expressions%2F702010%2Fpainting.png,없음,서기,정면,없음,은발·백발,단색,청색,없음
702011,충돌,사로잡힌 서광의 공주,https://wsrv.nl/?w=400&output=jpg&bg=white&url=https%3A%2F%2Fraw.githubusercontent.com%2FJforPlay%2Fdata_for_toy%2Fmain%2Foutput_expressions%2F702011%2Fpainting.png,없음,앉기·무릎꿇기,정면,발바닥,은발·백발,단색,오드아이,없음
702012,충돌,어울리지 않는 역할은 무리하지 않기?,https://wsrv.nl/?w=400&output=jpg&bg=white&url=https%3A%2F%2Fraw.githubusercontent.com%2FJforPlay%2Fdata_for_toy%2Fmain%2Foutput_expressions%2F702012%2Fpainting.png,선글라스,앉기·무릎꿇기,정면,없음,은발·백발,단색,보라,없음
702013,충돌,얼큰한 바닷바람,https://wsrv.nl/?w=400&output=jpg&bg=white&url=https%3A%2F%2Fraw.githubusercontent.com%2FJforPlay%2Fdata_for_toy%2Fmain%2Foutput_expressions%2F702013%2Fpainting.png,없음,엎드리기,후면,없음,은발·백발,단색,청색,없음
702020,충돌,파먀티 메르쿠리야,https://wsrv.nl/?w=400&output=jpg&bg=white&url=https%3A%2F%2Fraw.githubusercontent.com%2FJforPlay%2Fdata_for_toy%2Fmain%2Foutput_expressions%2F702020%2Fpainting.png,없음,서기,정면,없음,흑발,단색,분홍,없음
702021,충돌,감옥과 유혹,https://wsrv.nl/?w=400&output=jpg&bg=white&url=https%3A%2F%2Fraw.githubusercontent.com%2FJforPlay%2Fdata_for_toy%2Fmain%2Foutput_expressions%2F702021%2Fpainting.png,없음,앉기·무릎꿇기,정면,발바닥,흑발,단색,분홍,없음
702022,충돌,체리와 휴식시간,https://wsrv.nl/?w=400&output=jpg&bg=white&url=https%3A%2F%2Fraw.githubusercontent.com%2FJforPlay%2Fdata_for_toy%2Fmain%2Foutput_expressions%2F702022%2Fpainting.png,없음,앉기·무릎꿇기,정면,발바닥,흑발,단색,분홍,없음
702023,충돌,대기 스타일,https://wsrv.nl/?w=400&output=jpg&bg=white&url=https%3A%2F%2Fraw.githubusercontent.com%2FJforPlay%2Fdata_for_toy%2Fmain%2Foutput_expressions%2F702023%2Fpainting.png,없음,앉기·무릎꿇기,정면,없음,흑발,그라데이션,분홍,꼬리
702024,충돌,사랑 듬뿍 초콜릿,https://wsrv.nl/?w=400&output=jpg&bg=white&url=https%3A%2F%2Fraw.githubusercontent.com%2FJforPlay%2Fdata_for_toy%2Fmain%2Foutput_expressions%2F702024%2Fpainting.png,없음,엎드리기,후면,없음,갈색,단색,분홍,"동물귀, 꼬리"
702025,충돌,장난꾸러기 셀렉트!,https://wsrv.nl/?w=400&output=jpg&bg=white&url=https%3A%2F%2Fraw.githubusercontent.com%2FJforPlay%2Fdata_for_toy%2Fmain%2Foutput_expressions%2F702025%2Fpainting.png,없음,서기,후면,발바닥,흑발,그라데이션,보라,없음
702029,충돌,파먀티 메르쿠리야·改,https://wsrv.nl/?w=400&output=jpg&bg=white&url=https%3A%2F%2Fraw.githubusercontent.com%2FJforPlay%2Fdata_for_toy%2Fmain%2Foutput_expressions%2F702029%2Fpainting.png,없음,서기,정면,없음,은발·백발,단색,분홍,없음
702030,충돌,차파예프,https://wsrv.nl/?w=400&output=jpg&bg=white&url=https%3A%2F%2Fraw.githubusercontent.com%2FJforPlay%2Fdata_for_toy%2Fmain%2Foutput_expressions%2F702030%2Fpainting.png,없음,앉기·무릎꿇기,정면,없음,은발·백발,그라데이션,보라,없음
702031,충돌,결박된 백기병,https://wsrv.nl/?w=400&output=jpg&bg=white&url=https%3A%2F%2Fraw.githubusercontent.com%2FJforPlay%2Fdata_for_toy%2Fmain%2Foutput_expressions%2F702031%2Fpainting.png,없음,앉기·무릎꿇기,정면,발바닥,청발,단색,보라,없음
702032,충돌,백기병의 휴일,https://wsrv.nl/?w=400&output=jpg&bg=white&url=https%3A%2F%2Fraw.githubusercontent.com%2FJforPlay%2Fdata_for_toy%2Fmain%2Foutput_expressions%2F702032%2Fpainting.png,없음,눕기,정면,없음,청발,단색,청색,없음
702033,충돌,남빛과 등불의 서머 나이트,https://wsrv.nl/?w=400&output=jpg&bg=white&url=https%3A%2F%2Fraw.githubusercontent.com%2FJforPlay%2Fdata_for_toy%2Fmain%2Foutput_expressions%2F702033%2Fpainting.png,없음,앉기·무릎꿇기,정면,없음,청발,단색,청색,없음
702034,충돌,백기사의 멜로디아,https://wsrv.nl/?w=400&output=jpg&bg=white&url=https%3A%2F%2Fraw.githubusercontent.com%2FJforPlay%2Fdata_for_toy%2Fmain%2Foutput_expressions%2F702034%2Fpainting.png,없음,눕기,정면,발바닥,은발·백발,단색,보라,없음
702040,충돌,키로프,https://wsrv.nl/?w=400&output=jpg&bg=white&url=https%3A%2F%2Fraw.githubusercontent.com%2FJforPlay%2Fdata_for_toy%2Fmain%2Foutput_expressions%2F702040%2Fpainting.png,없음,서기,정면,없음,은발·백발,단색,청색,없음
702041,충돌,커피 타임,https://wsrv.nl/?w=400&output=jpg&bg=white&url=https%3A%2F%2Fraw.githubusercontent.com%2FJforPlay%2Fdata_for_toy%2Fmain%2Foutput_expressions%2F702041%2Fpainting.png,없음,서기,후면,발바닥,은발·백발,단색,금색,없음
702042,충돌,피키 튜닝,https://wsrv.nl/?w=400&output=jpg&bg=white&url=https%3A%2F%2Fraw.githubusercontent.com%2FJforPlay%2Fdata_for_toy%2Fmain%2Foutput_expressions%2F702042%2Fpainting.png,없음,앉기·무릎꿇기,정면,없음,은발·백발,단색,금색,없음
702043,충돌,하이 점프 스타,https://wsrv.nl/?w=400&output=jpg&bg=white&url=https%3A%2F%2Fraw.githubusercontent.com%2FJforPlay%2Fdata_for_toy%2Fmain%2Foutput_expressions%2F702043%2Fpainting.png,없음,엎드리기,후면,없음,은발·백발,단색,금색,없음
702050,충돌,쿠이비셰프,https://wsrv.nl/?w=400&output=jpg&bg=white&url=https%3A%2F%2Fraw.githubusercontent.com%2FJforPlay%2Fdata_for_toy%2Fmain%2Foutput_expressions%2F702050%2Fpainting.png,없음,서기,정면,없음,청발,단색,적색,없음
702051,충돌,은빛 현의 향도병,https://wsrv.nl/?w=400&output=jpg&bg=white&url=https%3A%2F%2Fraw.githubusercontent.com%2FJforPlay%2Fdata_for_toy%2Fmain%2Foutput_expressions%2F702051%2Fpainting.png,없음,앉기·무릎꿇기,정면,발바닥,은발·백발,그라데이션,적색,없음
702052,충돌,레이니 블루,https://wsrv.nl/?w=400&output=jpg&bg=white&url=https%3A%2F%2Fraw.githubusercontent.com%2FJforPlay%2Fdata_for_toy%2Fmain%2Foutput_expressions%2F702052%2Fpainting.png,없음,앉기·무릎꿇기,정면,발바닥,청발,단색,적색,동물귀
702060,충돌,무르만스크,https://wsrv.nl/?w=400&output=jpg&bg=white&url=https%3A%2F%2Fraw.githubusercontent.com%2FJforPlay%2Fdata_for_toy%2Fmain%2Foutput_expressions%2F702060%2Fpainting.png,없음,서기,후면,없음,은발·백발,단색,보라,없음
702061,충돌,순백의 설경,https://wsrv.nl/?w=400&output=jpg&bg=white&url=https%3A%2F%2Fraw.githubusercontent.com%2FJforPlay%2Fdata_for_toy%2Fmain%2Foutput_expressions%2F702061%2Fpainting.png,없음,앉기·무릎꿇기,후면,발바닥,은발·백발,단색,보라,없음
702062,충돌,그윽한 콤나타,https://wsrv.nl/?w=400&output=jpg&bg=white&url=https%3A%2F%2Fraw.githubusercontent.com%2FJforPlay%2Fdata_for_toy%2Fmain%2Foutput_expressions%2F702062%2Fpainting.png,없음,서기,정면,없음,은발·백발,단색,보라,"동물귀, 꼬리"
702070,충돌,보로실로프,https://wsrv.nl/?w=400&output=jpg&bg=white&url=https%3A%2F%2Fraw.githubusercontent.com%2FJforPlay%2Fdata_for_toy%2Fmain%2Foutput_expressions%2F702070%2Fpainting.png,없음,서기,정면,없음,청발,단색,분홍,없음
702071,충돌,"따뜻한 눈을 경치로, 진심을 그대에게",https://wsrv.nl/?w=400&output=jpg&bg=white&url=https%3A%2F%2Fraw.githubusercontent.com%2FJforPlay%2Fdata_for_toy%2Fmain%2Foutput_expressions%2F702071%2Fpainting.png,없음,앉기·무릎꿇기,정면,발바닥,청발,단색,분홍,없음
702072,충돌,스페셜케어 시뮬레이션,https://wsrv.nl/?w=400&output=jpg&bg=white&url=https%3A%2F%2Fraw.githubusercontent.com%2FJforPlay%2Fdata_for_toy%2Fmain%2Foutput_expressions%2F702072%2Fpainting.png,없음,엎드리기,정면,발바닥,청발,단색,적색,없음
702080,충돌,올레그,https://wsrv.nl/?w=400&output=jpg&bg=white&url=https%3A%2F%2Fraw.githubusercontent.com%2FJforPlay%2Fdata_for_toy%2Fmain%2Foutput_expressions%2F702080%2Fpainting.png,고글,서기,정면,없음,은발·백발,단색,녹색,없음
702081,충돌,벽난로 곁 나른한 밤,https://wsrv.nl/?w=400&output=jpg&bg=white&url=https%3A%2F%2Fraw.githubusercontent.com%2FJforPlay%2Fdata_for_toy%2Fmain%2Foutput_expressions%2F702081%2Fpainting.png,없음,앉기·무릎꿇기,정면,발바닥,은발·백발,단색,녹색,동물귀
702090,공란,크라스늬 캅카스,https://wsrv.nl/?w=400&output=jpg&bg=white&url=https%3A%2F%2Fraw.githubusercontent.com%2FJforPlay%2Fdata_for_toy%2Fmain%2Foutput_expressions%2F702090%2Fpainting.png,안대,앉기·무릎꿇기,정면,없음,은발·백발,단색,,없음
702091,공란,블라인드♥마작,https://wsrv.nl/?w=400&output=jpg&bg=white&url=https%3A%2F%2Fraw.githubusercontent.com%2FJforPlay%2Fdata_for_toy%2Fmain%2Foutput_expressions%2F702091%2Fpainting.png,안대,눕기,정면,발바닥,은발·백발,단색,,없음
702100,공란,바가티르,https://wsrv.nl/?w=400&output=jpg&bg=white&url=https%3A%2F%2Fraw.githubusercontent.com%2FJforPlay%2Fdata_for_toy%2Fmain%2Foutput_expressions%2F702100%2Fpainting.png,없음,,,없음,청발,단색,보라,없음
703010,충돌,탈린,https://wsrv.nl/?w=400&output=jpg&bg=white&url=https%3A%2F%2Fraw.githubusercontent.com%2FJforPlay%2Fdata_for_toy%2Fmain%2Foutput_expressions%2F703010%2Fpainting.png,없음,서기,정면,없음,은발·백발,단색,적색,없음
703011,충돌,Pilsner·Nostalgic,https://wsrv.nl/?w=400&output=jpg&bg=white&url=https%3A%2F%2Fraw.githubusercontent.com%2FJforPlay%2Fdata_for_toy%2Fmain%2Foutput_expressions%2F703011%2Fpainting.png,없음,눕기,정면,겨드랑이,은발·백발,단색,적색,없음
703012,충돌,예스 마이 레이디,https://wsrv.nl/?w=400&output=jpg&bg=white&url=https%3A%2F%2Fraw.githubusercontent.com%2FJforPlay%2Fdata_for_toy%2Fmain%2Foutput_expressions%2F703012%2Fpainting.png,없음,앉기·무릎꿇기,정면,없음,청발,브릿지,적색,없음
703013,충돌,정으로 가득한 달밤,https://wsrv.nl/?w=400&output=jpg&bg=white&url=https%3A%2F%2Fraw.githubusercontent.com%2FJforPlay%2Fdata_for_toy%2Fmain%2Foutput_expressions%2F703013%2Fpainting.png,없음,앉기·무릎꿇기,정면,없음,은발·백발,브릿지,적색,없음
703020,충돌,쿠르스크,https://wsrv.nl/?w=400&output=jpg&bg=white&url=https%3A%2F%2Fraw.githubusercontent.com%2FJforPlay%2Fdata_for_toy%2Fmain%2Foutput_expressions%2F703020%2Fpainting.png,없음,서기,정면,없음,은발·백발,단색,적색,없음
703021,충돌,수증기 속의 고독한 늑대,https://wsrv.nl/?w=400&output=jpg&bg=white&url=https%3A%2F%2Fraw.githubusercontent.com%2FJforPlay%2Fdata_for_toy%2Fmain%2Foutput_expressions%2F703021%2Fpainting.png,없음,앉기·무릎꿇기,정면,발바닥,은발·백발,단색,적색,동물귀
703022,충돌,아름다운 사냥꾼,https://wsrv.nl/?w=400&output=jpg&bg=white&url=https%3A%2F%2Fraw.githubusercontent.com%2FJforPlay%2Fdata_for_toy%2Fmain%2Foutput_expressions%2F703022%2Fpainting.png,없음,앉기·무릎꿇기,정면,없음,은발·백발,단색,적색,꼬리
705040,충돌,소비에츠카야 벨로루시아,https://wsrv.nl/?w=400&output=jpg&bg=white&url=https%3A%2F%2Fraw.githubusercontent.com%2FJforPlay%2Fdata_for_toy%2Fmain%2Foutput_expressions%2F705040%2Fpainting.png,없음,서기,정면,없음,청발,단색,청색,없음
705041,충돌,시간을 보내는 방법,https://wsrv.nl/?w=400&output=jpg&bg=white&url=https%3A%2F%2Fraw.githubusercontent.com%2FJforPlay%2Fdata_for_toy%2Fmain%2Foutput_expressions%2F705041%2Fpainting.png,없음,앉기·무릎꿇기,정면,발바닥,청발,단색,청색,없음
705042,충돌,잔물결에 나부끼는 베일,https://wsrv.nl/?w=400&output=jpg&bg=white&url=https%3A%2F%2Fraw.githubusercontent.com%2FJforPlay%2Fdata_for_toy%2Fmain%2Foutput_expressions%2F705042%2Fpainting.png,선글라스,서기,후면,없음,청발,그라데이션,청색,없음
705060,충돌,아르한겔스크,https://wsrv.nl/?w=400&output=jpg&bg=white&url=https%3A%2F%2Fraw.githubusercontent.com%2FJforPlay%2Fdata_for_toy%2Fmain%2Foutput_expressions%2F705060%2Fpainting.png,없음,앉기·무릎꿇기,정면,발바닥,은발·백발,그라데이션,금색,없음
705061,충돌,플라이 어나더 데이,https://wsrv.nl/?w=400&output=jpg&bg=white&url=https%3A%2F%2Fraw.githubusercontent.com%2FJforPlay%2Fdata_for_toy%2Fmain%2Foutput_expressions%2F705061%2Fpainting.png,없음,앉기·무릎꿇기,정면,없음,은발·백발,그라데이션,금색,없음
705062,충돌,마도 파티시펀트,https://wsrv.nl/?w=400&output=jpg&bg=white&url=https%3A%2F%2Fraw.githubusercontent.com%2FJforPlay%2Fdata_for_toy%2Fmain%2Foutput_expressions%2F705062%2Fpainting.png,없음,앉기·무릎꿇기,정면,발바닥,은발·백발,단색,금색,없음
705080,충돌,폴타바,https://wsrv.nl/?w=400&output=jpg&bg=white&url=https%3A%2F%2Fraw.githubusercontent.com%2FJforPlay%2Fdata_for_toy%2Fmain%2Foutput_expressions%2F705080%2Fpainting.png,없음,서기,정면,없음,보라,그라데이션,분홍,없음
705081,충돌,그레이스 마피아,https://wsrv.nl/?w=400&output=jpg&bg=white&url=https%3A%2F%2Fraw.githubusercontent.com%2FJforPlay%2Fdata_for_toy%2Fmain%2Foutput_expressions%2F705081%2Fpainting.png,없음,앉기·무릎꿇기,정면,없음,보라,단색,보라,없음
707010,충돌,볼가,https://wsrv.nl/?w=400&output=jpg&bg=white&url=https%3A%2F%2Fraw.githubusercontent.com%2FJforPlay%2Fdata_for_toy%2Fmain%2Foutput_expressions%2F707010%2Fpainting.png,없음,서기,정면,없음,적발,단색,금색,없음
707011,충돌,맛있는 AR 탐정 체험,https://wsrv.nl/?w=400&output=jpg&bg=white&url=https%3A%2F%2Fraw.githubusercontent.com%2FJforPlay%2Fdata_for_toy%2Fmain%2Foutput_expressions%2F707011%2Fpainting.png,없음,서기,정면,없음,갈색,단색,금색,없음
718010,충돌,크론시타트,https://wsrv.nl/?w=400&output=jpg&bg=white&url=https%3A%2F%2Fraw.githubusercontent.com%2FJforPlay%2Fdata_for_toy%2Fmain%2Foutput_expressions%2F718010%2Fpainting.png,없음,서기,정면,없음,은발·백발,단색,청색,없음
718011,충돌,돌입 개시!,https://wsrv.nl/?w=400&output=jpg&bg=white&url=https%3A%2F%2Fraw.githubusercontent.com%2FJforPlay%2Fdata_for_toy%2Fmain%2Foutput_expressions%2F718011%2Fpainting.png,없음,서기,정면,없음,은발·백발,단색,청색,없음
718012,충돌,애니멀 에이전트,https://wsrv.nl/?w=400&output=jpg&bg=white&url=https%3A%2F%2Fraw.githubusercontent.com%2FJforPlay%2Fdata_for_toy%2Fmain%2Foutput_expressions%2F718012%2Fpainting.png,없음,서기,정면,없음,은발·백발,단색,청색,"뿔, 꼬리"
799010,충돌,치칼로프,https://wsrv.nl/?w=400&output=jpg&bg=white&url=https%3A%2F%2Fraw.githubusercontent.com%2FJforPlay%2Fdata_for_toy%2Fmain%2Foutput_expressions%2F799010%2Fpainting.png,없음,서기,정면,없음,은발·백발,단색,금색,없음
799011,충돌,시사이드 워케이션,https://wsrv.nl/?w=400&output=jpg&bg=white&url=https%3A%2F%2Fraw.githubusercontent.com%2FJforPlay%2Fdata_for_toy%2Fmain%2Foutput_expressions%2F799011%2Fpainting.png,선글라스,서기,정면,없음,회색,단색,금색,없음
799020,충돌,아드미랄 나히모프,https://wsrv.nl/?w=400&output=jpg&bg=white&url=https%3A%2F%2Fraw.githubusercontent.com%2FJforPlay%2Fdata_for_toy%2Fmain%2Foutput_expressions%2F799020%2Fpainting.png,없음,서기,정면,없음,녹발,단색,갈색,없음
799021,충돌,스포트라이트 데뷔,https://wsrv.nl/?w=400&output=jpg&bg=white&url=https%3A%2F%2Fraw.githubusercontent.com%2FJforPlay%2Fdata_for_toy%2Fmain%2Foutput_expressions%2F799021%2Fpainting.png,없음,앉기·무릎꿇기,정면,발바닥,녹발,단색,금색,동물귀
799022,충돌,프레시 그린,https://wsrv.nl/?w=400&output=jpg&bg=white&url=https%3A%2F%2Fraw.githubusercontent.com%2FJforPlay%2Fdata_for_toy%2Fmain%2Foutput_expressions%2F799022%2Fpainting.png,없음,서기,정면,없음,녹발,단색,금색,없음
799023,충돌,치어링 튜너?,https://wsrv.nl/?w=400&output=jpg&bg=white&url=https%3A%2F%2Fraw.githubusercontent.com%2FJforPlay%2Fdata_for_toy%2Fmain%2Foutput_expressions%2F799023%2Fpainting.png,없음,앉기·무릎꿇기,정면,없음,녹발,단색,금색,"동물귀, 꼬리"
799030,충돌,드미트리 돈스코이,https://wsrv.nl/?w=400&output=jpg&bg=white&url=https%3A%2F%2Fraw.githubusercontent.com%2FJforPlay%2Fdata_for_toy%2Fmain%2Foutput_expressions%2F799030%2Fpainting.png,없음,서기,정면,없음,은발·백발,단색,보라,없음
799031,충돌,깡총깡총 룸서비스,https://wsrv.nl/?w=400&output=jpg&bg=white&url=https%3A%2F%2Fraw.githubusercontent.com%2FJforPlay%2Fdata_for_toy%2Fmain%2Foutput_expressions%2F799031%2Fpainting.png,없음,앉기·무릎꿇기,정면,발바닥,은발·백발,단색,보라,동물귀
801030,충돌,르 테메레르,https://wsrv.nl/?w=400&output=jpg&bg=white&url=https%3A%2F%2Fraw.githubusercontent.com%2FJforPlay%2Fdata_for_toy%2Fmain%2Foutput_expressions%2F801030%2Fpainting.png,없음,서기,정면,없음,금발,그라데이션,녹색,없음
801031,충돌,한여름 Festival!,https://wsrv.nl/?w=400&output=jpg&bg=white&url=https%3A%2F%2Fraw.githubusercontent.com%2FJforPlay%2Fdata_for_toy%2Fmain%2Foutput_expressions%2F801031%2Fpainting.png,없음,앉기·무릎꿇기,정면,없음,금발,단색,녹색,없음
801032,충돌,Dream.Dolce,https://wsrv.nl/?w=400&output=jpg&bg=white&url=https%3A%2F%2Fraw.githubusercontent.com%2FJforPlay%2Fdata_for_toy%2Fmain%2Foutput_expressions%2F801032%2Fpainting.png,없음,앉기·무릎꿇기,정면,발바닥,금발,그라데이션,녹색,없음
801033,충돌,엘레강트 스텝,https://wsrv.nl/?w=400&output=jpg&bg=white&url=https%3A%2F%2Fraw.githubusercontent.com%2FJforPlay%2Fdata_for_toy%2Fmain%2Foutput_expressions%2F801033%2Fpainting.png,없음,서기,정면,겨드랑이,금발,단색,녹색,없음
801050,충돌,르 아르디,https://wsrv.nl/?w=400&output=jpg&bg=white&url=https%3A%2F%2Fraw.githubusercontent.com%2FJforPlay%2Fdata_for_toy%2Fmain%2Foutput_expressions%2F801050%2Fpainting.png,없음,서기,정면,없음,흑발,그라데이션,보라,없음
801051,충돌,끈적끈적한 시츄에이션,https://wsrv.nl/?w=400&output=jpg&bg=white&url=https%3A%2F%2Fraw.githubusercontent.com%2FJforPlay%2Fdata_for_toy%2Fmain%2Foutput_expressions%2F801051%2Fpainting.png,없음,앉기·무릎꿇기,정면,없음,흑발,단색,보라,없음
801060,공란·충돌,랑트레피드,https://wsrv.nl/?w=400&output=jpg&bg=white&url=https%3A%2F%2Fraw.githubusercontent.com%2FJforPlay%2Fdata_for_toy%2Fmain%2Foutput_expressions%2F801060%2Fpainting.png,없음,서기,정면,없음,청발,단색,,없음
801061,공란·충돌,프레임 로드 대시!,https://wsrv.nl/?w=400&output=jpg&bg=white&url=https%3A%2F%2Fraw.githubusercontent.com%2FJforPlay%2Fdata_for_toy%2Fmain%2Foutput_expressions%2F801061%2Fpainting.png,없음,서기,정면,없음,은발·백발,그라데이션,,없음
801070,충돌,르 테리블,https://wsrv.nl/?w=400&output=jpg&bg=white&url=https%3A%2F%2Fraw.githubusercontent.com%2FJforPlay%2Fdata_for_toy%2Fmain%2Foutput_expressions%2F801070%2Fpainting.png,없음,서기,정면,없음,금발,단색,은색·회색,없음
801071,공란,"고요, 수면, 편안",https://wsrv.nl/?w=400&output=jpg&bg=white&url=https%3A%2F%2Fraw.githubusercontent.com%2FJforPlay%2Fdata_for_toy%2Fmain%2Foutput_expressions%2F801071%2Fpainting.png,없음,눕기,정면,겨드랑이,금발,단색,,없음
801072,충돌,"햇빛, 바다, 신성한 푸른빛",https://wsrv.nl/?w=400&output=jpg&bg=white&url=https%3A%2F%2Fraw.githubusercontent.com%2FJforPlay%2Fdata_for_toy%2Fmain%2Foutput_expressions%2F801072%2Fpainting.png,없음,앉기·무릎꿇기,정면,없음,금발,단색,청색,없음
801080,충돌,마이예 브레제,https://wsrv.nl/?w=400&output=jpg&bg=white&url=https%3A%2F%2Fraw.githubusercontent.com%2FJforPlay%2Fdata_for_toy%2Fmain%2Foutput_expressions%2F801080%2Fpainting.png,없음,서기,정면,없음,청발,그라데이션,청색,동물귀
801081,충돌,여기사의 라스트 스탠드!,https://wsrv.nl/?w=400&output=jpg&bg=white&url=https%3A%2F%2Fraw.githubusercontent.com%2FJforPlay%2Fdata_for_toy%2Fmain%2Foutput_expressions%2F801081%2Fpainting.png,없음,앉기·무릎꿇기,정면,발바닥,청발,브릿지,청색,없음
801082,충돌,당분으로 휴가 중,https://wsrv.nl/?w=400&output=jpg&bg=white&url=https%3A%2F%2Fraw.githubusercontent.com%2FJforPlay%2Fdata_for_toy%2Fmain%2Foutput_expressions%2F801082%2Fpainting.png,없음,앉기·무릎꿇기,정면,발바닥,청발,그라데이션,청색,없음
802030,충돌,기샹,https://wsrv.nl/?w=400&output=jpg&bg=white&url=https%3A%2F%2Fraw.githubusercontent.com%2FJforPlay%2Fdata_for_toy%2Fmain%2Foutput_expressions%2F802030%2Fpainting.png,없음,앉기·무릎꿇기,정면,없음,은발·백발,단색,청색,없음
802031,충돌,빙판 위의 소르시에르,https://wsrv.nl/?w=400&output=jpg&bg=white&url=https%3A%2F%2Fraw.githubusercontent.com%2FJforPlay%2Fdata_for_toy%2Fmain%2Foutput_expressions%2F802031%2Fpainting.png,없음,서기,정면,겨드랑이,은발·백발,단색,청색,없음
802032,충돌,밀크 & 키스,https://wsrv.nl/?w=400&output=jpg&bg=white&url=https%3A%2F%2Fraw.githubusercontent.com%2FJforPlay%2Fdata_for_toy%2Fmain%2Foutput_expressions%2F802032%2Fpainting.png,없음,눕기,정면,겨드랑이,은발·백발,단색,보라,없음
803010,충돌,쉬프랑,https://wsrv.nl/?w=400&output=jpg&bg=white&url=https%3A%2F%2Fraw.githubusercontent.com%2FJforPlay%2Fdata_for_toy%2Fmain%2Foutput_expressions%2F803010%2Fpainting.png,없음,서기,정면,발바닥,은발·백발,단색,청색,"꼬리, 뿔"
803011,충돌,임펄시브 액시던트,https://wsrv.nl/?w=400&output=jpg&bg=white&url=https%3A%2F%2Fraw.githubusercontent.com%2FJforPlay%2Fdata_for_toy%2Fmain%2Foutput_expressions%2F803011%2Fpainting.png,없음,앉기·무릎꿇기,정면,없음,은발·백발,단색,청색,뿔
803012,충돌,화려함의 극치,https://wsrv.nl/?w=400&output=jpg&bg=white&url=https%3A%2F%2Fraw.githubusercontent.com%2FJforPlay%2Fdata_for_toy%2Fmain%2Foutput_expressions%2F803012%2Fpainting.png,없음,앉기·무릎꿇기,정면,없음,은발·백발,단색,청색,없음
803020,충돌,브렌누스,https://wsrv.nl/?w=400&output=jpg&bg=white&url=https%3A%2F%2Fraw.githubusercontent.com%2FJforPlay%2Fdata_for_toy%2Fmain%2Foutput_expressions%2F803020%2Fpainting.png,없음,서기,정면,없음,은발·백발,그라데이션,보라,없음
803021,충돌,연주자의 칼끝,https://wsrv.nl/?w=400&output=jpg&bg=white&url=https%3A%2F%2Fraw.githubusercontent.com%2FJforPlay%2Fdata_for_toy%2Fmain%2Foutput_expressions%2F803021%2Fpainting.png,없음,앉기·무릎꿇기,후면,발바닥,은발·백발,그라데이션,청색,없음
803022,충돌,연주자의 야상곡,https://wsrv.nl/?w=400&output=jpg&bg=white&url=https%3A%2F%2Fraw.githubusercontent.com%2FJforPlay%2Fdata_for_toy%2Fmain%2Foutput_expressions%2F803022%2Fpainting.png,없음,앉기·무릎꿇기,정면,없음,은발·백발,단색,보라,뿔
803030,충돌,뒤켄,https://wsrv.nl/?w=400&output=jpg&bg=white&url=https%3A%2F%2Fraw.githubusercontent.com%2FJforPlay%2Fdata_for_toy%2Fmain%2Foutput_expressions%2F803030%2Fpainting.png,없음,서기,정면,없음,보라,단색,적색,없음
803031,충돌,진홍빛 밤에 젖어,https://wsrv.nl/?w=400&output=jpg&bg=white&url=https%3A%2F%2Fraw.githubusercontent.com%2FJforPlay%2Fdata_for_toy%2Fmain%2Foutput_expressions%2F803031%2Fpainting.png,없음,앉기·무릎꿇기,정면,발바닥,청발,단색,적색,없음
805010,충돌,리슐리외,https://wsrv.nl/?w=400&output=jpg&bg=white&url=https%3A%2F%2Fraw.githubusercontent.com%2FJforPlay%2Fdata_for_toy%2Fmain%2Foutput_expressions%2F805010%2Fpainting.png,없음,서기,정면,없음,금발,단색,금색,없음
805011,충돌,잔잔한 조석풍의 Fleuron,https://wsrv.nl/?w=400&output=jpg&bg=white&url=https%3A%2F%2Fraw.githubusercontent.com%2FJforPlay%2Fdata_for_toy%2Fmain%2Foutput_expressions%2F805011%2Fpainting.png,없음,서기,후면,없음,금발,단색,적색,없음
805012,충돌,상록 Rêve prophétique,https://wsrv.nl/?w=400&output=jpg&bg=white&url=https%3A%2F%2Fraw.githubusercontent.com%2FJforPlay%2Fdata_for_toy%2Fmain%2Foutput_expressions%2F805012%2Fpainting.png,없음,앉기·무릎꿇기,정면,발바닥,금발,단색,분홍,없음
805030,공란·충돌,알자스,https://wsrv.nl/?w=400&output=jpg&bg=white&url=https%3A%2F%2Fraw.githubusercontent.com%2FJforPlay%2Fdata_for_toy%2Fmain%2Foutput_expressions%2F805030%2Fpainting.png,안대,서기,정면,없음,청발,단색,,"날개, 후광"
805031,공란·충돌,과열된 한여름의 비적,https://wsrv.nl/?w=400&output=jpg&bg=white&url=https%3A%2F%2Fraw.githubusercontent.com%2FJforPlay%2Fdata_for_toy%2Fmain%2Foutput_expressions%2F805031%2Fpainting.png,선글라스,서기,정면,없음,은발·백발,단색,,없음
805032,공란·충돌,성스러운 밤의 만취한 오니,https://wsrv.nl/?w=400&output=jpg&bg=white&url=https%3A%2F%2Fraw.githubusercontent.com%2FJforPlay%2Fdata_for_toy%2Fmain%2Foutput_expressions%2F805032%2Fpainting.png,안대,엎드리기,후면,없음,은발·백발,단색,,뿔
806010,충돌,부아 벨루,https://wsrv.nl/?w=400&output=jpg&bg=white&url=https%3A%2F%2Fraw.githubusercontent.com%2FJforPlay%2Fdata_for_toy%2Fmain%2Foutput_expressions%2F806010%2Fpainting.png,없음,서기,정면,없음,은발·백발,단색,청색,동물귀
806011,충돌,증기 테라피,https://wsrv.nl/?w=400&output=jpg&bg=white&url=https%3A%2F%2Fraw.githubusercontent.com%2FJforPlay%2Fdata_for_toy%2Fmain%2Foutput_expressions%2F806011%2Fpainting.png,없음,앉기·무릎꿇기,정면,없음,은발·백발,단색,청색,없음
806020,충돌,아로망슈,https://wsrv.nl/?w=400&output=jpg&bg=white&url=https%3A%2F%2Fraw.githubusercontent.com%2FJforPlay%2Fdata_for_toy%2Fmain%2Foutput_expressions%2F806020%2Fpainting.png,없음,서기,정면,겨드랑이,보라,그라데이션,적색,"뿔, 날개"
806021,충돌,다이나믹 아처리,https://wsrv.nl/?w=400&output=jpg&bg=white&url=https%3A%2F%2Fraw.githubusercontent.com%2FJforPlay%2Fdata_for_toy%2Fmain%2Foutput_expressions%2F806021%2Fpainting.png,없음,거꾸로,정면,겨드랑이,보라,단색,적색,없음
807010,충돌,베아른,https://wsrv.nl/?w=400&output=jpg&bg=white&url=https%3A%2F%2Fraw.githubusercontent.com%2FJforPlay%2Fdata_for_toy%2Fmain%2Foutput_expressions%2F807010%2Fpainting.png,안경,서기,정면,없음,은발·백발,단색,은색·회색,없음
807011,충돌,라이프가드 스테이션,https://wsrv.nl/?w=400&output=jpg&bg=white&url=https%3A%2F%2Fraw.githubusercontent.com%2FJforPlay%2Fdata_for_toy%2Fmain%2Foutput_expressions%2F807011%2Fpainting.png,없음,앉기·무릎꿇기,정면,발바닥,흑발,단색,은색·회색,없음
807020,충돌,팽르베,https://wsrv.nl/?w=400&output=jpg&bg=white&url=https%3A%2F%2Fraw.githubusercontent.com%2FJforPlay%2Fdata_for_toy%2Fmain%2Foutput_expressions%2F807020%2Fpainting.png,없음,서기,정면,없음,금발,단색,청색,없음
807021,충돌,두 사람의 스트레칭,https://wsrv.nl/?w=400&output=jpg&bg=white&url=https%3A%2F%2Fraw.githubusercontent.com%2FJforPlay%2Fdata_for_toy%2Fmain%2Foutput_expressions%2F807021%2Fpainting.png,없음,엎드리기,후면,발바닥,은발·백발,단색,청색,없음
807022,충돌,생크림에 행운 있으라,https://wsrv.nl/?w=400&output=jpg&bg=white&url=https%3A%2F%2Fraw.githubusercontent.com%2FJforPlay%2Fdata_for_toy%2Fmain%2Foutput_expressions%2F807022%2Fpainting.png,없음,앉기·무릎꿇기,정면,발바닥,금발,단색,청색,없음
808010,충돌,쉬르쿠프,https://wsrv.nl/?w=400&output=jpg&bg=white&url=https%3A%2F%2Fraw.githubusercontent.com%2FJforPlay%2Fdata_for_toy%2Fmain%2Foutput_expressions%2F808010%2Fpainting.png,없음,앉기·무릎꿇기,정면,겨드랑이,적발,단색,녹색,없음
808011,충돌,쇼핑 타임!,https://wsrv.nl/?w=400&output=jpg&bg=white&url=https%3A%2F%2Fraw.githubusercontent.com%2FJforPlay%2Fdata_for_toy%2Fmain%2Foutput_expressions%2F808011%2Fpainting.png,선글라스,서기,정면,없음,적발,단색,녹색,없음
808012,충돌,Loisirs balnéaires,https://wsrv.nl/?w=400&output=jpg&bg=white&url=https%3A%2F%2Fraw.githubusercontent.com%2FJforPlay%2Fdata_for_toy%2Fmain%2Foutput_expressions%2F808012%2Fpainting.png,선글라스,눕기,정면,발바닥,분홍,그라데이션,녹색,없음
899010,충돌,생 루이,https://wsrv.nl/?w=400&output=jpg&bg=white&url=https%3A%2F%2Fraw.githubusercontent.com%2FJforPlay%2Fdata_for_toy%2Fmain%2Foutput_expressions%2F899010%2Fpainting.png,없음,서기,정면,없음,은발·백발,단색,적색,없음
899011,충돌,화려한 성기사,https://wsrv.nl/?w=400&output=jpg&bg=white&url=https%3A%2F%2Fraw.githubusercontent.com%2FJforPlay%2Fdata_for_toy%2Fmain%2Foutput_expressions%2F899011%2Fpainting.png,없음,앉기·무릎꿇기,정면,없음,은발·백발,단색,적색,없음
899012,충돌,귀려한 집행자,https://wsrv.nl/?w=400&output=jpg&bg=white&url=https%3A%2F%2Fraw.githubusercontent.com%2FJforPlay%2Fdata_for_toy%2Fmain%2Foutput_expressions%2F899012%2Fpainting.png,없음,앉기·무릎꿇기,정면,없음,은발·백발,단색,적색,없음
899013,충돌,평온한 시간에 취해,https://wsrv.nl/?w=400&output=jpg&bg=white&url=https%3A%2F%2Fraw.githubusercontent.com%2FJforPlay%2Fdata_for_toy%2Fmain%2Foutput_expressions%2F899013%2Fpainting.png,없음,눕기,정면,발바닥,회색,단색,적색,없음
899020,충돌,샹파뉴,https://wsrv.nl/?w=400&output=jpg&bg=white&url=https%3A%2F%2Fraw.githubusercontent.com%2FJforPlay%2Fdata_for_toy%2Fmain%2Foutput_expressions%2F899020%2Fpainting.png,없음,앉기·무릎꿇기,후면,없음,청발,단색,은색·회색,없음
899021,충돌,쪽빛 첫 꿈,https://wsrv.nl/?w=400&output=jpg&bg=white&url=https%3A%2F%2Fraw.githubusercontent.com%2FJforPlay%2Fdata_for_toy%2Fmain%2Foutput_expressions%2F899021%2Fpainting.png,없음,앉기·무릎꿇기,정면,발바닥,청발,단색,은색·회색,없음
899028,충돌,영원한 찬송,https://wsrv.nl/?w=400&output=jpg&bg=white&url=https%3A%2F%2Fraw.githubusercontent.com%2FJforPlay%2Fdata_for_toy%2Fmain%2Foutput_expressions%2F899028%2Fpainting.png,없음,서기,정면,없음,은발·백발,그라데이션,은색·회색,없음
899030,충돌,브레스트,https://wsrv.nl/?w=400&output=jpg&bg=white&url=https%3A%2F%2Fraw.githubusercontent.com%2FJforPlay%2Fdata_for_toy%2Fmain%2Foutput_expressions%2F899030%2Fpainting.png,없음,서기,정면,없음,금발,단색,청색,"날개, 후광"
899031,충돌,푸른 바다의 노래,https://wsrv.nl/?w=400&output=jpg&bg=white&url=https%3A%2F%2Fraw.githubusercontent.com%2FJforPlay%2Fdata_for_toy%2Fmain%2Foutput_expressions%2F899031%2Fpainting.png,없음,서기,후면,발바닥,금발,단색,청색,없음
899032,충돌,깊은 밤의 봄 경치,https://wsrv.nl/?w=400&output=jpg&bg=white&url=https%3A%2F%2Fraw.githubusercontent.com%2FJforPlay%2Fdata_for_toy%2Fmain%2Foutput_expressions%2F899032%2Fpainting.png,없음,눕기,정면,발바닥,금발,단색,청색,없음
899040,충돌,바야르,https://wsrv.nl/?w=400&output=jpg&bg=white&url=https%3A%2F%2Fraw.githubusercontent.com%2FJforPlay%2Fdata_for_toy%2Fmain%2Foutput_expressions%2F899040%2Fpainting.png,없음,서기,정면,없음,금발,단색,청색,없음
899041,충돌,보팔 퀘스트,https://wsrv.nl/?w=400&output=jpg&bg=white&url=https%3A%2F%2Fraw.githubusercontent.com%2FJforPlay%2Fdata_for_toy%2Fmain%2Foutput_expressions%2F899041%2Fpainting.png,없음,앉기·무릎꿇기,정면,발바닥,금발,단색,청색,동물귀
901030,충돌,보클랭,https://wsrv.nl/?w=400&output=jpg&bg=white&url=https%3A%2F%2Fraw.githubusercontent.com%2FJforPlay%2Fdata_for_toy%2Fmain%2Foutput_expressions%2F901030%2Fpainting.png,없음,서기,정면,없음,은발·백발,브릿지,적색,없음
901031,충돌,천진난만한 여름의 기사,https://wsrv.nl/?w=400&output=jpg&bg=white&url=https%3A%2F%2Fraw.githubusercontent.com%2FJforPlay%2Fdata_for_toy%2Fmain%2Foutput_expressions%2F901031%2Fpainting.png,없음,서기,후면,없음,은발·백발,투톤,적색,없음
901032,충돌,전자동 교향악?,https://wsrv.nl/?w=400&output=jpg&bg=white&url=https%3A%2F%2Fraw.githubusercontent.com%2FJforPlay%2Fdata_for_toy%2Fmain%2Foutput_expressions%2F901032%2Fpainting.png,없음,서기,정면,없음,은발·백발,투톤,적색,없음
901033,충돌,패러렐 어드벤처,https://wsrv.nl/?w=400&output=jpg&bg=white&url=https%3A%2F%2Fraw.githubusercontent.com%2FJforPlay%2Fdata_for_toy%2Fmain%2Foutput_expressions%2F901033%2Fpainting.png,없음,앉기·무릎꿇기,정면,겨드랑이,은발·백발,그라데이션,적색,없음
901040,충돌,케르생,https://wsrv.nl/?w=400&output=jpg&bg=white&url=https%3A%2F%2Fraw.githubusercontent.com%2FJforPlay%2Fdata_for_toy%2Fmain%2Foutput_expressions%2F901040%2Fpainting.png,없음,서기,정면,없음,금발,단색,적색,없음
901041,충돌,홀리 런닝,https://wsrv.nl/?w=400&output=jpg&bg=white&url=https%3A%2F%2Fraw.githubusercontent.com%2FJforPlay%2Fdata_for_toy%2Fmain%2Foutput_expressions%2F901041%2Fpainting.png,없음,서기,후면,없음,은발·백발,단색,적색,없음
901042,충돌,성스러운 연민은 나쁘지 않다?,https://wsrv.nl/?w=400&output=jpg&bg=white&url=https%3A%2F%2Fraw.githubusercontent.com%2FJforPlay%2Fdata_for_toy%2Fmain%2Foutput_expressions%2F901042%2Fpainting.png,없음,앉기·무릎꿇기,후면,없음,금발,단색,적색,없음
901060,충돌,에페,https://wsrv.nl/?w=400&output=jpg&bg=white&url=https%3A%2F%2Fraw.githubusercontent.com%2FJforPlay%2Fdata_for_toy%2Fmain%2Foutput_expressions%2F901060%2Fpainting.png,없음,서기,정면,없음,흑발,단색,청색,없음
901061,충돌,외로운 외톨이 기사,https://wsrv.nl/?w=400&output=jpg&bg=white&url=https%3A%2F%2Fraw.githubusercontent.com%2FJforPlay%2Fdata_for_toy%2Fmain%2Foutput_expressions%2F901061%2Fpainting.png,없음,앉기·무릎꿇기,정면,발바닥,흑발,브릿지,은색·회색,없음
901070,충돌,모가도르,https://wsrv.nl/?w=400&output=jpg&bg=white&url=https%3A%2F%2Fraw.githubusercontent.com%2FJforPlay%2Fdata_for_toy%2Fmain%2Foutput_expressions%2F901070%2Fpainting.png,없음,서기,정면,없음,보라,단색,보라,없음
901071,충돌,탈의실의 뜨거운 비밀,https://wsrv.nl/?w=400&output=jpg&bg=white&url=https%3A%2F%2Fraw.githubusercontent.com%2FJforPlay%2Fdata_for_toy%2Fmain%2Foutput_expressions%2F901071%2Fpainting.png,없음,서기,정면,겨드랑이,보라,단색,보라,없음
901072,충돌,후각 진단 너스콜,https://wsrv.nl/?w=400&output=jpg&bg=white&url=https%3A%2F%2Fraw.githubusercontent.com%2FJforPlay%2Fdata_for_toy%2Fmain%2Foutput_expressions%2F901072%2Fpainting.png,없음,엎드리기,정면,없음,보라,단색,보라,없음
901073,충돌,"스웨티 다이빙 (듀얼, L2D, 배경)",https://wsrv.nl/?w=400&output=jpg&bg=white&url=https%3A%2F%2Fraw.githubusercontent.com%2FJforPlay%2Fdata_for_toy%2Fmain%2Foutput_expressions%2F901073%2Fpainting.png,없음,서기,정면,겨드랑이,보라,그라데이션,보라,없음
901074,충돌,"스웨티 다이빙 (듀얼, 쁘띠모션, 배경)",https://wsrv.nl/?w=400&output=jpg&bg=white&url=https%3A%2F%2Fraw.githubusercontent.com%2FJforPlay%2Fdata_for_toy%2Fmain%2Foutput_expressions%2F901074%2Fpainting.png,없음,앉기·무릎꿇기,정면,없음,보라,단색,보라,없음
901110,충돌,르 말랭,https://wsrv.nl/?w=400&output=jpg&bg=white&url=https%3A%2F%2Fraw.githubusercontent.com%2FJforPlay%2Fdata_for_toy%2Fmain%2Foutput_expressions%2F901110%2Fpainting.png,없음,서기,정면,없음,은발·백발,단색,청색,없음
901111,충돌,나른한 디망쉬,https://wsrv.nl/?w=400&output=jpg&bg=white&url=https%3A%2F%2Fraw.githubusercontent.com%2FJforPlay%2Fdata_for_toy%2Fmain%2Foutput_expressions%2F901111%2Fpainting.png,없음,앉기·무릎꿇기,후면,없음,은발·백발,그라데이션,보라,없음
901112,충돌,비밀 기지의 Mercredi,https://wsrv.nl/?w=400&output=jpg&bg=white&url=https%3A%2F%2Fraw.githubusercontent.com%2FJforPlay%2Fdata_for_toy%2Fmain%2Foutput_expressions%2F901112%2Fpainting.png,없음,눕기,정면,겨드랑이,은발·백발,단색,은색·회색,없음
901113,공란·충돌,나른한 흰토끼,https://wsrv.nl/?w=400&output=jpg&bg=white&url=https%3A%2F%2Fraw.githubusercontent.com%2FJforPlay%2Fdata_for_toy%2Fmain%2Foutput_expressions%2F901113%2Fpainting.png,없음,앉기·무릎꿇기,정면,,은발·백발,단색,청색,동물귀
901130,충돌,랭동타블,https://wsrv.nl/?w=400&output=jpg&bg=white&url=https%3A%2F%2Fraw.githubusercontent.com%2FJforPlay%2Fdata_for_toy%2Fmain%2Foutput_expressions%2F901130%2Fpainting.png,없음,서기,정면,없음,은발·백발,단색,청색,뿔
901131,충돌,빨간 모자'의 고민,https://wsrv.nl/?w=400&output=jpg&bg=white&url=https%3A%2F%2Fraw.githubusercontent.com%2FJforPlay%2Fdata_for_toy%2Fmain%2Foutput_expressions%2F901131%2Fpainting.png,없음,눕기,정면,없음,은발·백발,단색,청색,뿔
901132,충돌,따끈따끈 일일 점원,https://wsrv.nl/?w=400&output=jpg&bg=white&url=https%3A%2F%2Fraw.githubusercontent.com%2FJforPlay%2Fdata_for_toy%2Fmain%2Foutput_expressions%2F901132%2Fpainting.png,없음,서기,정면,없음,은발·백발,브릿지,청색,없음
901133,충돌,전력으로 변장 도청!,https://wsrv.nl/?w=400&output=jpg&bg=white&url=https%3A%2F%2Fraw.githubusercontent.com%2FJforPlay%2Fdata_for_toy%2Fmain%2Foutput_expressions%2F901133%2Fpainting.png,안경,앉기·무릎꿇기,정면,발바닥,은발·백발,브릿지,청색,없음
902010,충돌,라 갈리소니에르,https://wsrv.nl/?w=400&output=jpg&bg=white&url=https%3A%2F%2Fraw.githubusercontent.com%2FJforPlay%2Fdata_for_toy%2Fmain%2Foutput_expressions%2F902010%2Fpainting.png,없음,서기,후면,겨드랑이,분홍,단색,보라,없음
902011,충돌,순결한 Piscine,https://wsrv.nl/?w=400&output=jpg&bg=white&url=https%3A%2F%2Fraw.githubusercontent.com%2FJforPlay%2Fdata_for_toy%2Fmain%2Foutput_expressions%2F902011%2Fpainting.png,없음,앉기·무릎꿇기,정면,없음,분홍,단색,보라,없음
902012,충돌,꿈에 취한 봄날의 새벽,https://wsrv.nl/?w=400&output=jpg&bg=white&url=https%3A%2F%2Fraw.githubusercontent.com%2FJforPlay%2Fdata_for_toy%2Fmain%2Foutput_expressions%2F902012%2Fpainting.png,없음,앉기·무릎꿇기,정면,발바닥,분홍,단색,분홍,없음
902013,충돌,검은 고양이와 호박의 밤,https://wsrv.nl/?w=400&output=jpg&bg=white&url=https%3A%2F%2Fraw.githubusercontent.com%2FJforPlay%2Fdata_for_toy%2Fmain%2Foutput_expressions%2F902013%2Fpainting.png,없음,엎드리기,정면,발바닥,분홍,단색,보라,"동물귀, 꼬리"
903010,충돌,포슈,https://wsrv.nl/?w=400&output=jpg&bg=white&url=https%3A%2F%2Fraw.githubusercontent.com%2FJforPlay%2Fdata_for_toy%2Fmain%2Foutput_expressions%2F903010%2Fpainting.png,없음,서기,정면,없음,보라,그라데이션,분홍,없음
903011,공란·충돌,레인보우 Rendez-vous,https://wsrv.nl/?w=400&output=jpg&bg=white&url=https%3A%2F%2Fraw.githubusercontent.com%2FJforPlay%2Fdata_for_toy%2Fmain%2Foutput_expressions%2F903011%2Fpainting.png,없음,서기,,없음,흑발,그라데이션,적색,없음
903012,충돌,총애의 마조르돔,https://wsrv.nl/?w=400&output=jpg&bg=white&url=https%3A%2F%2Fraw.githubusercontent.com%2FJforPlay%2Fdata_for_toy%2Fmain%2Foutput_expressions%2F903012%2Fpainting.png,없음,서기,정면,없음,흑발,단색,분홍,없음
903030,충돌,듀플렉스,https://wsrv.nl/?w=400&output=jpg&bg=white&url=https%3A%2F%2Fraw.githubusercontent.com%2FJforPlay%2Fdata_for_toy%2Fmain%2Foutput_expressions%2F903030%2Fpainting.png,안경,서기,정면,없음,흑발,단색,분홍,없음
903031,충돌,Final Check,https://wsrv.nl/?w=400&output=jpg&bg=white&url=https%3A%2F%2Fraw.githubusercontent.com%2FJforPlay%2Fdata_for_toy%2Fmain%2Foutput_expressions%2F903031%2Fpainting.png,안경,앉기·무릎꿇기,정면,없음,흑발,그라데이션,보라,없음
904012,공란,오후 3시의 Venus,https://wsrv.nl/?w=400&output=jpg&bg=white&url=https%3A%2F%2Fraw.githubusercontent.com%2FJforPlay%2Fdata_for_toy%2Fmain%2Foutput_expressions%2F904012%2Fpainting.png,선글라스,앉기·무릎꿇기,,없음,은발·백발,단색,적색,없음
904020,충돌,스트라스부르,https://wsrv.nl/?w=400&output=jpg&bg=white&url=https%3A%2F%2Fraw.githubusercontent.com%2FJforPlay%2Fdata_for_toy%2Fmain%2Foutput_expressions%2F904020%2Fpainting.png,없음,서기,정면,없음,흑발,단색,보라,없음
904021,충돌,경기장의 서킷 요정,https://wsrv.nl/?w=400&output=jpg&bg=white&url=https%3A%2F%2Fraw.githubusercontent.com%2FJforPlay%2Fdata_for_toy%2Fmain%2Foutput_expressions%2F904021%2Fpainting.png,없음,앉기·무릎꿇기,후면,없음,흑발,단색,분홍,꼬리
905010,충돌,장 바르,https://wsrv.nl/?w=400&output=jpg&bg=white&url=https%3A%2F%2Fraw.githubusercontent.com%2FJforPlay%2Fdata_for_toy%2Fmain%2Foutput_expressions%2F905010%2Fpainting.png,없음,앉기·무릎꿇기,정면,없음,은발·백발,단색,적색,없음
905011,충돌,자유의 BloodStone,https://wsrv.nl/?w=400&output=jpg&bg=white&url=https%3A%2F%2Fraw.githubusercontent.com%2FJforPlay%2Fdata_for_toy%2Fmain%2Foutput_expressions%2F905011%2Fpainting.png,없음,서기,후면,없음,갈색,단색,분홍,없음
905012,충돌,비밀의 Après midi,https://wsrv.nl/?w=400&output=jpg&bg=white&url=https%3A%2F%2Fraw.githubusercontent.com%2FJforPlay%2Fdata_for_toy%2Fmain%2Foutput_expressions%2F905012%2Fpainting.png,없음,눕기,정면,없음,금발,단색,분홍,없음
905013,충돌,박도 Première neige,https://wsrv.nl/?w=400&output=jpg&bg=white&url=https%3A%2F%2Fraw.githubusercontent.com%2FJforPlay%2Fdata_for_toy%2Fmain%2Foutput_expressions%2F905013%2Fpainting.png,없음,서기,후면,없음,은발·백발,단색,분홍,없음
905014,충돌,봄의 등불이 비추는 étoiles,https://wsrv.nl/?w=400&output=jpg&bg=white&url=https%3A%2F%2Fraw.githubusercontent.com%2FJforPlay%2Fdata_for_toy%2Fmain%2Foutput_expressions%2F905014%2Fpainting.png,없음,앉기·무릎꿇기,정면,없음,갈색,그라데이션,분홍,없음
905020,충돌,클레망소,https://wsrv.nl/?w=400&output=jpg&bg=white&url=https%3A%2F%2Fraw.githubusercontent.com%2FJforPlay%2Fdata_for_toy%2Fmain%2Foutput_expressions%2F905020%2Fpainting.png,없음,서기,정면,없음,분홍,단색,적색,없음
905021,충돌,브리즈 스플렌디드,https://wsrv.nl/?w=400&output=jpg&bg=white&url=https%3A%2F%2Fraw.githubusercontent.com%2FJforPlay%2Fdata_for_toy%2Fmain%2Foutput_expressions%2F905021%2Fpainting.png,없음,서기,정면,겨드랑이,갈색,단색,분홍,없음
907010,충돌,조프르,https://wsrv.nl/?w=400&output=jpg&bg=white&url=https%3A%2F%2Fraw.githubusercontent.com%2FJforPlay%2Fdata_for_toy%2Fmain%2Foutput_expressions%2F907010%2Fpainting.png,없음,앉기·무릎꿇기,정면,없음,은발·백발,단색,분홍,"날개, 후광"
907011,충돌,새장 속 백설공주,https://wsrv.nl/?w=400&output=jpg&bg=white&url=https%3A%2F%2Fraw.githubusercontent.com%2FJforPlay%2Fdata_for_toy%2Fmain%2Foutput_expressions%2F907011%2Fpainting.png,없음,앉기·무릎꿇기,정면,없음,은발·백발,단색,분홍,없음
907012,충돌,극락의 엘리시온,https://wsrv.nl/?w=400&output=jpg&bg=white&url=https%3A%2F%2Fraw.githubusercontent.com%2FJforPlay%2Fdata_for_toy%2Fmain%2Foutput_expressions%2F907012%2Fpainting.png,없음,앉기·무릎꿇기,후면,발바닥,은발·백발,단색,분홍,없음
907013,충돌,축복의 시작 스퍼트,https://wsrv.nl/?w=400&output=jpg&bg=white&url=https%3A%2F%2Fraw.githubusercontent.com%2FJforPlay%2Fdata_for_toy%2Fmain%2Foutput_expressions%2F907013%2Fpainting.png,없음,서기,정면,없음,은발·백발,단색,적색,없음
999010,충돌,가스코뉴,https://wsrv.nl/?w=400&output=jpg&bg=white&url=https%3A%2F%2Fraw.githubusercontent.com%2FJforPlay%2Fdata_for_toy%2Fmain%2Foutput_expressions%2F999010%2Fpainting.png,없음,서기,후면,없음,은발·백발,브릿지,금색,없음
999011,충돌,여름 환경 대응 쉘,https://wsrv.nl/?w=400&output=jpg&bg=white&url=https%3A%2F%2Fraw.githubusercontent.com%2FJforPlay%2Fdata_for_toy%2Fmain%2Foutput_expressions%2F999011%2Fpainting.png,없음,앉기·무릎꿇기,정면,발바닥,청발,단색,금색,없음
999012,충돌,여행하는 인형,https://wsrv.nl/?w=400&output=jpg&bg=white&url=https%3A%2F%2Fraw.githubusercontent.com%2FJforPlay%2Fdata_for_toy%2Fmain%2Foutput_expressions%2F999012%2Fpainting.png,없음,서기,후면,없음,청발,브릿지,금색,없음
1199010,충돌,하우덴 리우,https://wsrv.nl/?w=400&output=jpg&bg=white&url=https%3A%2F%2Fraw.githubusercontent.com%2FJforPlay%2Fdata_for_toy%2Fmain%2Foutput_expressions%2F1199010%2Fpainting.png,없음,서기,정면,없음,금발,단색,보라,없음
1199011,충돌,자애로운 씻겨주기,https://wsrv.nl/?w=400&output=jpg&bg=white&url=https%3A%2F%2Fraw.githubusercontent.com%2FJforPlay%2Fdata_for_toy%2Fmain%2Foutput_expressions%2F1199011%2Fpainting.png,없음,눕기,정면,발바닥,금발,단색,보라,동물귀
9600010,충돌,로열 포춘,https://wsrv.nl/?w=400&output=jpg&bg=white&url=https%3A%2F%2Fraw.githubusercontent.com%2FJforPlay%2Fdata_for_toy%2Fmain%2Foutput_expressions%2F9600010%2Fpainting.png,없음,서기,정면,없음,흑발,단색,적색,없음
9600011,충돌,사악한 신(?)의 “미식”,https://wsrv.nl/?w=400&output=jpg&bg=white&url=https%3A%2F%2Fraw.githubusercontent.com%2FJforPlay%2Fdata_for_toy%2Fmain%2Foutput_expressions%2F9600011%2Fpainting.png,없음,서기,정면,없음,흑발,단색,적색,"뿔, 날개, 꼬리"
9600012,충돌,해변의 규칙,https://wsrv.nl/?w=400&output=jpg&bg=white&url=https%3A%2F%2Fraw.githubusercontent.com%2FJforPlay%2Fdata_for_toy%2Fmain%2Foutput_expressions%2F9600012%2Fpainting.png,없음,앉기·무릎꿇기,정면,발바닥,흑발,단색,적색,없음
9600020,충돌,상 마르티뉴,https://wsrv.nl/?w=400&output=jpg&bg=white&url=https%3A%2F%2Fraw.githubusercontent.com%2FJforPlay%2Fdata_for_toy%2Fmain%2Foutput_expressions%2F9600020%2Fpainting.png,없음,서기,정면,겨드랑이,은발·백발,단색,적색,"날개, 후광"
9600021,충돌,검은빛 그림자,https://wsrv.nl/?w=400&output=jpg&bg=white&url=https%3A%2F%2Fraw.githubusercontent.com%2FJforPlay%2Fdata_for_toy%2Fmain%2Foutput_expressions%2F9600021%2Fpainting.png,없음,앉기·무릎꿇기,정면,없음,은발·백발,단색,적색,날개
9600030,충돌,골든 하인드,https://wsrv.nl/?w=400&output=jpg&bg=white&url=https%3A%2F%2Fraw.githubusercontent.com%2FJforPlay%2Fdata_for_toy%2Fmain%2Foutput_expressions%2F9600030%2Fpainting.png,없음,앉기·무릎꿇기,정면,없음,흑발,브릿지,청색,없음
9600031,충돌,옛 성채의 킬러 레이디,https://wsrv.nl/?w=400&output=jpg&bg=white&url=https%3A%2F%2Fraw.githubusercontent.com%2FJforPlay%2Fdata_for_toy%2Fmain%2Foutput_expressions%2F9600031%2Fpainting.png,없음,서기,후면,없음,보라,단색,금색,뿔
9600040,충돌,메리 셀러스트,https://wsrv.nl/?w=400&output=jpg&bg=white&url=https%3A%2F%2Fraw.githubusercontent.com%2FJforPlay%2Fdata_for_toy%2Fmain%2Foutput_expressions%2F9600040%2Fpainting.png,없음,서기,정면,없음,청발,단색,은색·회색,뿔
9600041,충돌,그림 나이트 리퍼,https://wsrv.nl/?w=400&output=jpg&bg=white&url=https%3A%2F%2Fraw.githubusercontent.com%2FJforPlay%2Fdata_for_toy%2Fmain%2Foutput_expressions%2F9600041%2Fpainting.png,없음,서기,정면,겨드랑이,청발,단색,청색,날개
9600060,충돌,어드벤처 갤리,https://wsrv.nl/?w=400&output=jpg&bg=white&url=https%3A%2F%2Fraw.githubusercontent.com%2FJforPlay%2Fdata_for_toy%2Fmain%2Foutput_expressions%2F9600060%2Fpainting.png,없음,서기,정면,없음,보라,단색,적색,뿔
9600061,충돌,붉은 달의 카니발,https://wsrv.nl/?w=400&output=jpg&bg=white&url=https%3A%2F%2Fraw.githubusercontent.com%2FJforPlay%2Fdata_for_toy%2Fmain%2Foutput_expressions%2F9600061%2Fpainting.png,없음,서기,정면,발바닥,보라,단색,적색,날개
9600070,충돌,건스웨이,https://wsrv.nl/?w=400&output=jpg&bg=white&url=https%3A%2F%2Fraw.githubusercontent.com%2FJforPlay%2Fdata_for_toy%2Fmain%2Foutput_expressions%2F9600070%2Fpainting.png,없음,거꾸로,정면,없음,은발·백발,그라데이션,보라,없음
9600071,충돌,봉인된 머메이드,https://wsrv.nl/?w=400&output=jpg&bg=white&url=https%3A%2F%2Fraw.githubusercontent.com%2FJforPlay%2Fdata_for_toy%2Fmain%2Foutput_expressions%2F9600071%2Fpainting.png,없음,서기,정면,없음,분홍,그라데이션,보라,없음
9600090,충돌,아미티,https://wsrv.nl/?w=400&output=jpg&bg=white&url=https%3A%2F%2Fraw.githubusercontent.com%2FJforPlay%2Fdata_for_toy%2Fmain%2Foutput_expressions%2F9600090%2Fpainting.png,없음,서기,정면,없음,적발,단색,청색,없음
9600091,공란·충돌,프렌들리 프랑켄,https://wsrv.nl/?w=400&output=jpg&bg=white&url=https%3A%2F%2Fraw.githubusercontent.com%2FJforPlay%2Fdata_for_toy%2Fmain%2Foutput_expressions%2F9600091%2Fpainting.png,없음,,정면,없음,적발,단색,오드아이,없음
9600100,충돌,포츠머스 어드벤처,https://wsrv.nl/?w=400&output=jpg&bg=white&url=https%3A%2F%2Fraw.githubusercontent.com%2FJforPlay%2Fdata_for_toy%2Fmain%2Foutput_expressions%2F9600100%2Fpainting.png,없음,서기,정면,없음,적발,단색,청색,없음
9600101,충돌,서프라이즈 어드벤처,https://wsrv.nl/?w=400&output=jpg&bg=white&url=https%3A%2F%2Fraw.githubusercontent.com%2FJforPlay%2Fdata_for_toy%2Fmain%2Foutput_expressions%2F9600101%2Fpainting.png,없음,서기,정면,겨드랑이,적발,단색,보라,"동물귀, 날개"
9600120,충돌,퀸 앤즈 리벤지,https://wsrv.nl/?w=400&output=jpg&bg=white&url=https%3A%2F%2Fraw.githubusercontent.com%2FJforPlay%2Fdata_for_toy%2Fmain%2Foutput_expressions%2F9600120%2Fpainting.png,없음,서기,정면,없음,흑발,단색,보라,없음
9600121,충돌,은밀한 포옹의 속삭임,https://wsrv.nl/?w=400&output=jpg&bg=white&url=https%3A%2F%2Fraw.githubusercontent.com%2FJforPlay%2Fdata_for_toy%2Fmain%2Foutput_expressions%2F9600121%2Fpainting.png,없음,눕기,정면,없음,흑발,브릿지,갈색,없음
9600130,충돌,라임,https://wsrv.nl/?w=400&output=jpg&bg=white&url=https%3A%2F%2Fraw.githubusercontent.com%2FJforPlay%2Fdata_for_toy%2Fmain%2Foutput_expressions%2F9600130%2Fpainting.png,없음,서기,후면,없음,흑발,브릿지,금색,없음
9600131,충돌,데빌라이즈 트랩,https://wsrv.nl/?w=400&output=jpg&bg=white&url=https%3A%2F%2Fraw.githubusercontent.com%2FJforPlay%2Fdata_for_toy%2Fmain%2Foutput_expressions%2F9600131%2Fpainting.png,없음,앉기·무릎꿇기,정면,겨드랑이,흑발,단색,금색,"뿔, 날개"
9600140,충돌,펄,https://wsrv.nl/?w=400&output=jpg&bg=white&url=https%3A%2F%2Fraw.githubusercontent.com%2FJforPlay%2Fdata_for_toy%2Fmain%2Foutput_expressions%2F9600140%2Fpainting.png,없음,서기,후면,발바닥,은발·백발,단색,적색,날개
9600141,충돌,마성의 타락 천사,https://wsrv.nl/?w=400&output=jpg&bg=white&url=https%3A%2F%2Fraw.githubusercontent.com%2FJforPlay%2Fdata_for_toy%2Fmain%2Foutput_expressions%2F9600141%2Fpainting.png,없음,눕기,정면,발바닥,은발·백발,단색,적색,"날개, 후광"
9600150,충돌,로열 제임스,https://wsrv.nl/?w=400&output=jpg&bg=white&url=https%3A%2F%2Fraw.githubusercontent.com%2FJforPlay%2Fdata_for_toy%2Fmain%2Foutput_expressions%2F9600150%2Fpainting.png,없음,서기,정면,없음,은발·백발,브릿지,녹색,없음
9600151,충돌,금기의 츄잉 본,https://wsrv.nl/?w=400&output=jpg&bg=white&url=https%3A%2F%2Fraw.githubusercontent.com%2FJforPlay%2Fdata_for_toy%2Fmain%2Foutput_expressions%2F9600151%2Fpainting.png,없음,앉기·무릎꿇기,정면,없음,은발·백발,단색,녹색,없음
9707070,공란,글로리어스·META,https://wsrv.nl/?w=400&output=jpg&bg=white&url=https%3A%2F%2Fraw.githubusercontent.com%2FJforPlay%2Fdata_for_toy%2Fmain%2Foutput_expressions%2F9707070%2Fpainting.png,없음,서기,정면,없음,금발,단색,,없음
10300010,충돌,쿠온,https://wsrv.nl/?w=400&output=jpg&bg=white&url=https%3A%2F%2Fraw.githubusercontent.com%2FJforPlay%2Fdata_for_toy%2Fmain%2Foutput_expressions%2F10300010%2Fpainting.png,없음,서기,정면,없음,청발,단색,갈색,없음
10300011,충돌,쿠온 (칭송받는 자),https://wsrv.nl/?w=400&output=jpg&bg=white&url=https%3A%2F%2Fraw.githubusercontent.com%2FJforPlay%2Fdata_for_toy%2Fmain%2Foutput_expressions%2F10300011%2Fpainting.png,없음,서기,정면,없음,흑발,단색,금색,없음
10300020,충돌,네코네,https://wsrv.nl/?w=400&output=jpg&bg=white&url=https%3A%2F%2Fraw.githubusercontent.com%2FJforPlay%2Fdata_for_toy%2Fmain%2Foutput_expressions%2F10300020%2Fpainting.png,없음,서기,정면,없음,흑발,단색,분홍,"동물귀, 꼬리"
10300021,충돌,네코네 (칭송받는 자),https://wsrv.nl/?w=400&output=jpg&bg=white&url=https%3A%2F%2Fraw.githubusercontent.com%2FJforPlay%2Fdata_for_toy%2Fmain%2Foutput_expressions%2F10300021%2Fpainting.png,없음,서기,정면,없음,갈색,단색,적색,"동물귀, 꼬리"
10300030,충돌,루루티에,https://wsrv.nl/?w=400&output=jpg&bg=white&url=https%3A%2F%2Fraw.githubusercontent.com%2FJforPlay%2Fdata_for_toy%2Fmain%2Foutput_expressions%2F10300030%2Fpainting.png,없음,서기,정면,없음,갈색,단색,갈색,꼬리
10300031,충돌,루루티에 (칭송받는 자),https://wsrv.nl/?w=400&output=jpg&bg=white&url=https%3A%2F%2Fraw.githubusercontent.com%2FJforPlay%2Fdata_for_toy%2Fmain%2Foutput_expressions%2F10300031%2Fpainting.png,없음,서기,정면,없음,흑발,단색,적색,없음
10300040,충돌,우루루,https://wsrv.nl/?w=400&output=jpg&bg=white&url=https%3A%2F%2Fraw.githubusercontent.com%2FJforPlay%2Fdata_for_toy%2Fmain%2Foutput_expressions%2F10300040%2Fpainting.png,없음,서기,정면,없음,금발,단색,갈색,없음
10300041,충돌,우루루 (칭송받는 자),https://wsrv.nl/?w=400&output=jpg&bg=white&url=https%3A%2F%2Fraw.githubusercontent.com%2FJforPlay%2Fdata_for_toy%2Fmain%2Foutput_expressions%2F10300041%2Fpainting.png,없음,서기,정면,없음,은발·백발,단색,갈색,없음
10300050,충돌,사라나,https://wsrv.nl/?w=400&output=jpg&bg=white&url=https%3A%2F%2Fraw.githubusercontent.com%2FJforPlay%2Fdata_for_toy%2Fmain%2Foutput_expressions%2F10300050%2Fpainting.png,없음,서기,정면,없음,금발,단색,갈색,없음
10300051,충돌,사라나 (칭송받는 자),https://wsrv.nl/?w=400&output=jpg&bg=white&url=https%3A%2F%2Fraw.githubusercontent.com%2FJforPlay%2Fdata_for_toy%2Fmain%2Foutput_expressions%2F10300051%2Fpainting.png,없음,서기,정면,없음,은발·백발,단색,갈색,없음
10500010,충돌,시라카미 후부키,https://wsrv.nl/?w=400&output=jpg&bg=white&url=https%3A%2F%2Fraw.githubusercontent.com%2FJforPlay%2Fdata_for_toy%2Fmain%2Foutput_expressions%2F10500010%2Fpainting.png,없음,서기,정면,없음,은발·백발,단색,녹색,동물귀
10500011,충돌,모래사장의 여우,https://wsrv.nl/?w=400&output=jpg&bg=white&url=https%3A%2F%2Fraw.githubusercontent.com%2FJforPlay%2Fdata_for_toy%2Fmain%2Foutput_expressions%2F10500011%2Fpainting.png,없음,앉기·무릎꿇기,정면,겨드랑이,은발·백발,단색,녹색,"동물귀, 꼬리"
10500020,충돌,토키노 소라,https://wsrv.nl/?w=400&output=jpg&bg=white&url=https%3A%2F%2Fraw.githubusercontent.com%2FJforPlay%2Fdata_for_toy%2Fmain%2Foutput_expressions%2F10500020%2Fpainting.png,없음,서기,정면,없음,갈색,단색,청색,없음
10500021,충돌,맑은 하늘의 여름,https://wsrv.nl/?w=400&output=jpg&bg=white&url=https%3A%2F%2Fraw.githubusercontent.com%2FJforPlay%2Fdata_for_toy%2Fmain%2Foutput_expressions%2F10500021%2Fpainting.png,없음,앉기·무릎꿇기,정면,겨드랑이,갈색,단색,보라,없음
10500030,충돌,미나토 아쿠아,https://wsrv.nl/?w=400&output=jpg&bg=white&url=https%3A%2F%2Fraw.githubusercontent.com%2FJforPlay%2Fdata_for_toy%2Fmain%2Foutput_expressions%2F10500030%2Fpainting.png,없음,앉기·무릎꿇기,후면,발바닥,보라,그라데이션,보라,없음
10500031,충돌,해변의 메이드,https://wsrv.nl/?w=400&output=jpg&bg=white&url=https%3A%2F%2Fraw.githubusercontent.com%2FJforPlay%2Fdata_for_toy%2Fmain%2Foutput_expressions%2F10500031%2Fpainting.png,없음,서기,정면,없음,보라,브릿지,보라,없음
10500050,충돌,나키리 아야메,https://wsrv.nl/?w=400&output=jpg&bg=white&url=https%3A%2F%2Fraw.githubusercontent.com%2FJforPlay%2Fdata_for_toy%2Fmain%2Foutput_expressions%2F10500050%2Fpainting.png,없음,서기,정면,없음,은발·백발,브릿지,적색,뿔
10500051,충돌,여름의 백귀,https://wsrv.nl/?w=400&output=jpg&bg=white&url=https%3A%2F%2Fraw.githubusercontent.com%2FJforPlay%2Fdata_for_toy%2Fmain%2Foutput_expressions%2F10500051%2Fpainting.png,없음,앉기·무릎꿇기,정면,발바닥,은발·백발,브릿지,보라,뿔
10500070,충돌,오오카미 미오,https://wsrv.nl/?w=400&output=jpg&bg=white&url=https%3A%2F%2Fraw.githubusercontent.com%2FJforPlay%2Fdata_for_toy%2Fmain%2Foutput_expressions%2F10500070%2Fpainting.png,없음,서기,정면,없음,흑발,그라데이션,금색,"동물귀, 꼬리"
10500071,충돌,Summer Vacance,https://wsrv.nl/?w=400&output=jpg&bg=white&url=https%3A%2F%2Fraw.githubusercontent.com%2FJforPlay%2Fdata_for_toy%2Fmain%2Foutput_expressions%2F10500071%2Fpainting.png,없음,앉기·무릎꿇기,정면,발바닥,흑발,브릿지,금색,"동물귀, 꼬리"
10600040,충돌,미사키,https://wsrv.nl/?w=400&output=jpg&bg=white&url=https%3A%2F%2Fraw.githubusercontent.com%2FJforPlay%2Fdata_for_toy%2Fmain%2Foutput_expressions%2F10600040%2Fpainting.png,없음,서기,정면,없음,갈색,단색,금색,없음
10600041,충돌,특별한 골든 세션,https://wsrv.nl/?w=400&output=jpg&bg=white&url=https%3A%2F%2Fraw.githubusercontent.com%2FJforPlay%2Fdata_for_toy%2Fmain%2Foutput_expressions%2F10600041%2Fpainting.png,없음,엎드리기,후면,발바닥,갈색,단색,갈색,없음
10600042,충돌,밤하늘에 피는 꽃,https://wsrv.nl/?w=400&output=jpg&bg=white&url=https%3A%2F%2Fraw.githubusercontent.com%2FJforPlay%2Fdata_for_toy%2Fmain%2Foutput_expressions%2F10600042%2Fpainting.png,없음,앉기·무릎꿇기,후면,발바닥,갈색,단색,갈색,없음
10600050,충돌,나기사,https://wsrv.nl/?w=400&output=jpg&bg=white&url=https%3A%2F%2Fraw.githubusercontent.com%2FJforPlay%2Fdata_for_toy%2Fmain%2Foutput_expressions%2F10600050%2Fpainting.png,없음,서기,정면,발바닥,흑발,단색,갈색,없음
10600051,충돌,푸른 하늘과 좋은 기분,https://wsrv.nl/?w=400&output=jpg&bg=white&url=https%3A%2F%2Fraw.githubusercontent.com%2FJforPlay%2Fdata_for_toy%2Fmain%2Foutput_expressions%2F10600051%2Fpainting.png,없음,서기,정면,없음,흑발,단색,금색,없음
10600060,충돌,뇨텐구,https://wsrv.nl/?w=400&output=jpg&bg=white&url=https%3A%2F%2Fraw.githubusercontent.com%2FJforPlay%2Fdata_for_toy%2Fmain%2Foutput_expressions%2F10600060%2Fpainting.png,없음,앉기·무릎꿇기,정면,없음,흑발,단색,보라,날개
10600061,충돌,붉게 물드는 온천 바캉스,https://wsrv.nl/?w=400&output=jpg&bg=white&url=https%3A%2F%2Fraw.githubusercontent.com%2FJforPlay%2Fdata_for_toy%2Fmain%2Foutput_expressions%2F10600061%2Fpainting.png,없음,눕기,정면,없음,흑발,단색,보라,없음
10600070,충돌,모니카,https://wsrv.nl/?w=400&output=jpg&bg=white&url=https%3A%2F%2Fraw.githubusercontent.com%2FJforPlay%2Fdata_for_toy%2Fmain%2Foutput_expressions%2F10600070%2Fpainting.png,없음,앉기·무릎꿇기,정면,없음,갈색,단색,은색·회색,동물귀
10600071,충돌,유별난 에이스 오브 하츠,https://wsrv.nl/?w=400&output=jpg&bg=white&url=https%3A%2F%2Fraw.githubusercontent.com%2FJforPlay%2Fdata_for_toy%2Fmain%2Foutput_expressions%2F10600071%2Fpainting.png,없음,앉기·무릎꿇기,정면,발바닥,갈색,단색,청색,없음
10600110,충돌,시즈쿠,https://wsrv.nl/?w=400&output=jpg&bg=white&url=https%3A%2F%2Fraw.githubusercontent.com%2FJforPlay%2Fdata_for_toy%2Fmain%2Foutput_expressions%2F10600110%2Fpainting.png,없음,서기,후면,없음,은발·백발,단색,보라,"동물귀, 꼬리"
10600111,충돌,물에서 노는 소녀,https://wsrv.nl/?w=400&output=jpg&bg=white&url=https%3A%2F%2Fraw.githubusercontent.com%2FJforPlay%2Fdata_for_toy%2Fmain%2Foutput_expressions%2F10600111%2Fpainting.png,없음,엎드리기,후면,발바닥,은발·백발,단색,분홍,"동물귀, 꼬리"
10600120,충돌,샌디,https://wsrv.nl/?w=400&output=jpg&bg=white&url=https%3A%2F%2Fraw.githubusercontent.com%2FJforPlay%2Fdata_for_toy%2Fmain%2Foutput_expressions%2F10600120%2Fpainting.png,없음,앉기·무릎꿇기,정면,없음,보라,브릿지,금색,없음
10600121,충돌,매혹적인 스페셜 드링크,https://wsrv.nl/?w=400&output=jpg&bg=white&url=https%3A%2F%2Fraw.githubusercontent.com%2FJforPlay%2Fdata_for_toy%2Fmain%2Foutput_expressions%2F10600121%2Fpainting.png,없음,엎드리기,후면,없음,흑발,브릿지,금색,없음
10600130,충돌,츠쿠시,https://wsrv.nl/?w=400&output=jpg&bg=white&url=https%3A%2F%2Fraw.githubusercontent.com%2FJforPlay%2Fdata_for_toy%2Fmain%2Foutput_expressions%2F10600130%2Fpainting.png,안경,앉기·무릎꿇기,후면,없음,갈색,그라데이션,갈색,없음
10600131,충돌,드림 머신,https://wsrv.nl/?w=400&output=jpg&bg=white&url=https%3A%2F%2Fraw.githubusercontent.com%2FJforPlay%2Fdata_for_toy%2Fmain%2Foutput_expressions%2F10600131%2Fpainting.png,안경,눕기,정면,발바닥,갈색,단색,갈색,없음
10600140,충돌,패티,https://wsrv.nl/?w=400&output=jpg&bg=white&url=https%3A%2F%2Fraw.githubusercontent.com%2FJforPlay%2Fdata_for_toy%2Fmain%2Foutput_expressions%2F10600140%2Fpainting.png,없음,서기,정면,없음,은발·백발,단색,청색,없음
10600141,충돌,복슬복슬 아일랜드,https://wsrv.nl/?w=400&output=jpg&bg=white&url=https%3A%2F%2Fraw.githubusercontent.com%2FJforPlay%2Fdata_for_toy%2Fmain%2Foutput_expressions%2F10600141%2Fpainting.png,없음,눕기,정면,발바닥,은발·백발,단색,청색,동물귀
10600150,충돌,유키노,https://wsrv.nl/?w=400&output=jpg&bg=white&url=https%3A%2F%2Fraw.githubusercontent.com%2FJforPlay%2Fdata_for_toy%2Fmain%2Foutput_expressions%2F10600150%2Fpainting.png,없음,서기,정면,없음,금발,브릿지,보라,없음
10600151,충돌,큐트 애니멀,https://wsrv.nl/?w=400&output=jpg&bg=white&url=https%3A%2F%2Fraw.githubusercontent.com%2FJforPlay%2Fdata_for_toy%2Fmain%2Foutput_expressions%2F10600151%2Fpainting.png,없음,서기,정면,겨드랑이,금발,브릿지,보라,"동물귀, 꼬리"
10700020,충돌,키사라기 치하야,https://wsrv.nl/?w=400&output=jpg&bg=white&url=https%3A%2F%2Fraw.githubusercontent.com%2FJforPlay%2Fdata_for_toy%2Fmain%2Foutput_expressions%2F10700020%2Fpainting.png,없음,서기,정면,없음,보라,단색,갈색,없음
10700021,충돌,천화의 거울,https://wsrv.nl/?w=400&output=jpg&bg=white&url=https%3A%2F%2Fraw.githubusercontent.com%2FJforPlay%2Fdata_for_toy%2Fmain%2Foutput_expressions%2F10700021%2Fpainting.png,없음,서기,정면,없음,청발,그라데이션,갈색,없음
10700030,충돌,미나세 이오리,https://wsrv.nl/?w=400&output=jpg&bg=white&url=https%3A%2F%2Fraw.githubusercontent.com%2FJforPlay%2Fdata_for_toy%2Fmain%2Foutput_expressions%2F10700030%2Fpainting.png,없음,서기,정면,없음,갈색,단색,적색,없음
10700031,충돌,비밀의 저녁,https://wsrv.nl/?w=400&output=jpg&bg=white&url=https%3A%2F%2Fraw.githubusercontent.com%2FJforPlay%2Fdata_for_toy%2Fmain%2Foutput_expressions%2F10700031%2Fpainting.png,없음,앉기·무릎꿇기,정면,없음,갈색,단색,갈색,없음
10700040,충돌,미우라 아즈사,https://wsrv.nl/?w=400&output=jpg&bg=white&url=https%3A%2F%2Fraw.githubusercontent.com%2FJforPlay%2Fdata_for_toy%2Fmain%2Foutput_expressions%2F10700040%2Fpainting.png,없음,서기,정면,없음,청발,단색,보라,없음
10700041,충돌,한여름의 휴식처,https://wsrv.nl/?w=400&output=jpg&bg=white&url=https%3A%2F%2Fraw.githubusercontent.com%2FJforPlay%2Fdata_for_toy%2Fmain%2Foutput_expressions%2F10700041%2Fpainting.png,없음,앉기·무릎꿇기,정면,없음,청발,단색,적색,없음
10800020,충돌,신죠 아카네,https://wsrv.nl/?w=400&output=jpg&bg=white&url=https%3A%2F%2Fraw.githubusercontent.com%2FJforPlay%2Fdata_for_toy%2Fmain%2Foutput_expressions%2F10800020%2Fpainting.png,없음,서기,정면,없음,은발·백발,단색,분홍,없음
10800021,충돌,둘만의 휴일,https://wsrv.nl/?w=400&output=jpg&bg=white&url=https%3A%2F%2Fraw.githubusercontent.com%2FJforPlay%2Fdata_for_toy%2Fmain%2Foutput_expressions%2F10800021%2Fpainting.png,없음,앉기·무릎꿇기,정면,발바닥,보라,단색,분홍,없음
10800022,충돌,시크릿 룸,https://wsrv.nl/?w=400&output=jpg&bg=white&url=https%3A%2F%2Fraw.githubusercontent.com%2FJforPlay%2Fdata_for_toy%2Fmain%2Foutput_expressions%2F10800022%2Fpainting.png,없음,엎드리기,후면,발바닥,보라,단색,분홍,없음
10800030,충돌,핫스,https://wsrv.nl/?w=400&output=jpg&bg=white&url=https%3A%2F%2Fraw.githubusercontent.com%2FJforPlay%2Fdata_for_toy%2Fmain%2Foutput_expressions%2F10800030%2Fpainting.png,없음,앉기·무릎꿇기,정면,없음,흑발,단색,녹색,없음
10800031,충돌,모항 인터뷰 방송 중!,https://wsrv.nl/?w=400&output=jpg&bg=white&url=https%3A%2F%2Fraw.githubusercontent.com%2FJforPlay%2Fdata_for_toy%2Fmain%2Foutput_expressions%2F10800031%2Fpainting.png,없음,서기,정면,없음,흑발,브릿지,청색,없음
10800040,충돌,나미코,https://wsrv.nl/?w=400&output=jpg&bg=white&url=https%3A%2F%2Fraw.githubusercontent.com%2FJforPlay%2Fdata_for_toy%2Fmain%2Foutput_expressions%2F10800040%2Fpainting.png,없음,서기,후면,없음,갈색,단색,청색,없음
10800041,충돌,거리의 만남,https://wsrv.nl/?w=400&output=jpg&bg=white&url=https%3A%2F%2Fraw.githubusercontent.com%2FJforPlay%2Fdata_for_toy%2Fmain%2Foutput_expressions%2F10800041%2Fpainting.png,없음,서기,정면,없음,흑발,단색,청색,없음
10800050,충돌,미나미 유메,https://wsrv.nl/?w=400&output=jpg&bg=white&url=https%3A%2F%2Fraw.githubusercontent.com%2FJforPlay%2Fdata_for_toy%2Fmain%2Foutput_expressions%2F10800050%2Fpainting.png,없음,서기,정면,없음,금발,단색,녹색,없음
10800051,충돌,창가에 열리는 꿈,https://wsrv.nl/?w=400&output=jpg&bg=white&url=https%3A%2F%2Fraw.githubusercontent.com%2FJforPlay%2Fdata_for_toy%2Fmain%2Foutput_expressions%2F10800051%2Fpainting.png,없음,눕기,정면,발바닥,금발,단색,녹색,없음
10800052,충돌,모닝 루틴,https://wsrv.nl/?w=400&output=jpg&bg=white&url=https%3A%2F%2Fraw.githubusercontent.com%2FJforPlay%2Fdata_for_toy%2Fmain%2Foutput_expressions%2F10800052%2Fpainting.png,없음,서기,정면,없음,금발,그라데이션,녹색,없음
10800070,충돌,무지나,https://wsrv.nl/?w=400&output=jpg&bg=white&url=https%3A%2F%2Fraw.githubusercontent.com%2FJforPlay%2Fdata_for_toy%2Fmain%2Foutput_expressions%2F10800070%2Fpainting.png,없음,서기,정면,없음,은발·백발,단색,청색,없음
10800071,충돌,황금빛 산책길,https://wsrv.nl/?w=400&output=jpg&bg=white&url=https%3A%2F%2Fraw.githubusercontent.com%2FJforPlay%2Fdata_for_toy%2Fmain%2Foutput_expressions%2F10800071%2Fpainting.png,없음,서기,후면,없음,분홍,단색,청색,없음
10800090,충돌,공주,https://wsrv.nl/?w=400&output=jpg&bg=white&url=https%3A%2F%2Fraw.githubusercontent.com%2FJforPlay%2Fdata_for_toy%2Fmain%2Foutput_expressions%2F10800090%2Fpainting.png,없음,서기,후면,없음,보라,단색,청색,없음
10800091,충돌,나이트캡 타임,https://wsrv.nl/?w=400&output=jpg&bg=white&url=https%3A%2F%2Fraw.githubusercontent.com%2FJforPlay%2Fdata_for_toy%2Fmain%2Foutput_expressions%2F10800091%2Fpainting.png,없음,앉기·무릎꿇기,정면,발바닥,흑발,단색,청색,없음
10900030,충돌,파트리샤 아벨하임,https://wsrv.nl/?w=400&output=jpg&bg=white&url=https%3A%2F%2Fraw.githubusercontent.com%2FJforPlay%2Fdata_for_toy%2Fmain%2Foutput_expressions%2F10900030%2Fpainting.png,없음,서기,후면,발바닥,은발·백발,그라데이션,청색,없음
10900031,충돌,꿈과 현실의 휴식 시간,https://wsrv.nl/?w=400&output=jpg&bg=white&url=https%3A%2F%2Fraw.githubusercontent.com%2FJforPlay%2Fdata_for_toy%2Fmain%2Foutput_expressions%2F10900031%2Fpainting.png,없음,앉기·무릎꿇기,후면,발바닥,보라,단색,청색,없음
10900040,충돌,릴라 디자이어스,https://wsrv.nl/?w=400&output=jpg&bg=white&url=https%3A%2F%2Fraw.githubusercontent.com%2FJforPlay%2Fdata_for_toy%2Fmain%2Foutput_expressions%2F10900040%2Fpainting.png,없음,서기,정면,없음,은발·백발,단색,보라,없음
10900041,충돌,월하의 만남,https://wsrv.nl/?w=400&output=jpg&bg=white&url=https%3A%2F%2Fraw.githubusercontent.com%2FJforPlay%2Fdata_for_toy%2Fmain%2Foutput_expressions%2F10900041%2Fpainting.png,없음,서기,정면,없음,은발·백발,단색,오드아이,없음
10900050,충돌,세리 글로스,https://wsrv.nl/?w=400&output=jpg&bg=white&url=https%3A%2F%2Fraw.githubusercontent.com%2FJforPlay%2Fdata_for_toy%2Fmain%2Foutput_expressions%2F10900050%2Fpainting.png,없음,서기,정면,없음,은발·백발,단색,녹색,없음
10900051,충돌,별이 빛나는 밤의 요정,https://wsrv.nl/?w=400&output=jpg&bg=white&url=https%3A%2F%2Fraw.githubusercontent.com%2FJforPlay%2Fdata_for_toy%2Fmain%2Foutput_expressions%2F10900051%2Fpainting.png,없음,앉기·무릎꿇기,정면,없음,은발·백발,단색,오드아이,없음
10900060,충돌,칼라 이데아스,https://wsrv.nl/?w=400&output=jpg&bg=white&url=https%3A%2F%2Fraw.githubusercontent.com%2FJforPlay%2Fdata_for_toy%2Fmain%2Foutput_expressions%2F10900060%2Fpainting.png,없음,서기,정면,없음,은발·백발,단색,금색,없음
10900061,충돌,장로 셰프,https://wsrv.nl/?w=400&output=jpg&bg=white&url=https%3A%2F%2Fraw.githubusercontent.com%2FJforPlay%2Fdata_for_toy%2Fmain%2Foutput_expressions%2F10900061%2Fpainting.png,없음,서기,정면,겨드랑이,은발·백발,단색,오드아이,없음
11000020,충돌,이카루가,https://wsrv.nl/?w=400&output=jpg&bg=white&url=https%3A%2F%2Fraw.githubusercontent.com%2FJforPlay%2Fdata_for_toy%2Fmain%2Foutput_expressions%2F11000020%2Fpainting.png,없음,서기,정면,없음,흑발,단색,청색,없음
11000021,충돌,잠시 동안의 평안,https://wsrv.nl/?w=400&output=jpg&bg=white&url=https%3A%2F%2Fraw.githubusercontent.com%2FJforPlay%2Fdata_for_toy%2Fmain%2Foutput_expressions%2F11000021%2Fpainting.png,없음,앉기·무릎꿇기,정면,없음,흑발,단색,녹색,없음
11000030,충돌,호무라,https://wsrv.nl/?w=400&output=jpg&bg=white&url=https%3A%2F%2Fraw.githubusercontent.com%2FJforPlay%2Fdata_for_toy%2Fmain%2Foutput_expressions%2F11000030%2Fpainting.png,없음,서기,정면,없음,흑발,단색,녹색,없음
11000031,충돌,시노비 앵글러,https://wsrv.nl/?w=400&output=jpg&bg=white&url=https%3A%2F%2Fraw.githubusercontent.com%2FJforPlay%2Fdata_for_toy%2Fmain%2Foutput_expressions%2F11000031%2Fpainting.png,없음,앉기·무릎꿇기,정면,겨드랑이,흑발,단색,청색,없음
11000050,충돌,후부키(콜라보),https://wsrv.nl/?w=400&output=jpg&bg=white&url=https%3A%2F%2Fraw.githubusercontent.com%2FJforPlay%2Fdata_for_toy%2Fmain%2Foutput_expressions%2F11000050%2Fpainting.png,없음,서기,정면,없음,흑발,단색,보라,없음
11000051,충돌,선셋 위치,https://wsrv.nl/?w=400&output=jpg&bg=white&url=https%3A%2F%2Fraw.githubusercontent.com%2FJforPlay%2Fdata_for_toy%2Fmain%2Foutput_expressions%2F11000051%2Fpainting.png,없음,서기,정면,발바닥,갈색,단색,은색·회색,없음
11000070,충돌,유우야키,https://wsrv.nl/?w=400&output=jpg&bg=white&url=https%3A%2F%2Fraw.githubusercontent.com%2FJforPlay%2Fdata_for_toy%2Fmain%2Foutput_expressions%2F11000070%2Fpainting.png,없음,앉기·무릎꿇기,후면,없음,은발·백발,단색,청색,날개
11000071,충돌,블루 스카이 라군,https://wsrv.nl/?w=400&output=jpg&bg=white&url=https%3A%2F%2Fraw.githubusercontent.com%2FJforPlay%2Fdata_for_toy%2Fmain%2Foutput_expressions%2F11000071%2Fpainting.png,없음,서기,정면,없음,은발·백발,단색,청색,없음
11100010,충돌,라라 사타린 데빌룩,https://wsrv.nl/?w=400&output=jpg&bg=white&url=https%3A%2F%2Fraw.githubusercontent.com%2FJforPlay%2Fdata_for_toy%2Fmain%2Foutput_expressions%2F11100010%2Fpainting.png,없음,서기,정면,없음,분홍,단색,녹색,"꼬리, 날개"
11100011,충돌,사로잡힌 공주님,https://wsrv.nl/?w=400&output=jpg&bg=white&url=https%3A%2F%2Fraw.githubusercontent.com%2FJforPlay%2Fdata_for_toy%2Fmain%2Foutput_expressions%2F11100011%2Fpainting.png,없음,앉기·무릎꿇기,정면,발바닥,분홍,단색,녹색,꼬리
11100020,충돌,나나 아스타 데빌룩,https://wsrv.nl/?w=400&output=jpg&bg=white&url=https%3A%2F%2Fraw.githubusercontent.com%2FJforPlay%2Fdata_for_toy%2Fmain%2Foutput_expressions%2F11100020%2Fpainting.png,없음,서기,정면,없음,분홍,단색,보라,"날개, 꼬리"
11100021,충돌,게임 타임!,https://wsrv.nl/?w=400&output=jpg&bg=white&url=https%3A%2F%2Fraw.githubusercontent.com%2FJforPlay%2Fdata_for_toy%2Fmain%2Foutput_expressions%2F11100021%2Fpainting.png,없음,서기,후면,발바닥,분홍,단색,보라,꼬리
11100060,충돌,코테가와 유이,https://wsrv.nl/?w=400&output=jpg&bg=white&url=https%3A%2F%2Fraw.githubusercontent.com%2FJforPlay%2Fdata_for_toy%2Fmain%2Foutput_expressions%2F11100060%2Fpainting.png,없음,서기,정면,없음,흑발,단색,갈색,없음
11100061,충돌,선도부원의 휴일,https://wsrv.nl/?w=400&output=jpg&bg=white&url=https%3A%2F%2Fraw.githubusercontent.com%2FJforPlay%2Fdata_for_toy%2Fmain%2Foutput_expressions%2F11100061%2Fpainting.png,없음,앉기·무릎꿇기,정면,없음,갈색,단색,갈색,없음
11300010,충돌,유미아 리스펠트,https://wsrv.nl/?w=400&output=jpg&bg=white&url=https%3A%2F%2Fraw.githubusercontent.com%2FJforPlay%2Fdata_for_toy%2Fmain%2Foutput_expressions%2F11300010%2Fpainting.png,없음,서기,후면,없음,갈색,브릿지,보라,없음
11300011,충돌,우리집 파티시에 씨,https://wsrv.nl/?w=400&output=jpg&bg=white&url=https%3A%2F%2Fraw.githubusercontent.com%2FJforPlay%2Fdata_for_toy%2Fmain%2Foutput_expressions%2F11300011%2Fpainting.png,없음,서기,후면,없음,갈색,단색,보라,없음
11300020,충돌,아일라 폰 뒤러,https://wsrv.nl/?w=400&output=jpg&bg=white&url=https%3A%2F%2Fraw.githubusercontent.com%2FJforPlay%2Fdata_for_toy%2Fmain%2Foutput_expressions%2F11300020%2Fpainting.png,없음,서기,정면,발바닥,갈색,단색,녹색,없음
11300021,충돌,휴일의 아웃도어 스타일,https://wsrv.nl/?w=400&output=jpg&bg=white&url=https%3A%2F%2Fraw.githubusercontent.com%2FJforPlay%2Fdata_for_toy%2Fmain%2Foutput_expressions%2F11300021%2Fpainting.png,없음,서기,정면,겨드랑이,분홍,단색,녹색,없음
11300030,충돌,니나 프리드,https://wsrv.nl/?w=400&output=jpg&bg=white&url=https%3A%2F%2Fraw.githubusercontent.com%2FJforPlay%2Fdata_for_toy%2Fmain%2Foutput_expressions%2F11300030%2Fpainting.png,없음,서기,정면,없음,금발,단색,보라,없음
11300031,충돌,Cafe & Diner Mode,https://wsrv.nl/?w=400&output=jpg&bg=white&url=https%3A%2F%2Fraw.githubusercontent.com%2FJforPlay%2Fdata_for_toy%2Fmain%2Foutput_expressions%2F11300031%2Fpainting.png,없음,앉기·무릎꿇기,정면,없음,금발,단색,분홍,없음
11300040,충돌,레이냐,https://wsrv.nl/?w=400&output=jpg&bg=white&url=https%3A%2F%2Fraw.githubusercontent.com%2FJforPlay%2Fdata_for_toy%2Fmain%2Foutput_expressions%2F11300040%2Fpainting.png,없음,서기,정면,없음,청발,단색,적색,동물귀
11300041,충돌,서머 베케이션,https://wsrv.nl/?w=400&output=jpg&bg=white&url=https%3A%2F%2Fraw.githubusercontent.com%2FJforPlay%2Fdata_for_toy%2Fmain%2Foutput_expressions%2F11300041%2Fpainting.png,고글,앉기·무릎꿇기,정면,발바닥,청발,단색,적색,"동물귀, 꼬리"
11400010,충돌,헤스티아,https://wsrv.nl/?w=400&output=jpg&bg=white&url=https%3A%2F%2Fraw.githubusercontent.com%2FJforPlay%2Fdata_for_toy%2Fmain%2Foutput_expressions%2F11400010%2Fpainting.png,없음,눕기,정면,발바닥,흑발,단색,청색,없음
11400011,충돌,갓 배케이션!,https://wsrv.nl/?w=400&output=jpg&bg=white&url=https%3A%2F%2Fraw.githubusercontent.com%2FJforPlay%2Fdata_for_toy%2Fmain%2Foutput_expressions%2F11400011%2Fpainting.png,고글,앉기·무릎꿇기,정면,겨드랑이,흑발,단색,보라,없음
11500010,충돌,야토가미 토카,https://wsrv.nl/?w=400&output=jpg&bg=white&url=https%3A%2F%2Fraw.githubusercontent.com%2FJforPlay%2Fdata_for_toy%2Fmain%2Foutput_expressions%2F11500010%2Fpainting.png,없음,서기,정면,없음,보라,그라데이션,보라,없음
11500011,충돌,브레이크 타임,https://wsrv.nl/?w=400&output=jpg&bg=white&url=https%3A%2F%2Fraw.githubusercontent.com%2FJforPlay%2Fdata_for_toy%2Fmain%2Foutput_expressions%2F11500011%2Fpainting.png,없음,앉기·무릎꿇기,정면,없음,보라,단색,보라,동물귀
11500060,충돌,야마이 카구야 · 야마이 유즈루,https://wsrv.nl/?w=400&output=jpg&bg=white&url=https%3A%2F%2Fraw.githubusercontent.com%2FJforPlay%2Fdata_for_toy%2Fmain%2Foutput_expressions%2F11500060%2Fpainting.png,없음,서기,정면,없음,금발,단색,은색·회색,없음
11500061,충돌,블루 오션 랑데부,https://wsrv.nl/?w=400&output=jpg&bg=white&url=https%3A%2F%2Fraw.githubusercontent.com%2FJforPlay%2Fdata_for_toy%2Fmain%2Foutput_expressions%2F11500061%2Fpainting.png,없음,서기,후면,발바닥,금발,단색,청색,없음
11700010,충돌,A2,https://wsrv.nl/?w=400&output=jpg&bg=white&url=https%3A%2F%2Fraw.githubusercontent.com%2FJforPlay%2Fdata_for_toy%2Fmain%2Foutput_expressions%2F11700010%2Fpainting.png,없음,앉기·무릎꿇기,정면,없음,은발·백발,단색,은색·회색,없음
11700011,충돌,금단의 과실,https://wsrv.nl/?w=400&output=jpg&bg=white&url=https%3A%2F%2Fraw.githubusercontent.com%2FJforPlay%2Fdata_for_toy%2Fmain%2Foutput_expressions%2F11700011%2Fpainting.png,없음,엎드리기,후면,없음,은발·백발,단색,청색,없음
